Address,Detail_URL,ID,Monthly Rent,Move In Date,Move Out Date,Lease Term,Short Lease Term,Sublease Permitted,Security Deposit,Property Owner,Property Type,"Location
                                            Sector",Level,City,Bedrooms,Bathrooms,Max Occupancy,Wheel Chair Access,Basement,Laundry,Parking,Number of Parking Spaces,Off-street Parking,Off-street Monthly,Off-street Yearly,On-street Parking,On-street Permit Required,Garage Parking,Garage Monthly,Garage Yearly,Furnished,Fireplace,Air Conditioning,Dishwasher,Stove,Refrigerator,Security System,Backyard,Deck Or Porch,Other Amenities,Pet Deposit,Additional Pet Rent,Additional Dog Rent,Additional Cat Rent,Pets Allowed,Dogs Allowed,Cats Allowed,Pet Deposit Refundable,Water Included,Electric Included,Gas Included,Name,Phone
2060 North High Street Sublet (Sublet),https://offcampus.osu.edu/search-housing.aspx?property=7355&pricefrom=0&sort=1&alllandlords=0&sublet=true,00001CBB,$900.00,5/1/2026,8/2/2026,FLEXIBLE,No,Yes,$175,Inn-Town Homes and Apartments,Studio/Efficiency,University District: Northeast,Ground Level,"Columbus, OH",1,"1 full, 0 half",2,Yes,No,Laundry facilities in the building,Yes,0,Yes,n/a,n/a,No,,No,n/a,n/a,Yes,No,Central A/C,No,No,Yes,No,No,No,,$0,$0,$0,$0,No,No,No,No,Yes,Yes,Yes,,
399 East 13th  Avenue,https://offcampus.osu.edu/search-housing.aspx?property=20227&pricefrom=0&sort=1&alllandlords=0,00004F03,$440.00 - $550.00,02-01-2026,08-14-2026,6.5 months,Yes,Yes,$one month's rent,Junxia Xie,Half Double,University District: Central,Above Ground,"Columbus, OH",5,"1 full, 0 half",5,No,Yes,Laundry facilities in the building,Yes,5,Yes,n/a,n/a,Yes,,No,n/a,n/a,No,No,Central A/C,Yes,Yes,Yes,Yes,Yes,Yes,Single room available in this 5-bedroom unit for Fall semester 2026.   A group of 5 is more favorable for school calendar year of 2026-2027,$300,$40,$40,$40,Yes,No,Yes,Yes,No,No,No,,
2233 Neil  Avenue Unit I,https://offcampus.osu.edu/search-housing.aspx?property=17341&pricefrom=0&sort=1&alllandlords=0,000043BD,$450.00 - $600.00,08-16-2026,08-09-2027,12 Months,No,No,$one month's rent,"OSU Apartments & Rentals, Inc.",House,University District: Northwest,Above Ground,"Columbus, OH",1,"1 full, 0 half",1,No,No,Laundry facilities in the unit,Yes,0,No,n/a,n/a,Yes,,No,n/a,n/a,No,Yes,Window A/C,Yes,Yes,Yes,Yes,Yes,Yes,"This is a beautiful house, one block from OSU's north campus.  Nearby amenities include a park, tennis courts, and shopping.  The house also boasts two fireplaces, bay windows, and sun room.  Flooring includes:  wooden floors in the kitchen, marble floors in the bathroom, and carpeting throughout the bedrooms.   

Washer / dryer and dishwasher included. Local area network, satellite dish, high speed internet access, and security system are also available/pre-wired but not included in rent. 

This house also includes a large fenced-in backyard with picnic table.  

Permit parking area; on-street parking available.",$$0,$0,$0,$0,No,No,No,Yes,No,No,No,,
"Box 65Columbus, OH 43216",https://offcampus.osu.edu/search-housing.aspx?property=20887&pricefrom=0&sort=1&alllandlords=0,00005197,$450.00,08-16-2026,08-09-2027,"August 16, 2026 - August 9, 2027",No,No,$one month's rent,"OSU Apartments & Rentals, Inc.",Rooming House,University District: Northwest,Above Ground,"Columbus, OH",1,"1 full, 0 half",1,No,No,Laundry facilities in the unit,Yes,0,No,n/a,n/a,Yes,,No,n/a,n/a,No,Yes,Central A/C,Yes,Yes,Yes,Yes,Yes,Yes,"This is a beautiful house, one block from OSU's north campus.  Nearby amenities include a park, tennis courts, and shopping.  The house also boasts two fireplaces, bay windows, and sun room.  Flooring includes:  wooden floors in the kitchen, marble floors in the bathroom, and carpeting throughout the bedrooms.   

Washer / dryer and dishwasher included. Local area network, satellite dish, high speed internet access, and security system are also available/pre-wired but not included in rent. 

This house also includes a large fenced-in backyard with picnic table.  

Permit parking area; on-street parking available.   Please call to reserve your viewing time today!",$0,$0,$0,$0,No,No,No,No,No,No,No,V. Frank,614-300-5336
"1299 Neil AveColumbus, OH 43201",https://offcampus.osu.edu/search-housing.aspx?property=21686&pricefrom=0&sort=1&alllandlords=0,000054B6,$460.00 - $480.00,08-05-2026,08-04-2027,12 months +,No,Yes,$One month rent,BRE LLC,Duplex/Town House,University District: Central,Above Ground,"Columbus, OH",4,"1 full, 0 half",1,No,Yes,Laundry facilities in the unit,Yes,4,No,n/a,n/a,Yes,,No,n/a,n/a,No,No,Central A/C,No,Yes,Yes,No,Yes,Yes,,$0,$0,$0,$0,No,No,No,No,No,No,No,Susan Zhang,614-285-8088
"1299 Neil AveColumbus, OH 43201",https://offcampus.osu.edu/search-housing.aspx?property=21062&pricefrom=0&sort=1&alllandlords=0,00005246,$460.00 - $520.00,07-20-2026,08-10-2027,One year or longer,No,Yes,$One month rent,BRE LLC,Duplex/Town House,University District: Central,Above Ground,"Columbus, OH",4,"1 full, 0 half",5,No,Yes,Laundry facilities in the unit,Yes,4,No,n/a,n/a,Yes,,No,n/a,n/a,Yes,No,Central A/C,No,Yes,Yes,No,Yes,Yes,,$0,$0,$0,$0,No,No,No,No,No,No,No,Susan Zhang,614-285-8088
395 East 14th Avenue,https://offcampus.osu.edu/search-housing.aspx?property=20905&pricefrom=0&sort=1&alllandlords=0,000051A9,$470.00 - $510.00,05-01-2026,07-31-2026,3 months,Yes,Yes,$1 month,Junxia Xie,House,University District: Central,Above Ground,"Columbus, OH",6,"2 full, 0 half",6,No,Yes,Laundry facilities in the building,Yes,4,Yes,n/a,n/a,Yes,,No,n/a,n/a,No,No,Central A/C,Yes,Yes,Yes,No,Yes,Yes,This house is lived by OSU female students at their early 20s and the current tenants prefer female students of their similar age,$300,$40,$40,$40,Yes,Yes,No,Yes,No,No,No,,
1695 North Fourth Street (Single Room),https://offcampus.osu.edu/search-housing.aspx?property=18250&pricefrom=0&sort=1&alllandlords=0,0000474A,$470.00 - $510.00,08-17-2026,08-10-2027,one year,Yes,Yes,$one month's rent,Junxia Xie,House,University District: Central,Above Ground,"Columbus, OH",6,"3 full, 0 half",7,No,Yes,Laundry facilities in the unit,Yes,5,Yes,n/a,n/a,Yes,,Yes,$40,$480,Yes,No,Central A/C,Yes,Yes,Yes,No,Yes,Yes,"Renting per room.  Multiple bedrooms available in this 6-bedroom newly renovated home. Newly remodeled interior,  New central Air conditioning and Furnace system, installed  two years ago,  New Appliances, New flooring, walking distance to campus. Nice backyard with Fence.",$300,$30,$30,$30,Yes,Yes,Yes,Yes,No,No,No,,
388 East 17th Avenue,https://offcampus.osu.edu/search-housing.aspx?property=20351&pricefrom=0&sort=1&alllandlords=0,00004F7F,"$480.00 - $1,920.00",08-09-2026,07-31-2027,12 months,No,Yes,$1920,D&D Columbus Properties,Half Double,University District: Central,Above Ground,"Columbus, OH",4,"2 full, 0 half",6,No,Yes,Laundry facilities in the unit,Yes,4,Yes,n/a,n/a,Yes,,No,n/a,n/a,No,Yes,Central A/C,Yes,Yes,Yes,Yes,Yes,Yes,Free parking,$350,$0,$0,$0,Yes,Yes,Yes,No,No,No,No,,
347 East 12th Avenue,https://offcampus.osu.edu/search-housing.aspx?property=11821&pricefrom=0&sort=1&alllandlords=0,00002E2D,"$480.00 - $2,400.00",08-15-2026,7/31/2027,12 month,No,Yes,$2400,Easton O Properties,House,University District: Central,Ground Level,"Columbus, OH",5,"2 full, 1 half",5,No,Yes,Laundry facilities in the unit,Yes,2,Yes,n/a,n/a,Yes,No,No,n/a,n/a,No,No,Central A/C,Yes,Yes,Yes,Yes,Yes,Yes,"This is a very large house with 2 1/2 bathrooms, large kitchen, ....huge bedrooms with tall ceilings and oversized living areas.",$300,$50,$50,$50,No,No,No,No,No,No,No,,
1441  Hamlet Street,https://offcampus.osu.edu/search-housing.aspx?property=20283&pricefrom=0&sort=1&alllandlords=0,00004F3B,$490.00 - $780.00,05-01-2026,07-31-2027,3 months,Yes,Yes,$one month rent,Junxia Xie,House,University District: Central,Above Ground,"Columbus, OH",6,"2 full, 1 half",7,No,Yes,Laundry facilities in the unit,Yes,4,Yes,n/a,n/a,Yes,,No,n/a,n/a,No,No,Central A/C,Yes,Yes,Yes,No,Yes,Yes,"Single room available in a spacious 6 bedroom house available for 2027 Calendar year, there is a master bedroom with a private bathroom, a group of 6-7 is preferred.",$300,$40,$40,$40,Yes,Yes,Yes,Yes,No,No,No,,
180 East 12th Avenue Unit D,https://offcampus.osu.edu/search-housing.aspx?property=15835&pricefrom=0&sort=1&alllandlords=0,00003DDB,"$495.00 - $1,980.00",08-23-2026,08-05-2027,12 month,No,Yes,$1980,Cooper Properties,Apartment,University District: Southeast,Above Ground,"Columbus, OH",4,"1 full, 0 half",4,No,No,Laundry facilities in the unit,Yes,2,Yes,n/a,n/a,Yes,,No,n/a,n/a,No,No,Central A/C,Yes,Yes,Yes,No,No,Yes,"Nice units, newer construction.  Central air conditioning, washer and dryer in unit, dishwasher, free off street parking (2 spots).  Video tours of all our properties are available at www.cooper-properties.com.  For more information please email manager@cooper-properties.com or call (614) 961-0056.

Explore Our Property at 180 E 12th Ave - Follow the Link below to Check it Out: 
https://cooper-properties.com/properties/180-e-12th-ave/",$0,$0,$0,$0,No,No,No,No,No,No,No,,
119 Chittenden Avenue Unit C,https://offcampus.osu.edu/search-housing.aspx?property=14865&pricefrom=0&sort=1&alllandlords=0,00003A11,"$500.00 - $2,000.00",01/15/2026,07/30/2026,6 Months,No,No,$500 to 2000,"Campus Living, LLC",Apartment,University District: Southeast,Ground Level,"Columbus, OH",4,"2 full, 0 half",4,No,No,Laundry facilities in the building,Yes,2,Yes,n/a,$500.00,Yes,No,No,n/a,n/a,No,No,Central A/C,Yes,Yes,Yes,Yes,No,No,"New Kitchen and Carpet. Two Full Baths, Central Air, Off-Street Parking, Laundry, Security, and more... Call Ron for an Appointment 614-205-4343",$300,$70,$70,$70,No,No,No,No,No,No,No,,
119 Chittenden Avenue Unit B,https://offcampus.osu.edu/search-housing.aspx?property=18530&pricefrom=0&sort=1&alllandlords=0,00004862,"$500.00 - $2,000.00",01-15-2026,07-30-2026,6 Months,No,Yes,$500-2000,"Campus Living, LLC",Apartment,University District: Southeast,Ground Level,"Columbus, OH",4,"2 full, 0 half",4,No,No,Laundry facilities in the building,Yes,2,Yes,$N/A,$450.00,Yes,,No,$n/a,$n/a,No,No,Central A/C,Yes,Yes,Yes,Yes,No,No,"Half Block from Gateway. Two Full Baths, Central Air, Off-Street Parking, Laundry, Security, and more... Call Ron for an Appointment. 614-205-4343",$300,$70,$0,$0,No,No,No,No,No,No,No,,
390 East 17th Avenue,https://offcampus.osu.edu/search-housing.aspx?property=20357&pricefrom=0&sort=1&alllandlords=0,00004F85,"$500.00 - $2,000.00",08-09-2026,07-31-2027,12 months,No,Yes,$2000,D&D Columbus Properties,Duplex/Town House,University District: Central,Above Ground,"Columbus, OH",4,"1 full, 0 half",8,No,Yes,Laundry facilities in the building,Yes,5,Yes,$$0,$$0,Yes,,No,n/a,n/a,No,Yes,Central A/C,Yes,Yes,Yes,Yes,Yes,Yes,Central alarm system,$350,$0,$0,$0,Yes,Yes,Yes,Yes,No,No,No,,
111 East Norwich Avenue Unit C,https://offcampus.osu.edu/search-housing.aspx?property=12263&pricefrom=0&sort=1&alllandlords=0,00002FE7,"$500.00 - $2,000.00",08-23-2026,08-05-2027,12 Mo.,No,Yes,$2000,Cooper Properties,Apartment,University District: Northeast,Above Ground,"Columbus, OH",4,"1 full, 0 half",4,No,No,Laundry facilities in the unit,Yes,2,Yes,n/a,n/a,Yes,Yes,No,n/a,n/a,No,No,Central A/C,Yes,Yes,Yes,No,No,No,"Nice apartments in a great location, free washer and dryer in the unit, dishwasher, central air conditioning, free off street parking. Video tours of all our properties are available at www.cooper-properties.com.  For more information please email manager@cooper-properties.com or call (614) 961-0056.

Explore Our Property at 111 E. Norwich Ave - Follow the Link below to Check it Out: 
https://cooper-properties.com/properties/111-e-norwich-ave/",$0,$0,$0,$0,No,No,No,No,No,No,No,,
"10065 Juliana CirclePowell, OH 43065",https://offcampus.osu.edu/search-housing.aspx?property=21065&pricefrom=0&sort=1&alllandlords=0,00005249,"$500.00 - $2,000.00",08-16-2026,07-30-2027,12 months,No,Yes,$500-2000,"Campus Living, LLC",Apartment,University District: Southeast,Above Ground,"Columbus, OH",4,"2 full, 0 half",1,No,No,Laundry facilities in the building,Yes,0,Yes,n/a,$450,Yes,,No,n/a,n/a,No,No,Central A/C,Yes,Yes,Yes,No,No,Yes,"Renovated Kitchen, Two Full Baths, Central Air, Off-Street Parking, Laundry, Security, and more... Call Ron for an Appointment 614-205-4343",$300,$70,$70,$70,No,No,No,No,No,No,No,Ron Benit,614-205-4343
119 Chittenden Avenue Unit E,https://offcampus.osu.edu/search-housing.aspx?property=20734&pricefrom=0&sort=1&alllandlords=0,000050FE,"$500.00 - $2,000.00",08-16-2026,07-30-2027,12 months,No,Yes,$500-2000,"Campus Living, LLC",Condominium,University District: Southeast,Above Ground,"Columbus, OH",4,"2 full, 0 half",4,No,No,Laundry facilities in the building,Yes,2,Yes,n/a,$400,Yes,,No,n/a,n/a,No,No,Central A/C,Yes,Yes,Yes,Yes,No,Yes,"New Kitchen and Carpet. Two Full Baths, Central Air, Off-Street Parking, Laundry, Security, and more... Call Ron for an Appointment 614-205-4343",$300,$70,$70,$70,No,No,No,No,No,No,No,,
"PO Box 20098Columbus, OH 43220",https://offcampus.osu.edu/search-housing.aspx?property=18515&pricefrom=0&sort=1&alllandlords=0,00004853,"$525.00 - $1,575.00",8/15/2026,07/31/2027,12 Months,No,Yes,$One Month Rent,Venice Properties,Duplex/Town House,University District: Central,Above Ground,"Columbus, OH",3,"2 full, 0 half",4,No,Yes,Laundry Hookup,Yes,3,Yes,n/a,$200,Yes,,No,n/a,n/a,No,No,Central A/C,Yes,Yes,Yes,No,No,Yes,"**To view a virtual tour of this home please visit https://youriguide.com/1655N4th

1655 North 4th Street are 3 bedroom and 2 bath, beautifully renovated townhomes. The remodeled kitchens have custom ceramic tile floors, white cabinets, and all appliances (dishwasher, refrigerator, stove, and garbage disposal). Every basement has its own bedroom, full bath, and even a laundry room! Complete with central air, refinished hardwood floors, huge bedrooms, washer and dryer hookups, and off street parking, our townhomes feature plenty enough live-in space for 3 roommates, and enough off-street parking space for 3 cars. This home is only one block away from the Columbus Police Campus Substation and a CABS/COTA bus stop.

To view a virtual tour of this home please visit https://youtu.be/rR0hwX6PZ2Q",$N/A,$0,$0,$0,No,No,No,No,No,No,No,Anna Dauer,614-226-6841
"PO Box 20098Columbus, OH 43220",https://offcampus.osu.edu/search-housing.aspx?property=18520&pricefrom=0&sort=1&alllandlords=0,00004858,"$525.00 - $1,575.00",8/15/2026,07/31/2027,12 Months,No,Yes,$One Month Rent,Venice Properties,Duplex/Town House,University District: Central,Above Ground,"Columbus, OH",3,"2 full, 0 half",4,No,Yes,Laundry Hookup,Yes,3,Yes,n/a,$200,Yes,,No,n/a,n/a,No,No,Central A/C,Yes,Yes,Yes,No,No,Yes,"1659 North 4th Street are 3 bedroom and 2 bath, beautifully renovated townhomes. The remodeled kitchens have custom ceramic tile floors, white cabinets, and all appliances (dishwasher, refrigerator, stove, and garbage disposal). Every basement has its own bedroom, full bath, and even a laundry room! Complete with central air, refinished hardwood floors, huge bedrooms, washer and dryer hookups, and off street parking, our townhomes feature plenty enough live-in space for 3 roommates, and enough off-street parking space for 3 cars. This home is only one block away from the Columbus Police Campus Substation and a CABS/COTA bus stop.

To view a virtual tour of this home please visit https://youtu.be/rR0hwX6PZ2Q",$N/A,$0,$0,$0,No,No,No,No,No,No,No,Anna Dauer,614-226-6841
"PO Box 20098Columbus, OH 43220",https://offcampus.osu.edu/search-housing.aspx?property=18519&pricefrom=0&sort=1&alllandlords=0,00004857,"$525.00 - $1,575.00",8/15/2026,07/31/2027,12 Months,No,Yes,$One Month Rent,Venice Properties,Duplex/Town House,University District: Central,Above Ground,"Columbus, OH",3,"2 full, 0 half",4,No,Yes,Laundry Hookup,Yes,3,Yes,n/a,$200,Yes,,No,n/a,n/a,No,No,Central A/C,Yes,Yes,Yes,No,No,Yes,"1659 North 4th Street are 3 bedroom and 2 bath, beautifully renovated townhomes. The remodeled kitchens have custom ceramic tile floors, white cabinets, and all appliances (dishwasher, refrigerator, stove, and garbage disposal). Every basement has its own bedroom, full bath, and even a laundry room! Complete with central air, refinished hardwood floors, huge bedrooms, washer and dryer hookups, and off street parking, our townhomes feature plenty enough live-in space for 3 roommates, and enough off-street parking space for 3 cars. This home is only one block away from the Columbus Police Campus Substation and a CABS/COTA bus stop.
**To view a virtual tour of this home please visit https://youriguide.com/1655N4th
To view a virtual tour of this home please visit https://youtu.be/rR0hwX6PZ2Q",$N/A,$0,$0,$0,No,No,No,No,No,No,No,Anna Dauer,614-226-6841
1522 Indianola Road Unit B,https://offcampus.osu.edu/search-housing.aspx?property=15116&pricefrom=0&sort=1&alllandlords=0,00003B0C,"$550.00 - $1,650.00",8/22/2025,7/31/2026,"August 22, 2025- July 31, 2026",Yes,Yes,$1650,"Locations, Ltd",Apartment,University District: Southeast,Above Ground,"Columbus, OH",3,"1 full, 1 half",3,No,No,Laundry Hookup,Yes,2,No,n/a,$475,Yes,No,No,n/a,n/a,No,Yes,Central A/C,Yes,Yes,Yes,No,No,Yes,"SPRING 2025 MOVE IN AVAILABLE

https://www.osulive.com/listings/detail/7c0ffb2a-2a78-402c-978a-68ef880ff009",$0,$0,$0,$0,No,No,No,No,No,No,No,,
1524 Indianola Road Unit B,https://offcampus.osu.edu/search-housing.aspx?property=15118&pricefrom=0&sort=1&alllandlords=0,00003B0E,"$550.00 - $1,650.00",8/22/2025,7/31/2026,"August 22, 2025- July 31, 2026",Yes,Yes,$1650,"Locations, Ltd",Apartment,University District: Southeast,Above Ground,"Columbus, OH",3,"1 full, 0 half",3,No,No,None,Yes,2,Yes,n/a,$475,Yes,No,No,n/a,n/a,No,Yes,Central A/C,Yes,Yes,Yes,No,No,Yes,"SPRING 2025 MOVE IN AVAILABLE

Copy link for more info:
https://www.osulive.com/listings/detail/72e4046f-ba1e-49e7-8aa4-bfc15fa1b19f",$0,$0,$0,$0,No,No,No,No,No,No,No,,
1524 Indianola Road C,https://offcampus.osu.edu/search-housing.aspx?property=15119&pricefrom=0&sort=1&alllandlords=0,00003B0F,"$550.00 - $1,650.00",8/22/2025,7/31/2026,"August 22, 2025- July 31, 2026",No,Yes,$1650,"Locations, Ltd",Apartment,University District: Southeast,Ground Level,"Columbus, OH",3,"1 full, 0 half",3,No,No,None,Yes,2,Yes,n/a,$475,Yes,No,No,n/a,n/a,No,Yes,Central A/C,Yes,Yes,Yes,No,No,Yes,https://www.osulive.com/listings/detail/7fdecfad-c4b5-4acb-80fb-2ee3d1868b07,$0,$0,$0,$0,No,No,No,No,No,No,No,,
2121 Iuka Road Unit A,https://offcampus.osu.edu/search-housing.aspx?property=15013&pricefrom=0&sort=1&alllandlords=0,00003AA5,"$550.00 - $1,100.00",8/22/2025,7/31/2026,"August 22, 2025- July 31, 2026",No,Yes,$1100,"Locations, Ltd",Apartment,University District: Central,Ground Level,"Columbus , OH",2,"1 full, 0 half",2,No,No,None,Yes,2,Yes,n/a,$475,Yes,No,No,n/a,n/a,No,No,Central A/C,Yes,Yes,Yes,No,No,Yes,"Copy link for more info:
https://www.osulive.com/listings/detail/9f9dcdae-e9e1-471e-8d37-d869ae898663",$0,$0,$0,$0,No,No,No,No,No,No,No,,
67 Chittenden Avenue Unit A,https://offcampus.osu.edu/search-housing.aspx?property=12276&pricefrom=0&sort=1&alllandlords=0,00002FF4,"$560.00 - $2,800.00",08-23-2026,08-05-2027,12 Mo.,No,Yes,$2800,Cooper Properties,Apartment,University District: Southeast,Above Ground,"Columbus, OH",5,"2 full, 0 half",5,No,No,Laundry facilities in the unit,Yes,2,Yes,n/a,n/a,Yes,Yes,No,n/a,n/a,No,No,Central A/C,Yes,Yes,Yes,No,No,Yes,"Great location right off High street.  Fully renovated kitchen with new cabinets, microwave, white subway tile back splash, etc. Spacious living room and bedrooms, two full bathrooms, washer and dryer in unit, dishwasher, free off street parking (2 spots).  Video tours of all our properties are available at www.cooper-properties.com.  For more information please email manager@cooper-properties.com or call (614) 961-0056.

Explore Our Property at 67 E Chittenden Ave - Follow the Link below to Check it Out: 
https://cooper-properties.com/properties/67-e-chittenden-ave/",$0,$0,$0,$0,No,No,No,No,No,No,No,,
180 East 12th Avenue Unit C,https://offcampus.osu.edu/search-housing.aspx?property=12261&pricefrom=0&sort=1&alllandlords=0,00002FE5,"$565.00 - $1,695.00",08-23-2026,08-05-2027,12 Mo.,No,Yes,$1695,Cooper Properties,Apartment,University District: Southeast,Above Ground,"Columbus, OH",3,"1 full, 0 half",3,No,No,Laundry facilities in the unit,Yes,2,Yes,n/a,n/a,Yes,Yes,No,n/a,n/a,No,No,Central A/C,Yes,Yes,Yes,No,No,Yes,"3 bedroom unit with extra large living room, fully renovated kitchen with new appliances, built in microwave, tile back splash, dishwasher, free washer & dryer in the unit, central air and free off-street parking (2 spots).  Video tours of all our properties are available at www.cooper-properties.com.  For more information please email manager@cooper-properties.com or call (614) 961-0056.

Explore Our Property at 180 E 12th Ave - Follow the Link below to Check it Out: 
https://cooper-properties.com/properties/180-e-12th-ave/",$0,$0,$0,$0,No,No,No,No,No,No,No,,
180 East 12th Avenue Unit B,https://offcampus.osu.edu/search-housing.aspx?property=15836&pricefrom=0&sort=1&alllandlords=0,00003DDC,"$565.00 - $2,825.00",08-23-2026,08-05-2027,12,No,Yes,$2825,Cooper Properties,Apartment,University District: Southeast,Ground Level,"Columbus, OH",5,"2 full, 0 half",5,No,No,Laundry facilities in the unit,Yes,2,Yes,n/a,n/a,Yes,,No,n/a,n/a,No,No,Central A/C,Yes,Yes,Yes,No,No,No,"Nice units, newer construction.  Central air conditioning, washer and dryer in unit, free off street parking (2 spots), two full bathrooms, dishwasher.  Video tours of all our properties are available at www.cooper-properties.com.  For more information please email manager@cooper-properties.com or call (614) 961-0056.

Explore Our Property at 180 E 12th Ave - Follow the Link below to Check it Out: 
https://cooper-properties.com/properties/180-e-12th-ave/",$0,$0,$0,$0,No,No,No,No,No,No,No,,
"PO Box 20098Columbus, OH 43220",https://offcampus.osu.edu/search-housing.aspx?property=19695&pricefrom=0&sort=1&alllandlords=0,00004CEF,"$565.00 - $1,695.00",08/15/2026,07/31/2027,1 year,No,Yes,$One Month Rent,Venice Properties,Duplex/Town House,University District: Central,Above Ground,"Columbus, OH",3,"1 full, 0 half",3,No,Yes,Laundry facilities in the unit,Yes,2,Yes,n/a,$200,Yes,,No,n/a,n/a,No,No,Central A/C,Yes,Yes,Yes,No,No,Yes,"**To view a virtual tour of this home please visit https://youriguide.com/171East12th

171 E 12th Avenue is a charming three-bedroom town home at a great centralized campus location! This home opens up to a cozy living room area that can comfortably fit and entertain one to MANY residents and guests all at once. The living room leads into a kitchen with ample cabinet space and washer and dryer hookups, alongside two large bedrooms upstairs and one huge bedroom downstairs. Featuring all major appliances including a dishwasher and central A/C, 171 E 12th is a great three-bedroom spot for any student looking to focus on their education while living in the heart of everything that makes THE Ohio State University a great place to get your education!

To view a virtual tour of this home please visit https://youtu.be/nbEtcxU5mrw",$N/A,$0,$0,$0,No,No,No,No,No,No,No,Anna Dauer,614-226-6841
55 East Norwich Avenue Unit A,https://offcampus.osu.edu/search-housing.aspx?property=12270&pricefrom=0&sort=1&alllandlords=0,00002FEE,"$565.00 - $1,695.00",08-23-2026,08-05-2027,12 Mo.,No,Yes,$1695,Cooper Properties,Apartment,University District: Northeast,Above Ground,"Columbus, OH",3,"1 full, 0 half",3,No,No,Laundry facilities in the unit,Yes,2,Yes,n/a,n/a,Yes,Yes,No,n/a,n/a,No,No,Central A/C,Yes,Yes,Yes,No,No,No,"Nice apartments in a great location one block from High Street. Washer/dryer in unit, dishwasher, central air conditioning, free off street parking. Video tours of all our properties are available at www.cooper-properties.com.  For more information please email manager@cooper-properties.com or call (614) 961-0056.

Explore Our Property at 55 E. Norwich Ave - Follow the Link below to Check it Out: 
https://cooper-properties.com/properties/55-e-norwich-ave/",$0,$0,$0,$0,No,No,No,No,No,No,No,,
67 Chittenden Avenue Unit D,https://offcampus.osu.edu/search-housing.aspx?property=12275&pricefrom=0&sort=1&alllandlords=0,00002FF3,"$585.00 - $2,340.00",08-23-2026,08-05-2027,12 Mo.,No,Yes,$2340,Cooper Properties,Apartment,University District: Southeast,Above Ground,"Columbus, OH",4,"1 full, 0 half",4,No,No,Laundry facilities in the unit,Yes,2,Yes,n/a,n/a,Yes,Yes,No,n/a,n/a,No,No,Central A/C,Yes,Yes,Yes,No,No,Yes,"Newer construction in great location right off High Street.  Dishwasher, free washer and dryer in unit, free off street parking (2 spots), central air conditioning. Video tours of all our properties are available at https://cooper-properties.com/.  For more information please email manager@cooper-properties.com or call (614) 961-0056.

Explore Our Property at 67 E Chittenden Ave - Follow the Link below to Check it Out: 
https://cooper-properties.com/properties/67-e-chittenden-ave/",$0,$0,$0,$0,No,No,No,No,No,No,No,,
"PO Box 20098Columbus, OH 43220",https://offcampus.osu.edu/search-housing.aspx?property=14404&pricefrom=0&sort=1&alllandlords=0,00003844,"$599.00 - $2,995.00",8/15/2026,07/31/2027,12 months,No,Yes,$One Month's Rent,Venice Properties,House,University District: Central,Above Ground,"Columbus, OH",5,"2 full, 0 half",6,No,Yes,Laundry Hookup,Yes,4,Yes,n/a,$$200,Yes,No,No,n/a,n/a,No,No,Central A/C,Yes,Yes,Yes,No,Yes,Yes,"**To view a virtual tour of this home please visit https://youriguide.com/1641N4th

1641 North 4th Street is centrally located between 12th and 13th Avenue and is complete with a unique floor plan and many beautiful renovations. This 5 bedroom 2 bathroom home has a kitchen with granite counter tops, new custom glass tile back splash, oak cabinets, tile floor, and all new matching appliances (refrigerator, stove, dishwasher, and garbage disposal). The first floor bathroom has a tile floor, custom tile shower surround, glass block window, a pedestal sink, and is adjacent to a very large living room. The second floor bathroom has a tile floor, stand up shower surround, and a new sink vanity. The home is one block away from the Columbus Police Campus Substation and a CABS/COTA bus stop. 1641 North 4th Street also features central air, huge bedrooms, all new electrical service (lines, outlets, light switches, light fixtures, panel box), washer and dryer hook ups, and there is an off street parking lot in the large backyard with enough room for five cars.

To view a virtual tour of this home please visit https://youtu.be/AbUpnazyqeI",$0,$0,$0,$0,No,No,No,No,No,No,No,Anna Dauer,614-226-6841
"P.O. Box 20467Columbus, OH 43220",https://offcampus.osu.edu/search-housing.aspx?property=20451&pricefrom=0&sort=1&alllandlords=0,00004FE3,"$600.00 - $1,800.00",08-01-2026,07-30-2027,12 months,No,No,$1800,S&G Properties,Apartment,University District: Central,Above Ground,"Columbus, OH",3,"1 full, 0 half",3,No,No,Laundry facilities in the building,Yes,27,Yes,n/a,n/a,Yes,,No,n/a,n/a,No,No,Central A/C,Yes,Yes,Yes,No,No,No,"www.100chit.com video, floorplan
Perfect Campus Location.  New GRANITE Kitchens Large 3 Bedroom apartment, great family room space, big bedrooms & double closets.  Central air conditioning, GRANITE Kitchens, Dishwasher, Microwave.  Call for tour-614-395-2576

YOUTUBE VIDEO WALKTHROUGH LINK!
https://youtu.be/R50x6MpP0X0",$250,$0,$0,$0,Yes,Yes,Yes,Yes,No,No,No,Phil Crawford,614-395-1993
2157 Indianola Avenue,https://offcampus.osu.edu/search-housing.aspx?property=10124&pricefrom=0&sort=1&alllandlords=0,0000278C,"$600.00 - $1,500.00",08-01-2026,07-30-2027,12 months,No,No,$600,S&G Properties,Half Double,University District: Northeast,Ground Level,"Columbus, OH",3,"1 full, 0 half",3,No,Yes,Laundry facilities in the unit,Yes,0,No,n/a,n/a,Yes,No,No,n/a,n/a,No,No,Central A/C,Yes,Yes,Yes,No,Yes,Yes,"Large house, hardwood floors, Dishwasher, full basement, Washer and Dryer
call me 614-395-2576",$0,$0,$0,$0,No,No,No,No,No,No,No,,
1522 Indianola Road Unit C,https://offcampus.osu.edu/search-housing.aspx?property=15117&pricefrom=0&sort=1&alllandlords=0,00003B0D,"$600.00 - $1,800.00",8/22/2025,7/31/2026,"August 22, 2025- July 31, 2026",No,Yes,$1800,"Locations, Ltd",Apartment,University District: Southeast,Ground Level,"Columbus, OH",3,"1 full, 1 half",3,No,No,Laundry Hookup,Yes,2,Yes,n/a,$475,Yes,No,No,n/a,n/a,No,Yes,Central A/C,Yes,Yes,Yes,No,No,Yes,"Copy link for more info:
https://www.osulive.com/listings/detail/7fdecfad-c4b5-4acb-80fb-2ee3d1868b07",$0,$0,$0,$0,No,No,No,No,No,No,No,,
2121 Iuka Road Unit D,https://offcampus.osu.edu/search-housing.aspx?property=15016&pricefrom=0&sort=1&alllandlords=0,00003AA8,"$600.00 - $1,200.00",8/22/2025,7/31/2026,"August 22, 2025- July 31, 2026",No,Yes,$1200,"Locations, Ltd",Apartment,University District: Central,Ground Level,"Columbus, OH",2,"1 full, 0 half",2,No,No,None,Yes,2,Yes,n/a,$475,Yes,No,No,n/a,n/a,No,No,Central A/C,Yes,Yes,Yes,No,No,Yes,,$0,$0,$0,$0,No,No,No,No,No,No,No,,
2121 Iuka Road Unit E,https://offcampus.osu.edu/search-housing.aspx?property=15017&pricefrom=0&sort=1&alllandlords=0,00003AA9,"$600.00 - $1,200.00",8/22/2025,7/31/2026,"August 22, 2025- July 31, 2026",Yes,Yes,$1200,"Locations, Ltd",Apartment,University District: Central,Ground Level,"Columbus, OH",2,"1 full, 0 half",2,No,No,None,Yes,2,Yes,n/a,$475,Yes,No,No,n/a,n/a,No,No,Central A/C,Yes,Yes,Yes,No,No,Yes,"SPRING 2025 MOVE IN AVAILABLE

Copy link for more info:
https://www.osulive.com/listings/detail/58eb6a9f-b4b6-4dd4-840c-e117adb6391d
Available Now",$0,$0,$0,$0,No,No,No,No,No,No,No,,
2549 Neil Avenue,https://offcampus.osu.edu/search-housing.aspx?property=14954&pricefrom=0&sort=1&alllandlords=0,00003A6A,"$600.00 - $1,800.00",8/22/2025,7/31/2026,"August 22, 2025- July 31, 2026",No,Yes,$1800,"Locations, Ltd",Duplex/Town House,University District: Northwest,Ground Level,"Columbus, OH",3,"1 full, 0 half",3,No,Yes,Laundry Hookup,Yes,2,Yes,n/a,$475,Yes,No,No,n/a,n/a,No,No,None,Yes,Yes,Yes,No,No,No,"Copy link for more info:
https://www.osulive.com/listings/detail/505870af-14ee-4932-a22b-c5385dba83ed",$0,$0,$0,$0,No,No,No,No,No,No,No,,
64 West Northwood Road Unit D,https://offcampus.osu.edu/search-housing.aspx?property=14982&pricefrom=0&sort=1&alllandlords=0,00003A86,"$600.00 - $2,400.00",8/22/2025,7/31/2026,"August 22, 2025- July 31, 2026",Yes,Yes,$2400,"Locations, Ltd",Apartment,University District: Northwest,Ground Level,"Columbus, OH",4,"2 full, 0 half",4,No,No,Laundry facilities in the building,Yes,2,Yes,n/a,$475,Yes,No,No,n/a,n/a,No,No,Central A/C,Yes,Yes,Yes,No,No,No,"SPRING 2025 MOVE IN AVAILABLE 

https://www.osulive.com/listings/detail/b6b8f265-f049-48aa-8b38-c1ddcd927bbb",$0,$0,$0,$0,No,No,No,No,No,No,No,,
220 East Norwich Road,https://offcampus.osu.edu/search-housing.aspx?property=14997&pricefrom=0&sort=1&alllandlords=0,00003A95,"$600.00 - $3,000.00",8/22/2025,7/31/2026,"August 22, 2025- July 31, 2026",No,Yes,$3000,"Locations, Ltd",Half Double,University District: Southeast,Ground Level,"Columbus, OH",5,"2 full, 0 half",5,No,No,Laundry Hookup,Yes,2,Yes,n/a,$475,Yes,No,No,n/a,n/a,No,Yes,Central A/C,Yes,Yes,Yes,No,No,Yes,"COPY Link for more info:
https://www.osulive.com/listings/detail/2199464f-7c65-437d-aec4-13acb372758a",$0,$0,$0,$0,No,No,No,No,No,No,No,,
32 West Patterson Road,https://offcampus.osu.edu/search-housing.aspx?property=14956&pricefrom=0&sort=1&alllandlords=0,00003A6C,"$600.00 - $1,800.00",8/22/2025,7/31/2026,"August 22, 2025- July 31, 2026",No,Yes,$1800,"Locations, Ltd",Apartment,University District: Northwest,Above Ground,"Columbus, OH",3,"1 full, 0 half",3,No,Yes,Laundry Hookup,Yes,1,No,n/a,n/a,Yes,No,No,n/a,n/a,No,No,None,Yes,Yes,Yes,No,Yes,Yes,https://www.osulive.com/listings/detail/2cfcd02a-d66d-4df2-9eae-08e10e7cd768,$0,$0,$0,$0,No,No,No,No,No,No,No,,
36 West Patterson Road,https://offcampus.osu.edu/search-housing.aspx?property=14958&pricefrom=0&sort=1&alllandlords=0,00003A6E,"$600.00 - $1,800.00",8/22/2025,7/31/2026,"August 22, 2025- July 31, 2026",No,Yes,$1800,"Locations, Ltd",Apartment,University District: Northwest,Above Ground,"Columbus, OH",3,"1 full, 0 half",3,No,Yes,Laundry Hookup,Yes,1,Yes,n/a,$450,Yes,No,No,n/a,n/a,No,No,None,Yes,Yes,Yes,No,No,Yes,"WEBSITE for pictures and showings:
https://www.osulive.com/listings/detail/64b86e0a-0c50-4675-982a-51decda0e224",$0,$0,$0,$0,No,No,No,No,No,No,No,,
38 West Patterson Road,https://offcampus.osu.edu/search-housing.aspx?property=14959&pricefrom=0&sort=1&alllandlords=0,00003A6F,"$600.00 - $1,800.00",8/22/2025,7/31/2026,"August 22, 2025- July 31, 2026",No,Yes,$1800,"Locations, Ltd",Apartment,University District: Northwest,Above Ground,"Columbus, OH",2,"1 full, 0 half",3,No,Yes,Laundry Hookup,Yes,1,No,n/a,n/a,Yes,No,No,n/a,n/a,No,No,None,Yes,Yes,Yes,No,No,Yes,"WEBSITE for more information:
https://www.osulive.com/listings/detail/64b86e0a-0c50-4675-982a-51decda0e224",$0,$0,$0,$0,No,No,No,No,No,No,No,,
2547 Neil Avenue,https://offcampus.osu.edu/search-housing.aspx?property=14953&pricefrom=0&sort=1&alllandlords=0,00003A69,"$600.00 - $1,200.00",8-11-2025,7-11-2026,12 Months,No,Yes,$1200,"Locations, Ltd",Duplex/Town House,University District: Northwest,Ground Level,"Columbus, OH",2,"1 full, 0 half",2,No,Yes,Laundry Hookup,Yes,2,Yes,n/a,$440,Yes,No,No,n/a,n/a,No,No,Central A/C,Yes,Yes,Yes,No,No,No,"Copy link for more info:
https://www.osulive.com/listings/detail/505870af-14ee-4932-a22b-c5385dba83ed",$0,$0,$0,$0,No,No,No,No,No,No,No,,
100 Woodruff Road,https://offcampus.osu.edu/search-housing.aspx?property=15011&pricefrom=0&sort=1&alllandlords=0,00003AA3,"$600.00 - $3,600.00",8/24/2025,07/26/2026,8/24/25 - 7/26/26,No,Yes,$3600,"Locations, Ltd",House,University District: Northwest,Ground Level,"Columbus, OH",6,"2 full, 1 half",6,No,No,Laundry Hookup,Yes,3,Yes,n/a,$475,Yes,No,No,n/a,n/a,No,Yes,Central A/C,Yes,Yes,Yes,No,No,No,,$0,$0,$0,$0,No,No,No,No,No,No,No,,
491 Alden Avenue F (Sublet),https://offcampus.osu.edu/search-housing.aspx?property=16244&pricefrom=0&sort=1&alllandlords=0&sublet=true,00003F74,$850.00,5/8/2026,8/10/2026,12 months,No,Yes,$600,Inn-Town Homes and Apartments,Apartment,University District: Northeast,Ground Level,"Columbus, OH",1,"1 full, 0 half",2,No,No,Laundry facilities in the building,Yes,1,Yes,n/a,$100,No,,No,n/a,n/a,No,No,Central A/C,Yes,Yes,Yes,No,No,No,,$0,$0,$0,$0,No,No,No,No,Yes,No,No,,
67 Chittenden Avenue Unit C,https://offcampus.osu.edu/search-housing.aspx?property=12274&pricefrom=0&sort=1&alllandlords=0,00002FF2,"$610.00 - $1,830.00",08-23-2026,08-05-2027,12 Mo.,No,Yes,$1830,Cooper Properties,Apartment,University District: Southeast,Above Ground,"Columbus, OH",3,"1 full, 0 half",3,No,No,Laundry facilities in the unit,Yes,2,Yes,n/a,n/a,Yes,Yes,No,n/a,n/a,No,No,Central A/C,No,Yes,Yes,No,No,No,"Great location right off High Street. Free washer and dryer, central heat and air conditioning, free off street parking (2 spots).  Video tours of all our properties are available at www.cooper-properties.com.  For more information please email manager@cooper-properties.com or call (614) 961-0056.

Explore Our Property at 67 E Chittenden Ave - Follow the Link below to Check it Out: 
https://cooper-properties.com/properties/67-e-chittenden-ave/",$0,$0,$0,$0,No,No,No,No,No,No,No,,
"1150 Kinnear RdLeasing officeColumbus, OH 43212",https://offcampus.osu.edu/search-housing.aspx?property=21195&pricefrom=0&sort=1&alllandlords=0&sublet=true,000052CB,"$1,200.00",2/1/2026,7/24/2026,"Annual, Academic,Fall, and Spring",Yes,Yes,$2 months rent (Not towards rent),Altitude Columbus,Apartment,Other,Ground Level,"Columbus6, OH",4,"1 full, 0 half",166,Yes,No,Laundry facilities in the unit,Yes,428,Yes,n/a,n/a,No,,Yes,$40,n/a,Yes,No,Central A/C,Yes,Yes,Yes,Yes,Yes,No,"TV Lounge
Computer Lab & Study Center
24-Hour Fitness Center
Sparkling Pool & Hot Tub
Outdoor Grilling Stations
Sand Volleyball Court",$300,$15,$0,$0,Yes,Yes,Yes,No,Yes,No,Yes,Lizzy Oneil,614-298-5800
"PO Box 20098Columbus, OH 43220",https://offcampus.osu.edu/search-housing.aspx?property=19566&pricefrom=0&sort=1&alllandlords=0,00004C6E,"$647.00 - $1,295.00",8/15/2026,07/31/2027,One Year,No,Yes,$One Month Rent,Venice Properties,Apartment,University District: Southeast,Above Ground,"Columbus, OH",2,"1 full, 0 half",3,No,No,None,Yes,2,Yes,n/a,$200,Yes,,No,n/a,n/a,No,No,Central A/C,No,Yes,Yes,No,No,Yes,"**To view a virtual tour of this home please visit https://youriguide.com/1669N4th2BR

1669 N 4th Street is a two-bedroom, two story, town home that features a spacious living room area that can comfortably host several residents and guests! The kitchen is absolutely HUGE for two residents, offers ample cabinet space, and comes with all appliances (including garbage disposal), and even has a large walk-in pantry area for extensive storage. Both upstairs bedrooms have walk in closets and more than enough space to make a great home for students and working professionals alike! Lastly, there is a large off street parking lot, and the location is only one block away from the Columbus Police Campus Substation and a CABS/COTA bus stop.

To view a virtual tour of this home please visit https://youtu.be/oGdihPRv6_M",$N/A,$0,$0,$0,No,No,No,No,No,No,No,Anna Dauer,614-226-6841
"PO Box 20098Columbus, OH 43220",https://offcampus.osu.edu/search-housing.aspx?property=19564&pricefrom=0&sort=1&alllandlords=0,00004C6C,"$647.00 - $1,295.00",8/15/2026,07/31/2027,One Year,No,No,$One Month Rent,Venice Properties,Apartment,University District: Southeast,Above Ground,"Columbus, OH",2,"1 full, 0 half",3,No,No,None,Yes,2,Yes,n/a,$200,Yes,,No,n/a,n/a,No,No,Central A/C,No,Yes,Yes,No,No,Yes,"**To view a virtual tour of this home please visit https://youriguide.com/1669N4th2BR

1669 N 4th Street is a two-bedroom, two story, town home that features a spacious living room area that can comfortably host several residents and guests! The kitchen is absolutely HUGE for two residents, offers ample cabinet space, and comes with all appliances (including garbage disposal), and even has a large walk-in pantry area for extensive storage. Both upstairs bedrooms have walk in closets and more than enough space to make a great home for students and working professionals alike! Lastly, there is a large off street parking lot, and the location is only one block away from the Columbus Police Campus Substation and a CABS/COTA bus stop.

To view a virtual tour of this home please visit https://youtu.be/oGdihPRv6_M",$N/A,$0,$0,$0,No,No,No,No,No,No,No,Anna Dauer,614-226-6841
"10065 Juliana CirclePowell, OH 43065",https://offcampus.osu.edu/search-housing.aspx?property=21885&pricefrom=0&sort=1&alllandlords=0,0000557D,$650.00,08-16-2026,07-30-2027,12 months,No,No,$650,"Campus Living, LLC",Condominium,University District: Southeast,Ground Level,"Columbus, OH",1,"1 full, 0 half",1,No,No,Laundry facilities in the building,Yes,1,Yes,n/a,$450,Yes,,No,n/a,n/a,No,No,Central A/C,Yes,Yes,Yes,No,No,Yes,Room for rent in a shared apartment. One block from High Street. Utilities included.,$0,$0,$0,$0,No,No,No,No,Yes,Yes,Yes,Ron Benit,614-205-4343
85 West Blake  Avenue,https://offcampus.osu.edu/search-housing.aspx?property=18653&pricefrom=0&sort=1&alllandlords=0,000048DD,$650.00 - $750.00,08-15-2026,07-31-2027,11.5 months,No,No,$650 - 700,Mobius International LLC,House,University District: Northwest,Ground Level,"Columbus, OH",1,"2 full, 0 half",1,No,Yes,Laundry facilities in the building,Yes,4,Yes,n/a,n/a,Yes,,No,$N/A,$N/A,No,No,Central A/C,Yes,Yes,Yes,No,Yes,Yes,"Great location, safe neighborhood, next to bus stop and walking distance to campus. 
 Free on-site laundry. 
 Private rooms with electronic locks.",$N/A,$0,$0,$0,No,No,No,No,Yes,Yes,Yes,,
2163 East Indianaola Road Unit A,https://offcampus.osu.edu/search-housing.aspx?property=14999&pricefrom=0&sort=1&alllandlords=0,00003A97,"$650.00 - $2,600.00",8/22/2025,7/31/2026,"August 22, 2025- July 31, 2026",Yes,Yes,$2600,"Locations, Ltd",Apartment,University District: Southeast,Above Ground,"Columbus, OH",4,"2 full, 0 half",4,No,No,Laundry Hookup,Yes,2,Yes,n/a,$475,Yes,No,No,n/a,n/a,No,Yes,Central A/C,Yes,Yes,Yes,No,No,Yes,"SPRING 2025 MOVE IN AVAILABLE

Copy link for more info:
https://www.osulive.com/listings/detail/078159f4-9f1f-469e-90f5-c5551d870718",$0,$0,$0,$0,No,No,No,No,No,No,No,,
222 East Norwich Road,https://offcampus.osu.edu/search-housing.aspx?property=14998&pricefrom=0&sort=1&alllandlords=0,00003A96,"$650.00 - $3,250.00",8/22/2025,7/31/2026,"August 22, 2025- July 31, 2026",No,Yes,$3250,"Locations, Ltd",House,University District: Southeast,Ground Level,"Columbus, OH",5,"2 full, 0 half",5,No,No,Laundry Hookup,Yes,2,Yes,n/a,$475,Yes,No,No,n/a,n/a,No,Yes,Central A/C,Yes,Yes,Yes,No,No,Yes,"COPY Link for more info:
https://www.osulive.com/listings/detail/2c5017f5-d111-4b36-a2c3-3630be15a57e",$0,$0,$0,$0,No,No,No,No,No,No,No,,
14 West Norwich Road,https://offcampus.osu.edu/search-housing.aspx?property=14984&pricefrom=0&sort=1&alllandlords=0,00003A88,"$650.00 - $1,300.00",8/22/2025,7/31/2026,"August 22, 2025- July 31, 2026",No,Yes,$1300,"Locations, Ltd",Apartment,University District: Northwest,Ground Level,"Columbus, OH",3,"1 full, 0 half",2,No,Yes,Laundry Hookup,Yes,0,Yes,n/a,n/a,Yes,No,No,n/a,n/a,No,No,None,Yes,Yes,Yes,No,No,Yes,,$0,$0,$0,$0,No,No,No,No,No,No,No,,
67 Chittenden Avenue B,https://offcampus.osu.edu/search-housing.aspx?property=19375&pricefrom=0&sort=1&alllandlords=0,00004BAF,"$655.00 - $3,275.00",08-23-2026,08-05-2027,12 Mo.,No,Yes,$3275,Cooper Properties,Apartment,University District: Southeast,Above Ground,"Columbus, OH",5,"2 full, 0 half",5,No,No,Laundry facilities in the unit,Yes,2,Yes,n/a,n/a,Yes,,No,n/a,n/a,No,No,Central A/C,Yes,Yes,Yes,No,No,No,"Great location right off High Street.  Nice 5 bedroom apartment, two full bathrooms, free washer and dryer in unit, dishwasher, central air conditioning and heating, free off street parking (2 spots).  Video tours of all our properties are available at www.cooper-properties.com.  For more information please email manager@cooper-properties.com or call (614) 961-0056.

Explore Our Property at 67 E Chittenden Ave - Follow the Link below to Check it Out: 
https://cooper-properties.com/properties/67-e-chittenden-ave/",$0,$0,$0,$0,No,No,No,No,No,No,No,,
59 East Norwich Road C,https://offcampus.osu.edu/search-housing.aspx?property=14991&pricefrom=0&sort=1&alllandlords=0,00003A8F,$665.00,08/23/2021,07/30/2022,"August 23, 2021- July 30, 2022",No,Yes,$600,"Locations, Ltd",Apartment,University District: Southeast,Ground Level,"Columbus, OH",1,"1 full, 0 half",1,No,No,None,Yes,1,Yes,n/a,$380,Yes,No,No,n/a,n/a,No,No,Central A/C,No,Yes,Yes,No,No,No,,$0,$0,$0,$0,No,No,No,No,No,No,No,,
1596 Highland Street Unit D,https://offcampus.osu.edu/search-housing.aspx?property=14936&pricefrom=0&sort=1&alllandlords=0,00003A58,"$670.00 - $2,010.00",08/20/26,08/05/27,12 Months,No,No,$2010,Buckeye Real Estate,Apartment,University District: Southwest,Above Ground,"Columbus , OH",3,"2 full, 0 half",4,No,No,None,Yes,0,Yes,n/a,n/a,No,No,No,n/a,n/a,No,No,Central A/C,Yes,Yes,Yes,No,No,No,,$250,$0,$0,$0,Yes,Yes,Yes,No,Yes,No,No,,
"34 W. 9th Ave.Columbus, OH 43201",https://offcampus.osu.edu/search-housing.aspx?property=21909&pricefrom=0&sort=1&alllandlords=0,00005595,"$678.00 - $2,030.00",08/20/2026,08/05/2027,11.5 months,No,No,$2030,Buckeye Real Estate,Half Double,University District: Northeast,Above Ground,"Columbus, OH",3,"1 full, 0 half",4,No,Yes,Laundry facilities in the unit,Yes,3,Yes,n/a,$300,Yes,,No,n/a,n/a,No,No,Window A/C,Yes,Yes,Yes,No,Yes,Yes,"Northwest campus location! This three bedroom half double features in unit laundry, front porch, rear deck, HUGE back yard and plenty of off street parking. 2 a/c units included in unit. Water is $25 per person per month. Additional resident over the number of bedrooms will increase rent $175.

View our Leasing Procedure and a copy of our Lease Agreement at BuckeyeRealEstate.com > Future Residents > FAQs/Documents",$250,$0,$0,$0,Yes,Yes,Yes,No,No,No,No,Buckeye Real Estate,614-294-5511
366 East 15th Avenue,https://offcampus.osu.edu/search-housing.aspx?property=20206&pricefrom=0&sort=1&alllandlords=0,00004EEE,$680.00,03-01-2026,02-26-2027,12 months,No,Yes,$680,Liberty Management Associates,Apartment,University District: Central,Above Ground,"Columbus, OH",1,"1 full, 0 half",1,No,Yes,Laundry facilities in the building,Yes,1,Yes,n/a,n/a,Yes,,No,n/a,n/a,No,Yes,Window A/C,Yes,Yes,Yes,No,Yes,Yes,,$0,$0,$0,$30,Yes,No,Yes,Yes,Yes,No,No,,
166 East 11th Avenue,https://offcampus.osu.edu/search-housing.aspx?property=14254&pricefrom=0&sort=1&alllandlords=0,000037AE,"$689.00 - $2,754.00",08/20/26,08/05/27,12 Months,No,Yes,$2754,Buckeye Real Estate,Half Double,University District: Southeast,Ground Level,"Columbus, OH",4,"1 full, 1 half",5,No,No,None,Yes,0,Yes,n/a,$80,No,No,No,n/a,n/a,No,No,Central A/C,No,Yes,Yes,No,No,No,Large house near campus Gateway features off street parking and central air!,$$250,$0,$0,$0,Yes,Yes,Yes,No,No,No,No,,
"PO Box 12788Columbus, OH 43212",https://offcampus.osu.edu/search-housing.aspx?property=21920&pricefrom=0&sort=1&alllandlords=0,000055A0,$695.00,2/20/2026,7/01/2026,7 Months,No,Yes,$99,Peak Property Group,Apartment,University District: Central,Above Ground,"Columbus, OH",1,"2 full, 0 half",1,No,No,Laundry facilities in the unit,Yes,1,Yes,$95,n/a,Yes,,No,n/a,n/a,No,No,Central A/C,Yes,Yes,Yes,No,No,No,,$250,$35,$35,$35,Yes,Yes,Yes,No,No,No,No,Chelsie Flores,614-360-2020
1348 Summit Street,https://offcampus.osu.edu/search-housing.aspx?property=21040&pricefrom=0&sort=1&alllandlords=0,00005230,"$695.00 - $3,475.00",08-20-2026,07-23-2027,12 Months,No,Yes,"$2,500",Ohio State Properties,House,University District: Southeast,Ground Level,"Columbus, OH",5,"2 full, 1 half",6,No,Yes,Laundry facilities in the unit,Yes,3,Yes,n/a,n/a,Yes,,No,n/a,n/a,No,No,Central A/C,Yes,Yes,Yes,No,Yes,Yes,,$0,$0,$0,$0,No,No,No,No,No,No,No,,
"2104 Tuller StreetColumbus, OH 43201",https://offcampus.osu.edu/search-housing.aspx?property=11676&pricefrom=0&sort=1&alllandlords=0&sublet=true,00002D9C,$835.00,5/11/2026,8/2/2026,By Semester,Yes,Yes,$$275 - Full Month,Inn-Town Homes and Apartments,Studio/Efficiency,University District: Northeast,Above Ground,"Columbus, OH",1,"1 full, 0 half",124,No,No,Laundry facilities in the building,Yes,30,No,n/a,n/a,No,No,Yes,$45,n/a,Yes,No,Central A/C,No,No,Yes,No,No,No,,$0,$0,$0,$0,No,No,No,No,Yes,Yes,Yes,Jill Kaikis,614-294-1684
50 West 9th  Avenue,https://offcampus.osu.edu/search-housing.aspx?property=20692&pricefrom=0&sort=1&alllandlords=0,000050D4,$700.00 - $750.00,1/15/2026,7/20/2026,6 mo.,Yes,No,$= to 1 mo. Rent,JB Properties,Apartment,University District: Southwest,Above Ground,"Columbus, OH",1,"1 full, 0 half",2,No,No,Laundry facilities in the building,Yes,0,Yes,$35.00,n/a,Yes,,No,n/a,n/a,No,No,Central A/C,Yes,Yes,Yes,No,No,No,,$None,$0,$0,$0,No,No,No,No,No,No,No,,
2466 Neil Avenue,https://offcampus.osu.edu/search-housing.aspx?property=10959&pricefrom=0&sort=1&alllandlords=0,00002ACF,$700.00 - $750.00,01-15-2026,06-30-2025,flexible,Yes,No,$$600-$1000,Sandy Bolzenius,House,University District: Northwest,Ground Level,"Columbus, OH",1,"1 full, 0 half",1,No,Yes,Laundry facilities in the unit,Yes,0,No,n/a,n/a,Yes,No,No,n/a,n/a,Yes,No,Window A/C,No,Yes,Yes,Yes,Yes,No,"CONVENIENT LOCATION: Ten minute walk to campus, two minutes to High Street to catch city buses, three minutes to park along Olentangy River

LOW UTILITIES: Energy efficient furnace and windows

NEIGHBORHOOD: Safe, quiet, and lovely long-established area of campus 

COMMUNITY of international advanced scholars",$0,$0,$0,$0,No,No,No,No,No,No,No,,
"545 Metro Place South Suite 100Dublin, OH 43017",https://offcampus.osu.edu/search-housing.aspx?property=20770&pricefrom=0&sort=1&alllandlords=0,00005122,"$700.00 - $3,500.00",08-05-2026,07-31-2027,1 year,No,Yes,$3500,Murlin Realty,Half Double,University District: Central,Ground Level,"Columbus , OH",5,"2 full, 0 half",6,No,Yes,Laundry facilities in the unit,Yes,6,Yes,n/a,n/a,Yes,,No,n/a,n/a,No,No,Central A/C,Yes,Yes,Yes,No,Yes,Yes,"Now leasing for 2026/2027
for more information visit www.murlinrealty.com

Lots of space for you and your friends to have a great college experience!  Short walk to campus, close to high st., short north.  Renovated Beautiful unit in a great central campus location, 8 minute walk OSU campus. Newer kitchen  refrigerator, stove, dishwasher, white shaker cabinets,, new bathrooms. Large front porch, living room, dining room, kitchen... a lot of space for the money.  laundry and parking included in rent.",$500,$0,$0,$0,Yes,Yes,Yes,No,No,No,No,Evan Murlin,614-937-4120
174 East Woodruff Avenue,https://offcampus.osu.edu/search-housing.aspx?property=20810&pricefrom=0&sort=1&alllandlords=0,0000514A,$700.00 - $800.00,05-01-2025,05-02-2026,Month to Month,Yes,No,$0,Theta Xi,Rooming House,University District: Northeast,Above Ground,"Columbus, OH",1,"1 full, 1 half",1,No,No,Laundry facilities in the building,Yes,0,No,n/a,n/a,Yes,,No,n/a,n/a,No,No,Window A/C,No,Yes,Yes,No,No,No,,$0,$00,$00,$00,No,No,No,No,Yes,Yes,Yes,,
88 West Blake Avenue,https://offcampus.osu.edu/search-housing.aspx?property=10215&pricefrom=0&sort=1&alllandlords=0,000027E7,$700.00 - $800.00,negotiable,negotiable,Negotiable,Yes,No,$$700-$1000,Sandy Bolzenius,Room in a Private Home,University District: Northwest,Ground Level,"Columbus, OH",1,"2 full, 0 half",1,No,Yes,Laundry facilities in the unit,Yes,0,No,n/a,n/a,Yes,No,No,n/a,n/a,Yes,Yes,None,No,Yes,Yes,Yes,Yes,Yes,"Great campus location! Beautiful large house just a four-minute walk to a bus stop and a ten minute walk to campus. Near grocery stores, restaurants, and the Olentangy River. Safe and quiet part neighborhood. Friendly and responsible housemates and neighbors. House is well-maintained, includes washer and dryer, energy efficient windows, full-house insulation, efficiency furnace, and more. Hundreds of international scholars (including me) have worked on and completed theses, dissertations, research projects, and post-docs in this house. In short, this is a great place to live and to study.",$N/A,$0,$0,$0,No,No,No,No,No,No,No,,
50 East 11th Street Unit D,https://offcampus.osu.edu/search-housing.aspx?property=15112&pricefrom=0&sort=1&alllandlords=0,00003B08,"$700.00 - $2,800.00",8-22-2025,7-31-2026,12 Months,Yes,Yes,$2800,"Locations, Ltd",Apartment,University District: Southeast,Ground Level,"Columbus, OH",4,"2 full, 0 half",4,No,No,Laundry Hookup,Yes,1,Yes,n/a,$475,Yes,No,No,n/a,n/a,No,Yes,Central A/C,Yes,Yes,Yes,No,No,Yes,"SPRING 2025 MOVE IN AVAILABLE
https://www.osulive.com/listings/detail/a9c69c37-57a1-43a3-ab15-f7a2a1eee53e",$0,$0,$0,$0,No,No,No,No,No,No,No,,
50 East 11th Street Unit C,https://offcampus.osu.edu/search-housing.aspx?property=15111&pricefrom=0&sort=1&alllandlords=0,00003B07,"$700.00 - $2,800.00",8-22-2025,7-31-2026,12 Months,No,Yes,$2800,"Locations, Ltd",Apartment,University District: Southeast,Above Ground,"Columbus, OH",4,"2 full, 0 half",4,No,No,Laundry Hookup,Yes,1,Yes,n/a,$475,Yes,No,No,n/a,n/a,No,Yes,Central A/C,Yes,Yes,Yes,No,No,Yes,https://www.osulive.com/listings/detail/6d32907e-55fe-4939-894b-34fe984f041c,$0,$0,$0,$0,No,No,No,No,No,No,No,,
50 East 11th Street Unit A,https://offcampus.osu.edu/search-housing.aspx?property=15109&pricefrom=0&sort=1&alllandlords=0,00003B05,"$700.00 - $2,800.00",8-22-2025,7-31-2026,12 Months,Yes,Yes,$2800,"Locations, Ltd",Apartment,University District: Southeast,Ground Level,"Columbus, OH",4,"2 full, 0 half",4,No,No,Laundry Hookup,Yes,1,Yes,n/a,$460,Yes,No,No,n/a,n/a,No,Yes,Central A/C,Yes,Yes,Yes,No,No,Yes,"SPRING 2025 MOVE IN AVAILABLE

Patio entry into living area, breakfast bar, Washer & Dryer hookup.",$0,$0,$0,$0,No,No,No,No,No,No,No,,
2163 East Indianola Road Unit C,https://offcampus.osu.edu/search-housing.aspx?property=15001&pricefrom=0&sort=1&alllandlords=0,00003A99,"$700.00 - $2,800.00",8/22/2025,7/31/2026,"August 22, 2025- July 31, 2026",No,Yes,$2800,"Locations, Ltd",Apartment,University District: Southeast,Above Ground,"Columbus, OH",4,"2 full, 0 half",4,No,No,Laundry Hookup,Yes,2,Yes,n/a,$475,Yes,No,No,n/a,n/a,No,Yes,Central A/C,Yes,Yes,Yes,No,No,Yes,,$0,$0,$0,$0,No,No,No,No,No,No,No,,
2169 Indianola Road Unit B,https://offcampus.osu.edu/search-housing.aspx?property=15004&pricefrom=0&sort=1&alllandlords=0,00003A9C,"$700.00 - $2,800.00",8/22/2025,7/31/2026,"August 22, 2025- July 31, 2026",No,Yes,$2800,"Locations, Ltd",Apartment,University District: Northwest,Above Ground,"Columbus, OH",4,"2 full, 0 half",4,No,No,Laundry Hookup,Yes,2,Yes,n/a,$475,Yes,No,No,n/a,n/a,No,Yes,Central A/C,Yes,Yes,Yes,No,No,Yes,"Copy link for more info:
https://www.osulive.com/listings/detail/5260a52c-b1b3-4825-ab12-8d4daee3ce11",$0,$0,$0,$0,No,No,No,No,No,No,No,,
2169 Indianola Road Unit A,https://offcampus.osu.edu/search-housing.aspx?property=15003&pricefrom=0&sort=1&alllandlords=0,00003A9B,"$700.00 - $2,800.00",8-24-2025,7-26-2026,12 Months,No,Yes,$2800,"Locations, Ltd",Apartment,University District: Northwest,Above Ground,"Columbus, OH",4,"2 full, 0 half",4,No,No,Laundry Hookup,Yes,2,Yes,n/a,$475,Yes,No,No,n/a,n/a,No,Yes,Central A/C,Yes,Yes,Yes,No,No,Yes,,$0,$0,$0,$0,No,No,No,No,No,No,No,,
2169 Indianola Road Unit C,https://offcampus.osu.edu/search-housing.aspx?property=15005&pricefrom=0&sort=1&alllandlords=0,00003A9D,"$700.00 - $2,800.00",8/22/2025,7/31/2026,"August 22, 2025- July 31, 2026",Yes,Yes,$2800,"Locations, Ltd",Apartment,University District: Northwest,Above Ground,"Columbus, OH",4,"2 full, 0 half",4,No,No,Laundry Hookup,Yes,2,Yes,n/a,$475,Yes,No,No,n/a,n/a,No,Yes,Central A/C,Yes,Yes,Yes,No,No,Yes,"SPRING 2025 MOVE IN AVAILABLE

Copy link for more info:
https://www.osulive.com/listings/detail/75274067-022f-4176-9dc6-7a12db4c7ce0#",$0,$0,$0,$0,No,No,No,No,No,No,No,,
100 West Norwich Road,https://offcampus.osu.edu/search-housing.aspx?property=14983&pricefrom=0&sort=1&alllandlords=0,00003A87,"$700.00 - $2,100.00",8/22/2025,7/31/2026,"August 22, 2025- July 31, 2026",No,Yes,$2100,"Locations, Ltd",House,University District: Northwest,Ground Level,"Columbus, OH",3,"2 full, 0 half",3,No,Yes,Laundry Hookup,Yes,1,Yes,n/a,$380,Yes,No,No,n/a,n/a,No,No,None,Yes,Yes,Yes,No,Yes,Yes,,$0,$0,$0,$0,No,No,No,No,No,No,No,,
50 East 11th Street Unit F,https://offcampus.osu.edu/search-housing.aspx?property=15114&pricefrom=0&sort=1&alllandlords=0,00003B0A,"$700.00 - $2,800.00",8-24-2025,7-26-2026,12 Months,Yes,Yes,$2800,"Locations, Ltd",Apartment,University District: Southeast,Above Ground,"Columbus, OH",4,"2 full, 0 half",4,No,No,Laundry Hookup,Yes,1,Yes,n/a,$475,Yes,No,No,n/a,n/a,No,Yes,Central A/C,Yes,Yes,Yes,No,No,Yes,,$0,$0,$0,$0,No,No,No,No,No,No,No,,
50 East 11th Street Unit E,https://offcampus.osu.edu/search-housing.aspx?property=15113&pricefrom=0&sort=1&alllandlords=0,00003B09,"$700.00 - $2,800.00",8-24-2025,7-26-2026,12 Months,No,Yes,$2800,"Locations, Ltd",Apartment,University District: Southeast,Above Ground,"Columbus, OH",4,"2 full, 0 half",4,No,No,Laundry Hookup,Yes,1,Yes,n/a,$475,Yes,No,No,n/a,n/a,No,Yes,Central A/C,Yes,Yes,Yes,No,No,Yes,,$0,$0,$0,$0,No,No,No,No,No,No,No,,
64 West Northwood Road Unit A,https://offcampus.osu.edu/search-housing.aspx?property=14979&pricefrom=0&sort=1&alllandlords=0,00003A83,"$700.00 - $2,800.00",8-24-2025,7-26-2026,"August 24,2025 - July 26,2026",No,Yes,$2800,"Locations, Ltd",Apartment,University District: Northwest,Above Ground,"Columbus, OH",4,"2 full, 0 half",4,No,Yes,Laundry Hookup,Yes,2,Yes,n/a,$475,Yes,No,No,n/a,n/a,No,Yes,Central A/C,Yes,Yes,Yes,No,No,Yes,"WEBSITE for more pictures and showing:

https://www.osulive.com/listings/detail/bd3b0155-6415-4591-81d6-965732afaa0e

ALSO AVAILABLE FOR MOVE-IN NOW",$0,$0,$0,$0,No,No,No,No,No,No,No,,
62 West Oakland Road,https://offcampus.osu.edu/search-housing.aspx?property=14961&pricefrom=0&sort=1&alllandlords=0,00003A71,"$700.00 - $2,100.00",8-24-2025,7-26-2026,12 Months,No,Yes,$2100,"Locations, Ltd",House,University District: Northwest,Ground Level,"Columbus, OH",3,"1 full, 0 half",3,No,Yes,Laundry Hookup,Yes,3,Yes,n/a,$475,Yes,No,No,n/a,n/a,No,Yes,Central A/C,Yes,Yes,Yes,No,Yes,Yes,,$0,$0,$0,$0,No,No,No,No,No,No,No,,
95 West Patterson Road,https://offcampus.osu.edu/search-housing.aspx?property=14960&pricefrom=0&sort=1&alllandlords=0,00003A70,"$700.00 - $4,200.00",8-24-2025,7-26-2026,12 Months,No,Yes,$4200,"Locations, Ltd",House,University District: Northwest,Ground Level,"Columbus, OH",5,"1 full, 1 half",5,No,Yes,Laundry Hookup,Yes,2,Yes,n/a,$475,Yes,No,No,n/a,n/a,No,Yes,Central A/C,Yes,Yes,Yes,No,Yes,Yes,,$0,$0,$0,$0,No,No,No,No,No,No,No,,
98 Woodruff Avenue,https://offcampus.osu.edu/search-housing.aspx?property=15010&pricefrom=0&sort=1&alllandlords=0,00003AA2,"$700.00 - $3,500.00",12/16/2024,7/26/25,8/19/24 - 7/26/25,Yes,Yes,$3500,"Locations, Ltd",House,University District: Northwest,Ground Level,"Columbus, OH",5,"2 full, 1 half",5,No,No,Laundry Hookup,Yes,2,Yes,n/a,$440,Yes,No,No,n/a,n/a,No,Yes,Central A/C,Yes,Yes,Yes,No,No,No,"SPRING 2025 MOVE IN AVAILABLE

COPY Link for more info:
https://www.osulive.com/listings/detail/1ceee676-57f8-4679-bb3b-efae6c631c8c",$0,$0,$0,$0,No,No,No,No,No,No,No,,
180 East 12th Avenue Unit A,https://offcampus.osu.edu/search-housing.aspx?property=12262&pricefrom=0&sort=1&alllandlords=0,00002FE6,"$705.00 - $2,820.00",08-23-2026,08-05-2027,12 Mo.,No,Yes,$2820,Cooper Properties,Apartment,University District: Southeast,Ground Level,"Columbus, OH",4,"2 full, 0 half",4,No,No,Laundry facilities in the unit,Yes,2,Yes,n/a,n/a,Yes,Yes,No,n/a,n/a,No,No,Central A/C,Yes,Yes,Yes,No,No,Yes,"4 bedroom unit with extra large living room, fully renovated kitchen with new appliances, built in microwave, tile back splash, dishwasher, free washer & dryer in the unit, newly installed energy efficient central air and free off-street parking (2 spots). Video tours of all our properties are available at www.cooper-properties.com.  For more information please email manager@cooper-properties.com or call (614) 961-0056.

Explore Our Property at 180 E 12th Ave - Follow the Link below to Check it Out: 
https://cooper-properties.com/properties/180-e-12th-ave/",$0,$0,$0,$0,No,No,No,No,No,No,No,,
100 East 13th Avenue Unit C,https://offcampus.osu.edu/search-housing.aspx?property=12673&pricefrom=0&sort=1&alllandlords=0,00003181,"$715.00 - $3,575.00",8/20/26,8/5/27,12 Months,No,Yes,$3575,Buckeye Real Estate,Duplex/Town House,University District: Central,Above Ground,"Columbus, OH",5,"2 full, 0 half",6,No,No,Laundry facilities in the unit,Yes,1,Yes,n/a,n/a,Yes,No,No,n/a,n/a,No,No,Central A/C,Yes,Yes,Yes,No,No,No,"Great central campus location near Indianola! Five bedroom, two bath townhouse with fully equipped kitchen (including dishwasher and microhood), washer/dryer, central air. Off Street parking available.",$250,$0,$0,$0,Yes,Yes,Yes,No,No,No,No,,
1377 Forsythe Avenue Unit 8,https://offcampus.osu.edu/search-housing.aspx?property=15767&pricefrom=0&sort=1&alllandlords=0,00003D97,$725.00 - $795.00,06-01-2026,07-31-2027,0,No,No,$months rent,C.E. Investments,Apartment,University District: Southeast,Ground Level,"Columbus, OH",1,"1 full, 0 half",2,No,No,None,Yes,1,Yes,$Free,$FREE,Yes,No,No,n/a,n/a,No,No,Central A/C,No,Yes,Yes,No,No,Yes,"Free lighted parking.
Laundry (Half Block Away)",$0,$0,$0,$0,No,No,No,No,No,No,No,,
1377 Forsythe Avenue Units 1-10,https://offcampus.osu.edu/search-housing.aspx?property=8264&pricefrom=0&sort=1&alllandlords=0,00002048,$725.00 - $795.00,12-01-2025,07-31-2027,12 months,No,No,$One months rent,C.E. Investments,Apartment,University District: Southeast,Ground Level,"Columbus, OH",1,"1 full, 0 half",2,No,No,None,Yes,1,Yes,n/a,n/a,Yes,Yes,No,n/a,n/a,No,No,Central A/C,No,Yes,Yes,No,Yes,Yes,Talk with current residents privately for reviews on landlord- we will take the best care of you throughout your residency!  Quiet grad building ! Great location to medical school and hospital.,$0,$0,$0,$0,No,No,No,No,No,No,No,,
144 West 9th Avenue Unit 4,https://offcampus.osu.edu/search-housing.aspx?property=7505&pricefrom=0&sort=1&alllandlords=0,00001D51,$729.00,08-19-2026,07-31-2027,12 months,No,No,$729,Hometeam,Studio/Efficiency,University District: Southwest,Above Ground,"Columbus, OH",1,"1 full, 0 half",2,No,No,None,Yes,0,Yes,$Ask us about our pricing,n/a,Yes,No,No,n/a,n/a,No,No,Window A/C,No,Yes,Yes,No,No,No,,$0,$0,$0,$0,Yes,Yes,Yes,No,No,No,No,,
144 West 9th Avenue Unit 3,https://offcampus.osu.edu/search-housing.aspx?property=7503&pricefrom=0&sort=1&alllandlords=0,00001D4F,$729.00,08-19-2026,07-31-2027,12 month,No,No,$729,Hometeam,Studio/Efficiency,University District: Southwest,Ground Level,"Columbus, OH",1,"1 full, 0 half",2,No,No,None,Yes,0,Yes,$Ask us about our pricing,n/a,Yes,No,No,n/a,n/a,No,No,Window A/C,No,Yes,Yes,No,No,No,,$0,$0,$0,$0,Yes,Yes,Yes,No,No,No,No,,
2157 Waldeck Avenue,https://offcampus.osu.edu/search-housing.aspx?property=12267&pricefrom=0&sort=1&alllandlords=0,00002FEB,"$730.00 - $2,920.00",08-23-2026,08-05-2027,12 Mo.,No,Yes,$2920,Cooper Properties,Half Double,University District: Northeast,Ground Level,"Columbus, OH",4,"2 full, 0 half",4,No,No,Laundry facilities in the unit,Yes,4,Yes,n/a,n/a,Yes,Yes,No,n/a,n/a,No,No,Central A/C,Yes,Yes,Yes,No,No,Yes,"Great house in an excellent Location.  Complete renovation, new kitchen, two new full bathrooms, dishwasher, washer/dryer, central air Conditioning, porch, free off street parking. Video tours of all our properties are available at https://cooper-properties.com/.  For more information please email manager@cooper-properties.com or call (614) 961-0056.

Explore Our Property at 2157 Waldeck Ave - Follow the Link below to Check it Out: 
https://cooper-properties.com/properties/2157-waldeck-ave/",$0,$0,$0,$0,No,No,No,No,No,No,No,,
"PO Box 20098Columbus, OH 43220",https://offcampus.osu.edu/search-housing.aspx?property=19333&pricefrom=0&sort=1&alllandlords=0,00004B85,"$732.00 - $2,195.00",8/15/26,07/31/2027,12 Months,No,Yes,$One Month Rent,Venice Properties,Duplex/Town House,University District: Northeast,Above Ground,"Columbus, OH",3,"2 full, 0 half",4,No,Yes,Laundry Hookup,Yes,3,Yes,n/a,$200,Yes,,No,n/a,n/a,No,Yes,Central A/C,Yes,Yes,Yes,No,Yes,Yes,"2181 Indiana Avenue is a beautiful 3 bedroom, 2 bathroom duplex that has gone through an extensive renovation. The kitchen has new cabinets, granite counter tops, matching slate appliances and enough cooking area for a future chef!The first floor bathroom has been completely remodeled as well. With central A / C, off street parking, huge bedrooms, and a great location, 2181 Indiana is a great spot for any college student!

To view a virtual tour of this home please visit https://youtu.be/b7n9OxZhIic",$N/A,$0,$0,$0,No,No,No,No,No,No,No,Anna Dauer,614-226-6841
339-B Chittenden Avenue Unit B,https://offcampus.osu.edu/search-housing.aspx?property=13020&pricefrom=0&sort=1&alllandlords=0,000032DC,$745.00 - $795.00,08-01-2026,07-31-2027,12 months,No,No,$Months rent,C.E. Investments,Apartment,University District: Southeast,Above Ground,"Columbus, OH",1,"1 full, 0 half",2,No,Yes,Laundry facilities in the building,Yes,0,No,n/a,n/a,Yes,No,No,n/a,n/a,No,No,Window A/C,Yes,Yes,Yes,No,Yes,Yes,"Recently updated !  Quiet, clean, comfortable and a convenient location !! Laundry in basement as well as a secure private storage unit for each unit !",$0,$0,$0,$0,No,No,No,No,No,No,No,,
1478 Michigan Avenue,https://offcampus.osu.edu/search-housing.aspx?property=21006&pricefrom=0&sort=1&alllandlords=0,0000520E,"$745.00 - $2,235.00",08/20/26,08/5/27,50 weeks,No,No,$2235,Buckeye Real Estate,Duplex/Town House,University District: Northeast,Ground Level,"Columbus, OH",3,"1 full, 0 half",4,No,Yes,Laundry facilities in the unit,Yes,2,Yes,n/a,n/a,No,,No,n/a,n/a,No,No,Central A/C,Yes,Yes,Yes,No,No,Yes,"Located near 8th Avenue, this spacious three bedroom, one bath townhouse offers a fully equipped kitchen with dishwasher and micro hood.. Unit features central air and washer/dryer. Off street parking is available!",$250,$0,$0,$0,Yes,Yes,Yes,No,No,No,No,,
31 East 12th Avenue Unit 1A,https://offcampus.osu.edu/search-housing.aspx?property=13654&pricefrom=0&sort=1&alllandlords=0,00003556,"$745.00 - $2,235.00",8/20/2026,8/5/2027,50 Weeks,No,Yes,$2289,Buckeye Real Estate,Apartment,University District: Southeast,Below Ground,"Columbus, OH",3,"1 full, 0 half",4,No,No,Laundry facilities in the building,Yes,2,Yes,n/a,n/a,Yes,No,No,n/a,n/a,No,No,Central A/C,Yes,Yes,Yes,No,No,No,"Visit this link for Early Rental Options! https://www.buckeyerealestate.com/updates/

Located on 12th and Pearl, this three bedroom, one bath remodeled flat features fully equipped kitchen including dishwasher and microhood. Also has central air, on-site coin operated laundry, and available off street parking!

Unit residents may purchase two permits

View our Leasing Procedure and a copy of our Lease Agreement at BuckeyeRealEstate.com > Future Residents > FAQs/Documents

https://my.matterport.com/show/?m=zhf9WynhaZF",$250,$0,$0,$0,Yes,Yes,Yes,No,No,No,No,,
204 East 14th Avenue Unit- 2B,https://offcampus.osu.edu/search-housing.aspx?property=14214&pricefrom=0&sort=1&alllandlords=0,00003786,"$748.00 - $2,990.00",08/20/26,08/05/27,12 Months,No,Yes,$2940,Buckeye Real Estate,Apartment,University District: Central,Above Ground,"COLUMBUS, OH",4,"1 full, 1 half",5,No,No,None,Yes,2,Yes,n/a,$80,No,No,No,n/a,n/a,No,No,Central A/C,Yes,Yes,Yes,No,No,Yes,,$250,$0,$0,$0,Yes,Yes,Yes,No,No,No,No,,
"PO Box 20098Columbus, OH 43220",https://offcampus.osu.edu/search-housing.aspx?property=18812&pricefrom=0&sort=1&alllandlords=0,0000497C,"$750.00 - $4,200.00",8/15/2026,07/31/2027,12 Months,No,Yes,$One Month Rent,Venice Properties,House,University District: Northeast,Above Ground,"Columbus, OH",7,"2 full, 0 half",7,No,Yes,Laundry Hookup,Yes,1,No,n/a,n/a,Yes,,Yes,$50,n/a,No,Yes,Central A/C,Yes,Yes,Yes,No,Yes,Yes,"NEW PRICE  55 East Oakland Avenue is a 7 bedroom 2 bathroom expansive home just a half block off of High Street! Custom hardwood flooring leads directly to a spacious living room with beautiful bay window, while a large kitchen with plenty of cooking and cabinet space offers a gas stove, stainless steel dishwasher, and a brand new refrigerator. Every bedroom is very spacious including an enormous loft bedroom on the 3rd floor! This home features A/C, washer and dryer hookups, custom built in book shelves and cabinets, and even includes the biggest back yard we own and a one car garage. Lastly, we have installed brand new granite counter tops in the kitchen and refinished the hardwood floors on the 2nd and 3rd floor, this is one of the nicest homes on campus!

To view a virtual tour of this home please visit https://youtu.be/7hJtYoVjbWI",$N/A,$0,$0,$0,No,No,No,No,No,No,No,Anna Dauer,614-226-6841
"2104 Tuller StreetColumbus, OH 43201",https://offcampus.osu.edu/search-housing.aspx?property=22017&pricefrom=0&sort=1&alllandlords=0&sublet=true,00005601,$800.00,5/6/2026,8/2/2026,Flexible,No,Yes,$0-100,Inn-Town Homes and Apartments,Studio/Efficiency,University District: Northeast,Above Ground,"Columbus, OH",1,"1 full, 0 half",1,No,No,Laundry facilities in the building,Yes,0,Yes,n/a,n/a,Yes,,Yes,n/a,n/a,Yes,No,Central A/C,No,No,Yes,No,No,No,"Fitness Room, Floor Kitchen Area",$0,$0,$0,$0,No,No,No,No,Yes,Yes,Yes,Jill Kaikis,614-294-1684
76 West Blake  Avenue,https://offcampus.osu.edu/search-housing.aspx?property=17996&pricefrom=0&sort=1&alllandlords=0,0000464C,$750.00 - $800.00,01-09-2026,06-30-2026,negotiable,Yes,No,$$1000,Sandy Bolzenius,Half Double,University District: Northwest,Ground Level,"Columbus , OH",1,"1 full, 0 half",1,No,No,Laundry facilities in the building,Yes,0,No,n/a,n/a,Yes,,No,n/a,n/a,Yes,Yes,Central A/C,No,Yes,Yes,Yes,Yes,Yes,"Location in a quiet neighborhood near campus. No car needed!

This is a community for international advanced scholars. I have been welcoming international advanced scholars for twenty-five years. If available, which I usually am, I offer airport pick-up. This is a friendly and welcoming place to live and study in a location that can't be beat!",$n/a,$0,$0,$0,No,No,No,Yes,No,No,No,,
78 West Blake Avenue,https://offcampus.osu.edu/search-housing.aspx?property=18155&pricefrom=0&sort=1&alllandlords=0,000046EB,$750.00 - $800.00,01-10-2026,06-30-2026,flexible,Yes,No,$$600-$1000,Sandy Bolzenius,Half Double,University District: Northwest,Above Ground,"Columbus, OH",1,"1 full, 0 half",1,No,Yes,Laundry facilities in the building,Yes,0,No,n/a,n/a,Yes,,No,n/a,n/a,Yes,No,Central A/C,No,Yes,Yes,Yes,Yes,Yes,"For twenty-five years, I have been welcoming serious scholars in our little international community. This is a quiet and friendly home where over the years residents have completed papers, dissertations, degrees, and various other academic programs. I have just four units, and each one is safe, comfortable, and affordable. 
 
I also offer free pick-up from airport if available (usually the case). 

NOTE: If you don't receive a response from your email, please call/text me at 614-843-6170.",$n/a,$0,$0,$0,No,No,No,No,No,No,No,,
30 East Lane Avenue Unit 102A,https://offcampus.osu.edu/search-housing.aspx?property=17635&pricefrom=0&sort=1&alllandlords=0,000044E3,$750.00,08/16/2026,08/06/2027,356 Days,No,Yes,$750,Pella Company,Studio/Efficiency,University District: Northeast,Ground Level,"Columbus, OH",1,"1 full, 0 half",2,No,No,Laundry facilities in the building,Yes,1,Yes,n/a,$100,No,,No,n/a,n/a,No,No,Central A/C,No,Yes,Yes,No,No,No,,$0,$0,$0,$0,No,No,No,No,Yes,No,No,,
131-133 East Norwich Avenue,https://offcampus.osu.edu/search-housing.aspx?property=12250&pricefrom=0&sort=1&alllandlords=0,00002FDA,"$750.00 - $3,000.00",08-23-2026,08-05-2027,12 Mo.,No,Yes,$3000,Cooper Properties,Half Double,University District: Northeast,Above Ground,"Columbus, OH",4,"1 full, 0 half",4,No,Yes,Laundry facilities in the unit,Yes,4,Yes,n/a,n/a,Yes,Yes,No,n/a,n/a,No,No,Central A/C,Yes,Yes,Yes,No,Yes,Yes,"Great house on a great street, big kitchen, large living/dining room, dishwasher, washer/dryer, central air conditioning, hardwood floors, basement, porch, front and back yard, free off street parking. Video tours of all our properties are available at www.cooper-properties.com.  For more information please email manager@cooper-properties.com or call (614) 961-0056.

Explore Our Property at 131-133 E. Norwich Ave - Follow the Link below to Check it Out: 
https://cooper-properties.com/properties/131-133-e-norwich-ave/",$0,$0,$0,$0,No,No,No,No,No,No,No,,
2163 East Indianola Road Unit B,https://offcampus.osu.edu/search-housing.aspx?property=15000&pricefrom=0&sort=1&alllandlords=0,00003A98,"$750.00 - $3,000.00",8/22/2025,7/31/2026,"August 22, 2025- July 31, 2026",No,Yes,$3000,"Locations, Ltd",Apartment,University District: Southeast,Above Ground,"Columbus, OH",4,"2 full, 0 half",4,No,No,Laundry Hookup,Yes,2,Yes,n/a,$475,Yes,No,No,n/a,n/a,No,Yes,Central A/C,Yes,Yes,Yes,No,No,Yes,https://www.osulive.com/listings/detail/5adcea17-c14f-4e0f-bc56-d86b00b8319c,$0,$0,$0,$0,No,No,No,No,No,No,No,,
2132 Indianola Road,https://offcampus.osu.edu/search-housing.aspx?property=15007&pricefrom=0&sort=1&alllandlords=0,00003A9F,"$750.00 - $3,750.00",8-24-2025,7-26-2026,12 Months,Yes,Yes,$3750,"Locations, Ltd",House,University District: Central,Ground Level,"Columbus, OH",5,"2 full, 0 half",5,No,Yes,Laundry Hookup,Yes,5,Yes,n/a,$475,Yes,No,No,n/a,n/a,No,Yes,Central A/C,Yes,Yes,Yes,No,Yes,Yes,"Newly remodeled new flooring, new upstairs bathroom, new kitchen. 

Copy link for more info:
https://www.osulive.com/listings/detail/25492654-21fb-415f-a548-d8ab249b0955",$0,$0,$0,$0,No,No,No,No,No,No,No,,
2169 Indianola Road Unit D,https://offcampus.osu.edu/search-housing.aspx?property=15006&pricefrom=0&sort=1&alllandlords=0,00003A9E,"$750.00 - $3,000.00",8-24-2025,7-26-2026,12 Months,No,Yes,$3000,"Locations, Ltd",Apartment,University District: Northwest,Above Ground,"Columbus, OH",4,"2 full, 0 half",0,No,No,Laundry Hookup,Yes,2,Yes,n/a,$475,Yes,No,No,n/a,n/a,No,Yes,Central A/C,Yes,Yes,Yes,No,No,Yes,,$0,$0,$0,$0,No,No,No,No,No,No,No,,
2163 East Indianola Road Unit D,https://offcampus.osu.edu/search-housing.aspx?property=15002&pricefrom=0&sort=1&alllandlords=0,00003A9A,"$750.00 - $3,000.00",8-24-2025,7-26-2026,12 Months,No,Yes,$3000,"Locations, Ltd",Apartment,University District: Southeast,Above Ground,"Columbus, OH",4,"2 full, 0 half",4,No,No,Laundry Hookup,Yes,2,Yes,n/a,$475,Yes,No,No,n/a,$380,No,Yes,Central A/C,Yes,Yes,Yes,No,No,Yes,"Copy link for more info:
https://www.osulive.com/listings/detail/48ebf3a1-44a6-4b5f-8c4d-ddea4141c76d",$0,$0,$0,$0,No,No,No,No,No,No,No,,
1628 Indianola Avenue Unit 1628,https://offcampus.osu.edu/search-housing.aspx?property=8067&pricefrom=0&sort=1&alllandlords=0,00001F83,$755.00 - $879.00,08-19-2026,07-31-2027,12 months,No,No,$799-879,Hometeam,Apartment,University District: Southeast,Above Ground,"Columbus, OH",1,"1 full, 0 half",2,No,No,Laundry facilities in the building,Yes,1,Yes,$Ask us about our pricing,n/a,Yes,Yes,No,n/a,n/a,No,No,Window A/C,No,Yes,Yes,No,No,No,,$0,$0,$0,$0,Yes,Yes,Yes,No,No,No,No,,
40  East 18th Avenue,https://offcampus.osu.edu/search-housing.aspx?property=14039&pricefrom=0&sort=1&alllandlords=0,000036D7,"$755.00 - $2,265.00",8/20/26,8/5/27,12 Months,No,Yes,$2265,Buckeye Real Estate,Half Double,University District: Central,Above Ground,"Columbus, OH",3,"1 full, 0 half",4,No,No,None,Yes,2,Yes,n/a,n/a,Yes,No,No,n/a,n/a,No,No,None,No,Yes,Yes,No,No,Yes,,$250,$0,$0,$0,Yes,Yes,Yes,No,Yes,Yes,No,,
1377 Forsythe Avenue Unit 10,https://offcampus.osu.edu/search-housing.aspx?property=15769&pricefrom=0&sort=1&alllandlords=0,00003D99,$775.00 - $849.00,07-15-2026,7-31-2027,12 months,No,No,$Months rent,C.E. Investments,Apartment,University District: Southeast,Ground Level,"Columbus, OH",1,"1 full, 0 half",2,No,No,Laundry facilities in the building,Yes,1,Yes,$FREE,n/a,Yes,No,No,n/a,n/a,No,No,Window A/C,No,Yes,Yes,No,No,Yes,"Free lighted parking.
Laundry (Half Block Away)",$0,$0,$0,$0,No,No,No,No,No,No,No,,
30 West Tenth Avenue Unit A,https://offcampus.osu.edu/search-housing.aspx?property=20794&pricefrom=0&sort=1&alllandlords=0,0000513A,$775.00,8/9/2026,7/31/2027,356 days,No,Yes,$775,Pella Company,Studio/Efficiency,University District: Southwest,Ground Level,"Columbus, OH",0,"1 full, 0 half",2,No,No,None,Yes,1,Yes,n/a,$100,Yes,,No,n/a,n/a,No,No,Window A/C,No,Yes,Yes,No,No,No,,$0,$0,$0,$0,No,No,No,No,Yes,No,No,,
32 West 10th Avenue Unit A,https://offcampus.osu.edu/search-housing.aspx?property=11146&pricefrom=0&sort=1&alllandlords=0,00002B8A,$775.00,8/9/2026,7/31/2027,356 Days,No,Yes,$775,Pella Company,Studio/Efficiency,University District: Southwest,Above Ground,"Columbus, OH",0,"1 full, 0 half",2,No,No,None,Yes,1,Yes,n/a,$100,No,No,No,n/a,n/a,No,No,Window A/C,No,Yes,Yes,No,No,Yes,,$0,$0,$0,$0,No,No,No,No,Yes,No,No,,
2147-2149 Waldeck Avenue,https://offcampus.osu.edu/search-housing.aspx?property=12266&pricefrom=0&sort=1&alllandlords=0,00002FEA,"$775.00 - $2,325.00",08-23-2026,08-05-2027,12 Mo.,No,Yes,$2325,Cooper Properties,Half Double,University District: Northeast,Above Ground,"Columbus, OH",3,"1 full, 0 half",3,No,Yes,Laundry facilities in the unit,Yes,3,Yes,n/a,n/a,Yes,Yes,No,n/a,n/a,No,No,Central A/C,Yes,Yes,Yes,No,Yes,No,"Great half house, big kitchen, dishwasher, washer/dryer, central air conditioning, basement, yard, free off street parking. Video tours of all our properties are available at www.cooper-properties.com.  For more information please email manager@cooper-properties.com or call (614) 961-0056.

Explore Our Property at 2147-2149 Waldeck Ave - Follow the Link below to Check it Out: 
https://cooper-properties.com/properties/2147-2149-waldeck-ave/",$0,$0,$0,$0,No,No,No,No,No,No,No,,
"171  King AvenueApartment a-5Columbus, OH 43201",https://offcampus.osu.edu/search-housing.aspx?property=21231&pricefrom=0&sort=1&alllandlords=0,000052EF,$775.00 - $795.00,08-06-2025,07-20-2026,360 days,No,No,$795,JB Properties,Apartment,University District: Southwest,Above Ground,"Columbus, OH",1,"1 full, 0 half",2,No,No,Laundry facilities in the building,Yes,1,Yes,n/a,n/a,Yes,,No,n/a,n/a,No,No,Central A/C,Yes,Yes,Yes,No,No,No,,$0,$0,$0,$0,No,No,No,No,No,No,Yes,Jason Bowers,614-774-5201
35 East 12th Avenue Unit 2C,https://offcampus.osu.edu/search-housing.aspx?property=13673&pricefrom=0&sort=1&alllandlords=0,00003569,"$780.00 - $2,340.00",8/20/26,8/5/27,50 Weeks,No,Yes,$2340,Buckeye Real Estate,Apartment,University District: Southeast,Ground Level,"Columbus, OH",3,"1 full, 0 half",4,No,No,Laundry facilities in the building,Yes,2,Yes,n/a,n/a,Yes,No,No,n/a,n/a,No,No,Central A/C,Yes,Yes,Yes,No,No,No,"Visit this link for Early Rental Options! https://www.buckeyerealestate.com/updates/

Under construction for Fall 2020 move in! Located on 12th and Pearl, this three bedroom, one bath remodeled flat features fully equipped kitchen including dishwasher and microhood. Also has central air, on-site coin operated laundry, and available off street parking!

Unit residents may purchase two permits

View our Leasing Procedure and a copy of our Lease Agreement at BuckeyeRealEstate.com > Future Residents > FAQs/Documents

https://my.matterport.com/show/?m=zhf9WynhaZF",$250,$0,$0,$0,Yes,Yes,Yes,No,No,No,No,,
35 East 12th Avenue Unit 3A,https://offcampus.osu.edu/search-housing.aspx?property=13674&pricefrom=0&sort=1&alllandlords=0,0000356A,"$780.00 - $2,340.00",8/20/26,8/5/27,12 Months,No,Yes,$2340,Buckeye Real Estate,Apartment,University District: Southeast,Above Ground,"Columbus, OH",3,"1 full, 0 half",4,No,No,Laundry facilities in the building,Yes,2,Yes,n/a,n/a,Yes,No,No,n/a,n/a,No,No,Central A/C,Yes,Yes,Yes,No,No,No,Microwave included. Coin-op Laundry,$250,$0,$0,$0,Yes,Yes,Yes,No,No,No,No,,
218 East 17th Avenue Unit F,https://offcampus.osu.edu/search-housing.aspx?property=13923&pricefrom=0&sort=1&alllandlords=0,00003663,"$783.00 - $3,130.00",08/20/26,08/05/27,12 Months,No,Yes,$3130,Buckeye Real Estate,Apartment,University District: Central,Ground Level,"Columbus, OH",4,"2 full, 0 half",5,No,No,Laundry facilities in the unit,Yes,4,Yes,n/a,n/a,Yes,No,No,n/a,n/a,No,No,Central A/C,Yes,Yes,Yes,Yes,No,No,Microhood and ceiling fans included.,$250,$0,$0,$0,Yes,Yes,Yes,No,No,No,No,,
"2981 Olentangy River RoadColumbus, OH 43202",https://offcampus.osu.edu/search-housing.aspx?property=21682&pricefrom=0&sort=1&alllandlords=0&sublet=true,000054B2,$897.00,6/1/2025,8/1/2026,15 months,No,Yes,$0,University Village Apartments,Studio/Efficiency,University District: Northeast,Below Ground,"Columbus , OH",0,"1 full, 0 half",1,No,No,Laundry facilities in the building,Yes,1,Yes,n/a,n/a,Yes,,No,n/a,n/a,No,No,Window A/C,No,Yes,Yes,No,No,No,,$300,$30,$0,$0,Yes,Yes,Yes,No,Yes,No,Yes,Todd Jessup,614-261-1211
33 West 8th  Avenue A,https://offcampus.osu.edu/search-housing.aspx?property=15268&pricefrom=0&sort=1&alllandlords=0,00003BA4,$795.00,08-01-2026,07-31-2027,12 Months,No,No,$months rent,C.E. Investments,Apartment,University District: Southwest,Above Ground,"Columbus, OH",1,"1 full, 0 half",2,No,No,Laundry facilities in the building,Yes,1,Yes,n/a,n/a,Yes,No,No,n/a,n/a,No,No,Window A/C,No,Yes,Yes,No,Yes,Yes,"Move-In July 25-Aug 5 Lighted  parking, laundry is across the street. Water is 25 per month. You are across the street from the grocery store, bus line and mere steps from the Gateway.",$0,$0,$0,$0,No,No,No,No,No,No,No,,
101 East Patterson Avenue,https://offcampus.osu.edu/search-housing.aspx?property=21902&pricefrom=0&sort=1&alllandlords=0,0000558E,"$795.00 - $4,770.00",08-01-2026,07-23-2027,12 months,No,Yes,$3000,Ohio State Properties,Duplex/Town House,University District: Northeast,Ground Level,"Columbus, OH",6,"5 full, 1 half",7,No,No,Laundry facilities in the unit,Yes,6,Yes,n/a,n/a,Yes,,No,n/a,n/a,No,No,Central A/C,Yes,Yes,Yes,No,Yes,Yes,,$0,$0,$0,$0,No,No,No,No,No,No,No,,
1734 Summit Avenue,https://offcampus.osu.edu/search-housing.aspx?property=11331&pricefrom=0&sort=1&alllandlords=0,00002C43,$795.00,01/10/26,07/25/2026,6 months,Yes,No,$1 months rent,JB Properties,Apartment,University District: Central,Above Ground,"Columbus, OH",1,"1 full, 0 half",2,No,No,Laundry facilities in the building,Yes,1,Yes,n/a,n/a,Yes,Yes,No,n/a,n/a,No,No,Central A/C,Yes,Yes,Yes,No,No,Yes,,$0,$0,$0,$0,No,No,No,No,No,No,No,,
60 West Ninth Avenue B,https://offcampus.osu.edu/search-housing.aspx?property=11364&pricefrom=0&sort=1&alllandlords=0,00002C64,$795.00,08-06-2025,7/20/2026,12 mos,No,No,$1 months rent,JB Properties,Apartment,University District: Southwest,Above Ground,"Columbus, OH",1,"1 full, 0 half",1,No,No,Laundry facilities in the building,Yes,0,No,$25,$300,Yes,No,No,n/a,n/a,No,No,Window A/C,Yes,Yes,Yes,No,No,Yes,with new kitchen w/off street parking available,$0,$0,$0,$0,No,No,No,No,Yes,No,No,,
171 King Avenue,https://offcampus.osu.edu/search-housing.aspx?property=11374&pricefrom=0&sort=1&alllandlords=0,00002C6E,$795.00,07-22-2025,7/20/2026,12 months,No,No,$1 months rent,JB Properties,Apartment,University District: Southwest,Above Ground,"Columbus, OH",1,"1 full, 0 half",2,No,No,Laundry facilities in the building,Yes,1,Yes,n/a,n/a,Yes,No,No,n/a,n/a,No,No,Window A/C,No,Yes,Yes,No,No,No,,$0,$0,$0,$0,No,No,No,No,No,No,No,,
58 West Ninth Avenue,https://offcampus.osu.edu/search-housing.aspx?property=11363&pricefrom=0&sort=1&alllandlords=0,00002C63,$795.00,08-05-2025,7/20/2026,12 months,Yes,No,$795,JB Properties,Apartment,University District: Southwest,Above Ground,"Columbus, OH",1,"1 full, 0 half",2,No,No,Laundry facilities in the building,Yes,0,No,n/a,n/a,Yes,No,No,n/a,n/a,No,No,Window A/C,No,Yes,Yes,Yes,No,Yes,on-site laundry close to law and gateway.  Heating of water paid for.  Call (614)774-5201 for any qs.,$0,$0,$0,$0,No,No,No,No,Yes,No,Yes,,
1524 Neil Avenue Unit 14,https://offcampus.osu.edu/search-housing.aspx?property=16860&pricefrom=0&sort=1&alllandlords=0,000041DC,$799.00 - $959.00,08-19-2026,07-31-2027,12 months,No,No,$799-959,Hometeam,Studio/Efficiency,University District: Southwest,Above Ground,"Columbus, OH",1,"1 full, 0 half",1,No,No,None,Yes,0,Yes,$Ask us about our pricing,n/a,Yes,,No,n/a,n/a,No,No,Central A/C,No,Yes,Yes,No,No,Yes,,$0,$0,$0,$0,Yes,Yes,Yes,No,No,No,No,,
1524 Neil Avenue Unit 15,https://offcampus.osu.edu/search-housing.aspx?property=16835&pricefrom=0&sort=1&alllandlords=0,000041C3,$799.00 - $959.00,08-19-2026,07-31-2027,12 months,No,No,$799-959,Hometeam,Studio/Efficiency,University District: Southwest,Above Ground,"Columbus, OH",1,"1 full, 0 half",1,No,No,Laundry facilities in the unit,Yes,0,Yes,$Ask us about our pricing,n/a,Yes,,No,n/a,n/a,No,No,Central A/C,Yes,Yes,Yes,No,No,Yes,,$0,$0,$0,$0,Yes,Yes,Yes,No,No,No,No,,
"1396 N High StColumbus, OH 43201",https://offcampus.osu.edu/search-housing.aspx?property=21878&pricefrom=0&sort=1&alllandlords=0&sublet=true,00005576,"$1,719.00",10/1/2025,7/31/2026,10 month,Yes,Yes,$500,Uncommon  Columbus,Apartment,University District: Southeast,Above Ground,"Columbus, OH",1,"1 full, 0 half",2,Yes,No,Laundry facilities in the unit,Yes,1,No,n/a,n/a,No,,Yes,$115,n/a,Yes,Yes,Central A/C,Yes,Yes,Yes,Yes,No,No,Free Wifi and mounted TV are included,$100,$35,$35,$35,Yes,Yes,Yes,Yes,Yes,No,Yes,Lindsay Woodfork,614-932-2009
200 West Norwich Avenue  (Sublet),https://offcampus.osu.edu/search-housing.aspx?property=19434&pricefrom=0&sort=1&alllandlords=0&sublet=true,00004BEA,"$1,020.00",1/1/2026,7/22/2026,12-month & Short-term,Yes,Yes,$199,The Urban,Apartment,University District: Northeast,Above Ground,"Columbus, OH",1,"1 full, 0 half",258,Yes,No,Laundry facilities in the building,Yes,140,No,n/a,n/a,No,,Yes,$109,n/a,Yes,Yes,Window A/C,Yes,Yes,Yes,Yes,No,No,"On-site Maintenance
TV Lounge
Clubhouse
Community Kitchens
Vending Machines
24 Hour Fitness Gym 
Hot Tub
Study Rooms
Media Room
Air Conditioner
Refrigerator
Mounted Big Screen TV
Personal Kitchenette
Personal Restroom",$None,$45,$45,$45,Yes,Yes,Yes,No,No,No,No,,
70 West Northwood Road Unit 1B,https://offcampus.osu.edu/search-housing.aspx?property=14963&pricefrom=0&sort=1&alllandlords=0,00003A73,"$800.00 - $1,600.00",08-23-2026,07-31-2027,12 Months,No,Yes,$1600,"Locations, Ltd",Apartment,University District: Northwest,Ground Level,"Columbus, OH",2,"1 full, 0 half",2,No,No,Laundry facilities in the building,Yes,2,Yes,n/a,$475,Yes,No,No,n/a,n/a,No,No,Central A/C,Yes,Yes,Yes,No,No,Yes,https://www.osulive.com/listings/detail/84f59b86-0943-4ae0-8cef-1f3404ce5dfe,$0,$0,$0,$0,No,No,No,No,No,No,No,,
70 West Northwood Road Unit 1A,https://offcampus.osu.edu/search-housing.aspx?property=14962&pricefrom=0&sort=1&alllandlords=0,00003A72,"$800.00 - $1,600.00",08-23-2026,07-31-2027,12 Months,Yes,Yes,$1600,"Locations, Ltd",Apartment,University District: Northwest,Ground Level,"Columbus, OH",2,"1 full, 0 half",2,No,No,Laundry facilities in the building,Yes,2,Yes,n/a,$475,Yes,No,No,n/a,n/a,No,No,Central A/C,Yes,Yes,Yes,No,No,Yes,"COPY Link for more info:
https://www.osulive.com/listings/detail/0f43322e-37cf-4e9a-a4f7-e58cdb25eade",$0,$0,$0,$0,No,No,No,No,No,No,No,,
50 East 11th Street Unit B,https://offcampus.osu.edu/search-housing.aspx?property=15110&pricefrom=0&sort=1&alllandlords=0,00003B06,"$800.00 - $3,200.00",01-10-2026,7-31-2027,12 Months,Yes,Yes,$3200,"Locations, Ltd",Apartment,University District: Southeast,Above Ground,"Columbus, OH",4,"2 full, 0 half",4,No,No,Laundry Hookup,Yes,1,Yes,n/a,$475,Yes,No,No,n/a,n/a,No,Yes,Central A/C,Yes,Yes,Yes,No,No,Yes,https://www.osulive.com/listings/detail/67164c97-11be-4bfb-825e-ff7c1f51eae5,$0,$0,$0,$0,No,No,No,No,No,No,No,,
64 West Northwood Road Unit C,https://offcampus.osu.edu/search-housing.aspx?property=14981&pricefrom=0&sort=1&alllandlords=0,00003A85,"$800.00 - $3,200.00",01-10-2026,7/31/2026,"August 23, 2026 - July 31, 2027",Yes,Yes,$3300,"Locations, Ltd",Apartment,University District: Northwest,Ground Level,"Columbus, OH",4,"2 full, 0 half",4,No,No,Laundry facilities in the building,Yes,2,Yes,n/a,$475,Yes,No,No,n/a,n/a,No,No,Central A/C,Yes,Yes,Yes,No,No,No,"WEBSITE www.osulive.com

https://www.osulive.com/listings/detail/edf339da-4a00-4b0c-989f-4533270a49c9",$0,$0,$0,$0,No,No,No,No,No,No,No,,
64 West Northwood Road Unit B,https://offcampus.osu.edu/search-housing.aspx?property=14980&pricefrom=0&sort=1&alllandlords=0,00003A84,"$800.00 - $3,200.00",01-17-2026,7/31/2027,"August 23,  2026 - July 31, 2027",Yes,Yes,$3200,"Locations, Ltd",Apartment,University District: Northwest,Ground Level,"Columbus, OH",4,"2 full, 0 half",4,No,No,Laundry facilities in the building,Yes,2,Yes,n/a,$475,Yes,No,No,n/a,n/a,No,No,Central A/C,Yes,Yes,Yes,No,No,No,"Locked Private Laundry Facility Next door with 24 hour 7 day a week access. 
COPY Link for more info:
https://www.osulive.com/listings/detail/b6b8f265-f049-48aa-8b38-c1ddcd927bbb",$0,$0,$0,$0,No,No,No,No,No,No,No,,
34 West Patterson Road,https://offcampus.osu.edu/search-housing.aspx?property=14957&pricefrom=0&sort=1&alllandlords=0,00003A6D,"$800.00 - $2,400.00",01-10-2026,7/31/2026,"August 23, 2026  July 31, 2027",Yes,Yes,$2400,"Locations, Ltd",Apartment,University District: Northwest,Above Ground,"Columbus, OH",3,"1 full, 0 half",3,No,Yes,Laundry Hookup,Yes,1,No,n/a,n/a,Yes,No,No,n/a,n/a,No,No,None,Yes,Yes,Yes,No,No,Yes,"COPY Link for more info:
 https://www.osulive.com/listings/detail/e5d0812f-588e-4c56-8285-9226095ceeb9",$0,$0,$0,$0,No,No,No,No,No,No,No,,
1437 Hunter Avenue Unit 10,https://offcampus.osu.edu/search-housing.aspx?property=17025&pricefrom=0&sort=1&alllandlords=0,00004281,$800.00,08/09/2026,07/31/2027,356 Days,No,Yes,$800,Pella Company,Apartment,University District: Southwest,Above Ground,"Columbus, OH",1,"1 full, 0 half",2,No,No,None,Yes,1,Yes,n/a,$100,Yes,,No,n/a,n/a,No,No,Window A/C,Yes,Yes,Yes,No,No,No,,$0,$0,$0,$0,No,No,No,No,Yes,No,No,,
257 East 15th Avenue,https://offcampus.osu.edu/search-housing.aspx?property=10122&pricefrom=0&sort=1&alllandlords=0,0000278A,$800.00 - $840.00,08-01-2026,07-30-2027,12 mo,No,No,$840,S&G Properties,Apartment,University District: Central,Ground Level,"Columbus, OH",1,"1 full, 0 half",2,No,No,Laundry facilities in the building,Yes,0,Yes,n/a,$700,Yes,No,No,n/a,n/a,No,No,Central A/C,No,Yes,Yes,No,No,Yes,"Laundry, close to campus, secure, large double closets.",$0,$0,$0,$0,No,No,No,No,No,No,No,,
183 Frambes Road,https://offcampus.osu.edu/search-housing.aspx?property=15009&pricefrom=0&sort=1&alllandlords=0,00003AA1,"$800.00 - $4,800.00",8-24-2025,7-26-2026,12 Months,No,Yes,$4800,"Locations, Ltd",House,University District: Northwest,Ground Level,"Columbus, OH",6,"2 full, 0 half",6,No,Yes,Laundry Hookup,Yes,0,Yes,n/a,n/a,Yes,No,No,n/a,n/a,No,No,Central A/C,Yes,Yes,Yes,No,Yes,Yes,,$0,$0,$0,$0,No,No,No,No,No,No,No,,
2121 Iuka Road Unit C,https://offcampus.osu.edu/search-housing.aspx?property=15015&pricefrom=0&sort=1&alllandlords=0,00003AA7,$800.00,8/22/2025,7/31/2026,"August 22, 2025- July 31, 2026",No,Yes,$800,"Locations, Ltd",Apartment,University District: Central,Ground Level,"Columbus, OH",1,"1 full, 0 half",1,No,No,None,Yes,2,Yes,n/a,$475,Yes,No,No,n/a,n/a,No,No,Central A/C,Yes,Yes,Yes,No,No,Yes,"Copy link for more info:
https://www.osulive.com/listings/detail/94d4851e-7292-448f-9002-bb0e2139efac",$0,$0,$0,$0,No,No,No,No,No,No,No,,
1892 East Indianola Avenue Unit C,https://offcampus.osu.edu/search-housing.aspx?property=20601&pricefrom=0&sort=1&alllandlords=0,00005079,"$800.00 - $3,200.00",8-24-2025,7-26-2026,12 Months,Yes,Yes,$3200,"Locations, Ltd",Apartment,University District: Central,Above Ground,"Columbus, OH",4,"2 full, 0 half",0,No,No,Laundry facilities in the unit,Yes,2,Yes,n/a,$475,Yes,,No,n/a,n/a,No,No,Central A/C,Yes,Yes,Yes,No,No,Yes,"SPRING 2025 MOVE IN AVAILABLE

Copy link for more info
https://www.osulive.com/listings/detail/6c56ce31-107c-4d8d-a77a-5981c39cde58",$0,$0,$0,$0,No,No,No,No,No,No,No,,
1892 East Indianola Avenue Unit G,https://offcampus.osu.edu/search-housing.aspx?property=19783&pricefrom=0&sort=1&alllandlords=0,00004D47,"$800.00 - $4,000.00",8-24-2025,7-26-2026,12 Months,Yes,Yes,$4000,"Locations, Ltd",Apartment,University District: Central,Above Ground,"Columbus, OH",5,"2 full, 0 half",5,No,No,Laundry Hookup,Yes,2,Yes,n/a,$475,Yes,,No,n/a,n/a,No,Yes,Central A/C,Yes,Yes,Yes,No,Yes,Yes,,$0,$0,$0,$0,No,No,No,Yes,No,No,No,,
1892 East 16th Street Unit F,https://offcampus.osu.edu/search-housing.aspx?property=15047&pricefrom=0&sort=1&alllandlords=0,00003AC7,"$800.00 - $4,000.00",8-24-2025,7-26-2026,12 Months,Yes,Yes,$4000,"Locations, Ltd",Apartment,University District: Central,Ground Level,"Columbus, OH",5,"2 full, 0 half",5,No,No,Laundry Hookup,Yes,2,Yes,n/a,$475,Yes,No,No,n/a,n/a,No,No,Central A/C,Yes,Yes,Yes,No,No,No,"SPRING 2025 MOVE IN AVAILABLE

COPY LINK FOR ADDITIONAL INFORMATION AND FREE ONLINE APPLICATION:
https://www.osulive.com/listings/detail/c98a1b27-3afa-4eaa-b9c6-7834c1fa2d4b",$0,$0,$0,$0,No,No,No,No,No,No,No,,
1892 East 16th Street Unit B,https://offcampus.osu.edu/search-housing.aspx?property=15043&pricefrom=0&sort=1&alllandlords=0,00003AC3,"$800.00 - $1,600.00",8-24-2025,7-26-2026,12 Months,No,No,$1600,"Locations, Ltd",Apartment,University District: Central,Ground Level,"Columbus, OH",2,"1 full, 0 half",2,No,No,Laundry facilities in the building,Yes,2,Yes,n/a,$475,Yes,No,No,n/a,n/a,No,No,Central A/C,Yes,Yes,Yes,No,No,No,,$0,$0,$0,$0,No,No,No,No,No,No,No,,
1892 East 16th Street Unit A,https://offcampus.osu.edu/search-housing.aspx?property=15044&pricefrom=0&sort=1&alllandlords=0,00003AC4,"$800.00 - $4,000.00",8-24-2025,7-26-2026,12 Months,No,Yes,$4000,"Locations, Ltd",Apartment,University District: Central,Ground Level,"Columbus, OH",5,"2 full, 0 half",5,No,No,Laundry Hookup,Yes,2,Yes,n/a,$475,Yes,No,No,n/a,$380,No,No,Central A/C,Yes,Yes,Yes,No,No,No,,$0,$0,$0,$0,No,No,No,No,No,No,No,,
226 East 14th Street,https://offcampus.osu.edu/search-housing.aspx?property=15069&pricefrom=0&sort=1&alllandlords=0,00003ADD,"$800.00 - $5,600.00",8-24-2025,7-26-2026,12 Months,No,Yes,$5600,"Locations, Ltd",House,University District: Central,Ground Level,"Columbus, OH",6,"3 full, 0 half",7,No,No,Laundry facilities in the unit,Yes,2,No,n/a,$475,Yes,No,No,n/a,n/a,No,No,Central A/C,Yes,Yes,Yes,No,Yes,Yes,,$0,$0,$0,$0,No,No,No,No,No,No,No,,
194 East 14th Street Unit C,https://offcampus.osu.edu/search-housing.aspx?property=15067&pricefrom=0&sort=1&alllandlords=0,00003ADB,"$800.00 - $3,200.00",8-24-2025,7-26-2026,12 Months,No,Yes,$3200,"Locations, Ltd",Apartment,University District: Central,Ground Level,"Columbus, OH",4,"2 full, 0 half",4,No,Yes,Laundry facilities in the unit,Yes,2,Yes,n/a,$475,Yes,No,No,n/a,n/a,No,No,Central A/C,Yes,Yes,Yes,No,No,No,https://www.osulive.com/listings/detail/4b88af7e-b375-4879-ac51-d624b2752bd0,$0,$0,$0,$0,No,No,No,No,No,No,No,,
194 East 14th Street Unit A,https://offcampus.osu.edu/search-housing.aspx?property=15065&pricefrom=0&sort=1&alllandlords=0,00003AD9,"$800.00 - $6,400.00",8-24-2025,7-26-2026,12 Months,No,Yes,$6400,"Locations, Ltd",Apartment,University District: Central,Ground Level,"Columbus, OH",8,"2 full, 0 half",8,No,Yes,Laundry Hookup,Yes,2,Yes,n/a,$475,Yes,No,No,n/a,n/a,No,Yes,Central A/C,Yes,Yes,Yes,No,Yes,Yes,https://www.osulive.com/listings/detail/70ade809-0c95-422c-bb98-a6270af514e6,$0,$0,$0,$0,No,No,No,No,No,No,No,,
333 West Eighth Avenue C6,https://offcampus.osu.edu/search-housing.aspx?property=15364&pricefrom=0&sort=1&alllandlords=0,00003C04,$815.00,08/01/2026,07/20/2027,12 months,No,No,$815,Wolf Properties Apartments LLC,Studio/Efficiency,University District: Southwest,Above Ground,"Columbus, OH",1,"1 full, 0 half",1,No,No,Laundry facilities in the building,Yes,0,Yes,n/a,n/a,Yes,No,No,n/a,n/a,No,No,Window A/C,No,Yes,Yes,No,No,No,Tenant pays for Electric and a flat rate fee of $25 per month for Water.  There is no Gas.  Wolf Properties Apartments maintains their own Maintenance personnel available for Routine Maintenance issues during normal business hours and Emergencies 24/7.,$200,$30,$0,$30,Yes,No,Yes,Yes,No,No,No,,
333 West Eighth Avenue C3,https://offcampus.osu.edu/search-housing.aspx?property=15363&pricefrom=0&sort=1&alllandlords=0,00003C03,$815.00,08/01/26,07/20/2027,12-month,Yes,No,$815.00,Wolf Properties Apartments LLC,Studio/Efficiency,University District: Southwest,Above Ground,"Columbus, OH",1,"1 full, 0 half",1,No,No,Laundry facilities in the building,Yes,0,Yes,n/a,n/a,Yes,No,No,n/a,n/a,No,No,Window A/C,No,Yes,Yes,No,No,No,Tenant pays for Electric and a flat rate fee of $25 per month for Water.  There is no Gas.  Wolf Properties Apartments maintains their own Maintenance personnel available for Routine Maintenance issues during normal business hours and Emergencies 24/7.,$200,$30,$0,$30,Yes,No,Yes,Yes,No,No,No,,
"2844 Atoll DrLewis Center, OH 43035",https://offcampus.osu.edu/search-housing.aspx?property=7609&pricefrom=0&sort=1&alllandlords=0,00001DB9,$825.00 - $850.00,08-01-2026,07-31-2027,12 month,No,No,$one months rent,C.E. Investments,Apartment,University District: Southwest,Above Ground,"Columbus, OH",1,"1 full, 0 half",2,No,No,Laundry facilities in the building,Yes,1,Yes,n/a,n/a,Yes,No,No,n/a,n/a,No,No,Window A/C,Yes,Yes,Yes,No,Yes,Yes,"Laundry in basement ! Refinished hardwood floors and woodwork. Water is 30 per month. 
Gateway and groceries and bus trans 1 minute away.",$0,$0,$0,$0,No,No,No,No,No,Yes,No,Jerry Einsiedel,330-692-3200
250  West 5th Avenue Rear Unit,https://offcampus.osu.edu/search-housing.aspx?property=17616&pricefrom=0&sort=1&alllandlords=0,000044D0,$825.00,3/6/2026,7/27/2027,16 months,No,Yes,$1025,Peak Property Group,Studio/Efficiency,University District: Southwest,Above Ground,"Columbus, OH",1,"1 full, 0 half",2,No,No,Laundry facilities in the building,Yes,0,No,n/a,n/a,Yes,,No,n/a,n/a,No,No,None,No,Yes,Yes,No,No,No,TO SCHEDULE A SHOWING: (614) 532-4215 or fifth-and-forsythe@rent.dynasty.com,$250,$35,$35,$35,Yes,Yes,Yes,No,No,No,No,,
"2425 N HIGH STCOLUMBUS, OH 43202",https://offcampus.osu.edu/search-housing.aspx?property=20878&pricefrom=0&sort=1&alllandlords=0,0000518E,$825.00,08-14-2026,07-30-2027,11.5 months,No,Yes,$825,G.A.S. PROPERTIES,Apartment,University District: Northwest,Above Ground,"Columbus, OH",1,"1 full, 0 half",1,No,No,Laundry facilities in the building,Yes,0,No,n/a,n/a,Yes,,No,n/a,n/a,No,No,Window A/C,No,Yes,Yes,No,No,No,,$250,$25,$0,$0,No,No,Yes,No,Yes,Yes,Yes,G.A.S. PROPERTIES,614-263-2665
321 West 8th Avenue Unit 4,https://offcampus.osu.edu/search-housing.aspx?property=8880&pricefrom=0&sort=1&alllandlords=0,000022B0,$825.00,08-19-2026,07-31-2027,12 months,No,No,$825,Hometeam,Apartment,University District: Southwest,Above Ground,"Columbus, OH",1,"1 full, 0 half",2,No,No,None,Yes,0,Yes,$Ask us about our pricing,n/a,Yes,Yes,No,n/a,n/a,No,No,None,No,Yes,Yes,No,No,No,,$0,$0,$0,$0,Yes,Yes,Yes,No,No,No,No,,
"1000 Urlin Ave #1215Grandview Heights, OH 43212",https://offcampus.osu.edu/search-housing.aspx?property=21672&pricefrom=0&sort=1&alllandlords=0,000054A8,$830.00,08-15-2026,07-31-2027,1 year,No,No,$830.00,Wolf Properties Apartments LLC,Studio/Efficiency,University District: Central,Above Ground,"Columbus, OH",1,"1 full, 0 half",1,No,No,Laundry facilities in the building,Yes,3,Yes,$Ask for Pricing,$Ask for Pricing,Yes,,No,$N/A,$N/A,No,No,Window A/C,No,Yes,Yes,No,No,No,"We currently have a limited number of Off Street parking spaces available and we do leave an Off Street parking space available for Move-Ins, Short Term parking and Drop Off's.  The Units are all Electric and there is an additional flat rate fee of $25 per month for Water.",$200,$30,$0,$30,Yes,No,Yes,Yes,No,No,Yes,Joseph Wolf,614-402-1600
150  East 13th Avenue Unit S,https://offcampus.osu.edu/search-housing.aspx?property=20282&pricefrom=0&sort=1&alllandlords=0,00004F3A,$830.00,08-15-2026,07-31-2027,One Year,No,No,$830,Wolf Properties Apartments LLC,Studio/Efficiency,University District: Central,Above Ground,"Columbus, OH",1,"1 full, 0 half",1,No,No,Laundry facilities in the building,Yes,3,Yes,$Ask for Pricing,$Ask for Pricing,Yes,,No,$N/A,$N/A,No,No,Window A/C,No,Yes,Yes,No,No,No,"We currently have a limited number of Off Street parking spaces available and we do leave an Off Street parking space available for Move-Ins, Short Term parking and Drop Off's.  The Units are all Electric and there is an additional flat rate fee of $25 per month for Water.",$200,$30,$0,$30,Yes,No,Yes,Yes,No,No,Yes,,
1619 Highland  Avenue Unit-G,https://offcampus.osu.edu/search-housing.aspx?property=20540&pricefrom=0&sort=1&alllandlords=0,0000503C,$840.00,08/20/26,8/05/27,50 Weeks,No,Yes,$840,Buckeye Real Estate,Apartment,University District: Southwest,Above Ground,"Columbus, OH",1,"1 full, 0 half",2,No,No,Laundry facilities in the building,Yes,1,Yes,n/a,n/a,No,,No,n/a,n/a,No,No,None,No,Yes,Yes,No,No,No,"Cozy Studio located near 10th and Highland features coin-op laundry on-site. Off Street parking available!

Unit residents may purchase one permit.

This property is owned by The Ohio State University and as a requirement, all residents of this lease must be a current Ohio State University student, faculty, or staff member.

View our Leasing Procedure and a copy of our Lease Agreement at BuckeyeRealEstate.com > Future Residents > FAQs/Documents

**information on this flyer subject to change**

** Video tour may be from a different unit at the property, but the general layout and look are comparable. Photos are from actual unit unless otherwise noted **",$250,$0,$0,$0,Yes,Yes,Yes,No,No,No,No,,
367 West 6th Avenue Unit 6,https://offcampus.osu.edu/search-housing.aspx?property=13753&pricefrom=0&sort=1&alllandlords=0,000035B9,$845.00,08/20/26,8/05/27,12 Months,No,Yes,$845,Buckeye Real Estate,Apartment,University District: Southwest,Above Ground,"Columbus, OH",1,"1 full, 0 half",2,No,No,Laundry facilities in the building,Yes,1,Yes,n/a,$$40,Yes,No,No,n/a,n/a,No,No,Window A/C,Yes,Yes,Yes,No,No,Yes,Microhood included.,$250,$0,$0,$0,Yes,Yes,Yes,No,No,No,No,,
367 West 6th Avenue Unit 5,https://offcampus.osu.edu/search-housing.aspx?property=13738&pricefrom=0&sort=1&alllandlords=0,000035AA,$845.00,08/20/26,8/05/27,50 weeks,No,Yes,$845,Buckeye Real Estate,Apartment,University District: Southwest,Above Ground,"Columbus, OH",1,"1 full, 0 half",2,No,No,Laundry facilities in the building,Yes,1,Yes,n/a,$$40,Yes,No,No,n/a,n/a,No,No,Window A/C,No,Yes,Yes,No,No,No,"Located in Victorian Village. These Remodeled units feature A/C, off street parking and Laundry facilities.

This is an oversold lot with limited parking spaces for the buliding, each unit is eligible to purchase one permit, it does not guarantee a space will be available.",$250,$0,$0,$0,Yes,Yes,Yes,No,No,No,No,,
367 West 6th Avenue Unit 3,https://offcampus.osu.edu/search-housing.aspx?property=13743&pricefrom=0&sort=1&alllandlords=0,000035AF,$845.00,08/20/26,8/05/27,12 Months,No,Yes,$845,Buckeye Real Estate,Apartment,University District: Southwest,Above Ground,"Columbus, OH",1,"1 full, 0 half",2,No,No,Laundry facilities in the building,Yes,1,Yes,n/a,$$40,Yes,No,No,n/a,n/a,No,No,Window A/C,No,Yes,Yes,No,No,No,Microhood included.,$250,$0,$0,$0,Yes,Yes,Yes,No,No,No,No,,
365 West 6th Avenue Unit B,https://offcampus.osu.edu/search-housing.aspx?property=13735&pricefrom=0&sort=1&alllandlords=0,000035A7,$845.00,8/20/26,8/5/27,50 weeks,No,Yes,$845,Buckeye Real Estate,Apartment,University District: Southwest,Above Ground,"Columbus, OH",1,"1 full, 0 half",2,No,No,Laundry facilities in the building,Yes,1,Yes,n/a,n/a,Yes,No,No,n/a,n/a,No,No,Window A/C,No,Yes,Yes,No,No,No,,$250,$0,$0,$0,Yes,Yes,Yes,No,No,No,No,,
365 West 6th Avenue Unit A,https://offcampus.osu.edu/search-housing.aspx?property=13733&pricefrom=0&sort=1&alllandlords=0,000035A5,$845.00,8/20/26,8/5/27,50 weeks,No,Yes,$845,Buckeye Real Estate,Apartment,University District: Southwest,Above Ground,"Columbus, OH",1,"1 full, 0 half",2,No,No,Laundry facilities in the building,Yes,1,Yes,n/a,n/a,Yes,No,No,n/a,n/a,No,No,Window A/C,No,Yes,Yes,No,No,No,,$250,$0,$0,$0,Yes,Yes,Yes,No,No,No,No,,
1345 Neil Avenue Unit 3,https://offcampus.osu.edu/search-housing.aspx?property=21070&pricefrom=0&sort=1&alllandlords=0,0000524E,$849.00,08-19-2026,07-31-2027,12 months,No,No,$849,Hometeam,Apartment,University District: Southwest,Ground Level,"Columbus, OH",1,"1 full, 0 half",1,No,No,None,Yes,1,No,$Ask us about our pricing,n/a,Yes,,No,n/a,n/a,No,No,Central A/C,Yes,Yes,Yes,No,No,No,,$0,$0,$0,$0,Yes,Yes,Yes,No,No,No,No,,
120 East 13th Avenue Unit B,https://offcampus.osu.edu/search-housing.aspx?property=10024&pricefrom=0&sort=1&alllandlords=0,00002728,$849.00 - $879.00,08-19-2026,07-31-2027,12 months,No,No,$849-879,Hometeam,Studio/Efficiency,University District: Central,Above Ground,"Columbus, OH",1,"1 full, 0 half",1,No,No,Laundry facilities in the unit,Yes,3,No,$Ask us about our pricing,n/a,Yes,Yes,No,n/a,n/a,No,No,Window A/C,Yes,Yes,Yes,No,No,No,,$0,$0,$0,$0,No,No,No,No,No,No,No,,
21 West 9th Avenue Unit 3,https://offcampus.osu.edu/search-housing.aspx?property=8080&pricefrom=0&sort=1&alllandlords=0,00001F90,$849.00,08-19-2026,07-31-2027,12 months,No,No,$849,Hometeam,Apartment,University District: Southwest,Ground Level,"Columbus, OH",1,"1 full, 0 half",2,No,No,None,Yes,0,Yes,$Ask us about our pricing,n/a,Yes,No,No,n/a,n/a,No,No,Window A/C,No,Yes,Yes,No,No,No,,$0,$0,$0,$0,Yes,Yes,Yes,No,No,No,No,,
144 West 9th Avenue Unit 2,https://offcampus.osu.edu/search-housing.aspx?property=8923&pricefrom=0&sort=1&alllandlords=0,000022DB,$849.00,08-19-2026,07-31-2027,12 months,No,No,$849,Hometeam,Apartment,University District: Southwest,Ground Level,"Columbus, OH",1,"1 full, 0 half",1,No,No,None,Yes,0,Yes,$Ask us about our pricing,n/a,Yes,No,No,n/a,n/a,No,No,Window A/C,No,Yes,Yes,No,No,No,,$0,$0,$0,$0,Yes,Yes,Yes,No,No,No,No,,
21 West 9th Avenue Unit 4,https://offcampus.osu.edu/search-housing.aspx?property=8078&pricefrom=0&sort=1&alllandlords=0,00001F8E,$849.00,08-19-2026,07-31-2027,12 months,No,No,$849,Hometeam,Apartment,University District: Southwest,Above Ground,"Columbus, OH",1,"1 full, 0 half",2,No,No,None,Yes,0,Yes,$Ask us about our pricing,n/a,Yes,No,No,n/a,n/a,No,No,Window A/C,No,Yes,Yes,No,No,No,,$0,$0,$0,$0,Yes,Yes,Yes,No,No,No,No,,
144 West 9th Avenue Unit 1,https://offcampus.osu.edu/search-housing.aspx?property=10662&pricefrom=0&sort=1&alllandlords=0,000029A6,$849.00,08-19-2026,07-31-2027,12 month,No,No,$849,Hometeam,Studio/Efficiency,University District: Southwest,Ground Level,"Columbus, OH",1,"1 full, 0 half",1,No,No,None,Yes,0,Yes,$Ask us about our pricing,n/a,Yes,No,No,n/a,n/a,No,No,Window A/C,No,Yes,Yes,No,No,No,,$0,$0,$0,$0,Yes,Yes,Yes,No,No,No,No,,
115 East 13th  Avenue,https://offcampus.osu.edu/search-housing.aspx?property=15854&pricefrom=0&sort=1&alllandlords=0,00003DEE,$850.00 - $925.00,08-19-2026,07-31-2027,12 months,No,No,$850-925,Hometeam,Studio/Efficiency,University District: Central,Ground Level,"Columbus, OH",1,"1 full, 0 half",1,No,No,Laundry facilities in the unit,Yes,20,Yes,$Ask us about our pricing,n/a,No,,No,n/a,n/a,No,No,Window A/C,Yes,Yes,Yes,No,No,No,,$0,$0,$0,$0,Yes,Yes,Yes,No,No,No,No,,
"2244 Neil AvenueColumbus, OH 43201",https://offcampus.osu.edu/search-housing.aspx?property=21410&pricefrom=0&sort=1&alllandlords=0,000053A2,$850.00,01-15-2026,7-31-2026,6.5 Months,No,Yes,$850,"Kohr Royer Griffith, Inc.",Duplex/Town House,University District: Northeast,Ground Level,"Columbus, OH",2,"1 full, 0 half",4,No,No,Laundry facilities in the building,Yes,1,Yes,n/a,n/a,Yes,,No,n/a,n/a,No,No,Central A/C,Yes,Yes,Yes,No,No,No,,$200,$20,$20,$0,Yes,Yes,Yes,Yes,No,No,No,Pat Steane,614-291-8000
1431 Neil Avenue A,https://offcampus.osu.edu/search-housing.aspx?property=11333&pricefrom=0&sort=1&alllandlords=0,00002C45,$850.00,1/10,7/15,6 mos.,No,No,$same as rent,JB Properties,Apartment,University District: Southwest,Above Ground,"Columbus, OH",1,"1 full, 0 half",2,No,Yes,None,No,0,No,n/a,n/a,No,No,No,n/a,n/a,No,No,Central A/C,No,Yes,Yes,No,Yes,Yes,,$0,$0,$0,$0,No,No,No,No,No,No,No,,
1522 Indianola Road A,https://offcampus.osu.edu/search-housing.aspx?property=15115&pricefrom=0&sort=1&alllandlords=0,00003B0B,"$850.00 - $2,560.00",8/23/2026,7/31/2027,"August 22, 2025- July 31, 2026",No,Yes,$2550,"Locations, Ltd",Apartment,University District: Southeast,Above Ground,"Columbus, OH",3,"1 full, 1 half",3,No,No,Laundry Hookup,Yes,2,Yes,n/a,$440,Yes,No,No,n/a,n/a,No,Yes,Central A/C,Yes,Yes,Yes,No,No,Yes,https://www.osulive.com/listings/detail/02116f12-9b24-4220-831e-bd96c20233bd,$0,$0,$0,$0,No,No,No,No,No,No,No,,
2425 North High Street Unit 8,https://offcampus.osu.edu/search-housing.aspx?property=12193&pricefrom=0&sort=1&alllandlords=0,00002FA1,$850.00,08-14-2026,07-30-2027,11.5 months,No,Yes,$850,G.A.S. PROPERTIES,Apartment,University District: Northwest,Ground Level,"Columbus, OH",1,"1 full, 0 half",2,No,No,Laundry facilities in the building,Yes,0,No,n/a,n/a,Yes,No,No,n/a,n/a,No,No,Window A/C,No,Yes,Yes,No,No,Yes,,$250,$35,$0,$35,Yes,No,Yes,No,Yes,Yes,Yes,,
"2244 Neil AvenueColumbus, OH 43201",https://offcampus.osu.edu/search-housing.aspx?property=21813&pricefrom=0&sort=1&alllandlords=0,00005535,$850.00,08-15-2026,07-31-2027,11.5 Months,No,Yes,$850,"Kohr Royer Griffith, Inc.",Apartment,University District: Northeast,Ground Level,"Columbus, OH",2,"1 full, 0 half",2,No,No,Laundry facilities in the building,Yes,2,Yes,n/a,n/a,Yes,,No,n/a,n/a,No,No,Central A/C,Yes,Yes,Yes,No,No,No,,$200,$20,$20,$0,Yes,Yes,Yes,Yes,No,No,No,Pat Steane,614-291-8000
"2244 Neil AvenueColumbus, OH 43201",https://offcampus.osu.edu/search-housing.aspx?property=21627&pricefrom=0&sort=1&alllandlords=0,0000547B,$850.00,08/15/2026,07/31/2027,11.5 Months,No,Yes,$850,"Kohr Royer Griffith, Inc.",Apartment,University District: Northeast,Above Ground,"Columbus, OH",2,"1 full, 0 half",2,No,No,Laundry facilities in the building,Yes,2,Yes,n/a,n/a,Yes,,No,n/a,n/a,No,No,Central A/C,Yes,Yes,Yes,No,No,No,,$200,$20,$20,$0,Yes,Yes,Yes,Yes,No,No,No,Pat Steane,614-291-8000
171 Frambes Road,https://offcampus.osu.edu/search-housing.aspx?property=15008&pricefrom=0&sort=1&alllandlords=0,00003AA0,"$850.00 - $4,250.00",8-24-2025,7-26-2026,12 Months,No,Yes,$4250,"Locations, Ltd",House,University District: Northwest,Ground Level,"Columbus, OH",5,"1 full, 1 half",5,No,Yes,Laundry Hookup,Yes,2,Yes,n/a,$475,Yes,No,No,n/a,n/a,No,No,None,Yes,Yes,Yes,No,Yes,Yes,,$0,$0,$0,$0,No,No,No,No,No,No,No,,
59 East Norwich Road Unit D,https://offcampus.osu.edu/search-housing.aspx?property=14992&pricefrom=0&sort=1&alllandlords=0,00003A90,$850.00,"August 24, 2025","July 26, 2026","August 24, 2025- July 26, 2026",No,Yes,$850,"Locations, Ltd",Apartment,University District: Southeast,Ground Level,"Columbus, OH",1,"1 full, 0 half",1,No,No,None,Yes,1,Yes,n/a,$460,Yes,No,No,n/a,n/a,No,No,None,No,Yes,Yes,No,No,No,"COPY Link for more info:
https://www.osulive.com/listings/detail/1e6db6b4-f67e-4c1c-aa5e-8231f1185d91",$0,$0,$0,$0,No,No,No,No,No,No,No,,
45 West 9th Avenue Unit 45A,https://offcampus.osu.edu/search-housing.aspx?property=9325&pricefrom=0&sort=1&alllandlords=0,0000246D,$859.00 - $960.00,08-19-2026,07-31-2027,12 months,No,No,$859-960,Hometeam,Apartment,University District: Southwest,Ground Level,"Columbus, OH",1,"1 full, 0 half",1,No,No,None,Yes,0,Yes,$Ask us about our pricing,n/a,Yes,No,No,n/a,n/a,No,No,Window A/C,No,Yes,Yes,No,No,Yes,,$0,$0,$0,$0,Yes,Yes,Yes,No,No,No,No,,
"PO Box 12788Columbus, OH 43212",https://offcampus.osu.edu/search-housing.aspx?property=21903&pricefrom=0&sort=1&alllandlords=0&sublet=true,0000558F,"$1,720.00",1/1/2026,7/30/2026,7.5 Months,Yes,Yes,$N/A,Peak Property Group,Apartment,University District: Central,Above Ground,"Columbus, OH",2,"1 full, 0 half",2,No,No,Laundry facilities in the unit,Yes,3,Yes,$150,n/a,Yes,,No,n/a,n/a,No,No,Central A/C,Yes,Yes,Yes,No,No,No,Study room offered in complex (we have a key and wifi password),$250,$35,$35,$35,Yes,Yes,Yes,No,No,No,No,Chelsie Flores,614-360-2020
60 West 9th Avenue Unit-A,https://offcampus.osu.edu/search-housing.aspx?property=11337&pricefrom=0&sort=1&alllandlords=0,00002C49,$860.00 - $900.00,7/22/2026,7/20/2027,11 months,Yes,No,$1 months rent,JB Properties,Apartment,University District: Southwest,Above Ground,"Columbus, OH",1,"1 full, 0 half",2,No,No,Laundry facilities in the building,Yes,0,Yes,n/a,$420,Yes,No,No,n/a,n/a,No,No,Window A/C,Yes,Yes,Yes,No,No,Yes,pictures at JBProperties.us,$0,$0,$0,$0,No,No,No,No,Yes,No,Yes,,
58 West 9th Avenue,https://offcampus.osu.edu/search-housing.aspx?property=12372&pricefrom=0&sort=1&alllandlords=0,00003054,$865.00,7/22/2026,7/20/2027,12 Month,No,No,$= to one months rent,JB Properties,Apartment,University District: Southwest,Above Ground,"Columbus, OH",1,"1 full, 0 half",2,No,No,Laundry facilities in the building,Yes,0,Yes,n/a,$360,No,No,No,n/a,n/a,No,No,Window A/C,Yes,Yes,Yes,No,No,Yes,,$0,$0,$0,$0,No,No,No,No,Yes,Yes,Yes,,
1473 Belmont Avenue Unit A,https://offcampus.osu.edu/search-housing.aspx?property=7441&pricefrom=0&sort=1&alllandlords=0,00001D11,$869.00,08-19-2026,07-31-2027,12 months,No,No,$869,Hometeam,Apartment,University District: Southwest,Ground Level,"Columbus, OH",1,"1 full, 0 half",1,No,No,None,Yes,0,Yes,$Ask us about our pricing,n/a,Yes,Yes,No,n/a,n/a,No,No,None,No,Yes,Yes,No,No,Yes,,$0,$0,$0,$0,Yes,Yes,Yes,No,No,No,No,,
1619 Highland Street Unit-D,https://offcampus.osu.edu/search-housing.aspx?property=20280&pricefrom=0&sort=1&alllandlords=0,00004F38,$870.00,08/20/26,8/05/27,50 Weeks,No,Yes,$870,Buckeye Real Estate,Apartment,University District: Southwest,Above Ground,"Columbus, OH",1,"1 full, 0 half",2,No,Yes,Laundry facilities in the building,Yes,1,Yes,n/a,n/a,No,,No,n/a,n/a,No,No,None,No,Yes,Yes,No,No,No,"Cozy Studio located near 10th and Highland features coin-op laundry on-site. Off Street parking available!

Unit residents may purchase one permit.

This property is owned by The Ohio State University and as a requirement, all residents of this lease must be a current Ohio State University student, faculty, or staff member.

View our Leasing Procedure and a copy of our Lease Agreement at BuckeyeRealEstate.com > Future Residents > FAQs/Documents

https://my.matterport.com/show/?m=8S8bqHtkHtY

**information on this flyer subject to change**

** Video tour may be from a different unit at the property, but the general layout and look are comparable. Photos are from actual unit unless otherwise noted **",$250,$0,$0,$0,Yes,Yes,Yes,No,No,No,No,,
1619 Highland Street Unit C,https://offcampus.osu.edu/search-housing.aspx?property=20279&pricefrom=0&sort=1&alllandlords=0,00004F37,$870.00,08/20/26,8/05/27,50 Weeks,No,Yes,$870,Buckeye Real Estate,Apartment,University District: Southwest,Above Ground,"Columbus, OH",1,"1 full, 0 half",0,No,Yes,Laundry facilities in the building,Yes,1,Yes,n/a,$$160.00,No,,No,n/a,n/a,No,No,None,No,Yes,Yes,No,No,No,"Visit this link for Early Rental Options! https://www.buckeyerealestate.com/updates/

Cozy Studio located near 10th and Highland features coin-op laundry on-site. Off Street parking available!

Unit residents may purchase one permit.

This property is owned by The Ohio State University and as a requirement, all residents of this lease must be a current Ohio State University student, faculty, or staff member.

View our Leasing Procedure and a copy of our Lease Agreement at BuckeyeRealEstate.com > Future Residents > FAQs/Documents

**information on this flyer subject to change**

https://my.matterport.com/show/?m=unrVmdh4b9Y",$250,$0,$0,$0,Yes,Yes,Yes,No,No,No,No,,
1619 Highland Street B,https://offcampus.osu.edu/search-housing.aspx?property=20278&pricefrom=0&sort=1&alllandlords=0,00004F36,$870.00,08/20/26,8/05/27,50 Weeks,No,Yes,$870,Buckeye Real Estate,Apartment,University District: Southwest,Above Ground,"COLUMBUS, OH",1,"1 full, 0 half",2,No,Yes,Laundry facilities in the building,Yes,1,Yes,n/a,$$160.00,No,,No,n/a,n/a,No,No,None,No,Yes,Yes,No,No,No,"Cozy Studio located near 10th and Highland features coin-op laundry on-site. Off Street parking available!

Unit residents may purchase one permit.

This property is owned by The Ohio State University and as a requirement, all residents of this lease must be a current Ohio State University student, faculty, or staff member.

View our Leasing Procedure and a copy of our Lease Agreement at BuckeyeRealEstate.com > Future Residents > FAQs/Documents

https://my.matterport.com/show/?m=hCjH2cnivaT

**information on this flyer subject to change**

** Video tour may be from a different unit at the property, but the general layout and look are comparable. Photos are from actual unit unless otherwise noted **",$250,$0,$0,$0,Yes,Yes,Yes,No,No,No,No,,
"2981 Olentangy River RoadColumbus, OH 43202",https://offcampus.osu.edu/search-housing.aspx?property=22034&pricefrom=0&sort=1&alllandlords=0,00005612,$875.00 - $930.00,08-10-2026,05-24-2027,Fall Standard,No,Yes,$300-930,University Village Apartments,Apartment,Other,Above Ground,"Columbus, OH",1,"1 full, 0 half",1,No,No,Laundry facilities in the building,Yes,1,Yes,n/a,n/a,Yes,,No,n/a,n/a,No,No,Window A/C,No,Yes,Yes,No,No,No,,$300-500,$30,$30,$30,Yes,Yes,Yes,No,Yes,No,Yes,Todd Jessup,614-261-1211
"2244 Neil AvenueColumbus, OH 43201",https://offcampus.osu.edu/search-housing.aspx?property=18765&pricefrom=0&sort=1&alllandlords=0,0000494D,$875.00,8/15/2026,7/31/2027,11.5 Months,No,Yes,$875,"Kohr Royer Griffith, Inc.",Apartment,University District: Southwest,Above Ground,"Columbus, OH",1,"1 full, 0 half",2,Yes,No,None,Yes,1,Yes,n/a,n/a,Yes,,No,n/a,n/a,No,No,Window A/C,No,Yes,Yes,No,No,No,,$0,$0,$0,$0,No,No,No,No,Yes,No,No,Pat Steane,614-291-8000
"2244 Neil AvenueColumbus, OH 43201",https://offcampus.osu.edu/search-housing.aspx?property=18756&pricefrom=0&sort=1&alllandlords=0,00004944,$875.00,08-15-2026,07-31-2027,11.5 Months,No,Yes,$875,"Kohr Royer Griffith, Inc.",Apartment,University District: Southwest,Above Ground,"Columbus, OH",1,"1 full, 0 half",2,Yes,No,None,Yes,1,Yes,n/a,n/a,Yes,,No,n/a,n/a,No,No,Window A/C,No,Yes,Yes,No,No,No,,$0,$0,$0,$0,No,No,No,No,Yes,No,No,Pat Steane,614-291-8000
"2244 Neil AvenueColumbus, OH 43201",https://offcampus.osu.edu/search-housing.aspx?property=18764&pricefrom=0&sort=1&alllandlords=0,0000494C,$875.00,8/15/2026,7/31/2027,11.5 Months,No,Yes,$875,"Kohr Royer Griffith, Inc.",Apartment,University District: Southwest,Above Ground,"Columbus, OH",1,"1 full, 0 half",2,Yes,No,None,Yes,1,Yes,n/a,n/a,Yes,,No,n/a,n/a,No,No,Window A/C,No,Yes,Yes,No,No,No,Garbage disposal. Call to schedule a showing today!,$0,$0,$0,$0,No,No,No,No,Yes,No,No,Pat Steane,614-291-8000
1369 Forsythe Avenue 6,https://offcampus.osu.edu/search-housing.aspx?property=18762&pricefrom=0&sort=1&alllandlords=0,0000494A,$875.00,8/15/2026,7/31/2027,11.5 Months,No,Yes,$875,"Kohr Royer Griffith, Inc.",Apartment,University District: Southwest,Above Ground,"Columbus, OH",1,"1 full, 0 half",2,No,No,None,Yes,1,Yes,n/a,n/a,Yes,,No,n/a,n/a,No,No,Window A/C,No,Yes,Yes,No,No,No,Second Floor unit.  Call to schedule a showing today!,$0,$0,$0,$0,No,No,No,No,Yes,No,No,,
"2244 Neil AvenueColumbus, OH 43201",https://offcampus.osu.edu/search-housing.aspx?property=18761&pricefrom=0&sort=1&alllandlords=0,00004949,$875.00,8/15/2026,7/31/2027,11.5 Months,No,Yes,$875,"Kohr Royer Griffith, Inc.",Apartment,University District: Southwest,Above Ground,"Columbus, OH",1,"1 full, 0 half",2,Yes,No,None,Yes,1,Yes,n/a,n/a,Yes,,No,n/a,n/a,No,No,Window A/C,No,Yes,Yes,No,No,No,Garbage disposal. Call to schedule a showing today!,$0,$0,$0,$0,No,No,No,No,Yes,No,No,Pat Steane,614-291-8000
"2244 Neil AvenueColumbus, OH 43201",https://offcampus.osu.edu/search-housing.aspx?property=18760&pricefrom=0&sort=1&alllandlords=0,00004948,$875.00,8/15/2026,7/31/2027,11.5 Months,No,Yes,$875,"Kohr Royer Griffith, Inc.",Apartment,University District: Southwest,Above Ground,"Columbus, OH",1,"1 full, 0 half",1,Yes,No,None,Yes,1,Yes,n/a,n/a,Yes,,No,n/a,n/a,No,No,Window A/C,No,Yes,Yes,No,No,No,,$0,$0,$0,$0,No,No,No,No,Yes,No,No,Pat Steane,614-291-8000
"2244 Neil AvenueColumbus, OH 43201",https://offcampus.osu.edu/search-housing.aspx?property=18758&pricefrom=0&sort=1&alllandlords=0,00004946,$875.00,08/15/2026,07/31/2027,11.5 Months,No,Yes,$875,"Kohr Royer Griffith, Inc.",Apartment,University District: Southwest,Above Ground,"Columbus, OH",1,"1 full, 0 half",2,Yes,No,None,Yes,1,Yes,n/a,n/a,Yes,,No,n/a,n/a,No,No,Window A/C,No,Yes,Yes,No,No,No,,$0,$0,$0,$0,No,No,No,No,Yes,No,No,Pat Steane,614-291-8000
214 East Norwich Avenue F,https://offcampus.osu.edu/search-housing.aspx?property=17904&pricefrom=0&sort=1&alllandlords=0,000045F0,$875.00,08/14/2026,07/30/2027,350 Days,No,Yes,$875,G.A.S. PROPERTIES,Apartment,University District: Northeast,Above Ground,"Columbus, OH",1,"1 full, 0 half",2,No,No,Laundry facilities in the building,Yes,1,Yes,n/a,$350,Yes,,No,n/a,n/a,No,No,Central A/C,No,Yes,Yes,No,No,No,-Off street parking -Security Lighting -Smoke detectors -Fire extinguisher,$250,$25,$25,$25,Yes,Yes,Yes,No,No,No,No,,
181 East 13th Avenue,https://offcampus.osu.edu/search-housing.aspx?property=11507&pricefrom=0&sort=1&alllandlords=0,00002CF3,"$875.00 - $5,250.00",08-20-2026,07-23-2027,12 months,No,Yes,"$$3,500",Ohio State Properties,Duplex/Town House,University District: Central,Ground Level,"Columbus, OH",6,"3 full, 0 half",7,No,Yes,Laundry facilities in the unit,Yes,2,Yes,n/a,n/a,Yes,Yes,No,n/a,n/a,No,No,Central A/C,Yes,Yes,Yes,No,Yes,Yes,,$0,$0,$0,$0,No,No,No,No,No,No,No,,
42 East 13th Avenue Unit A,https://offcampus.osu.edu/search-housing.aspx?property=17069&pricefrom=0&sort=1&alllandlords=0,000042AD,$879.00,08-19-2026,07-31-2027,12 months,No,No,$879,Hometeam,Studio/Efficiency,University District: Central,Below Ground,"Columbus, OH",1,"1 full, 0 half",1,No,No,Laundry facilities in the building,Yes,4,Yes,$Ask us about our pricing,n/a,Yes,,No,n/a,n/a,No,No,Window A/C,No,Yes,Yes,No,No,No,,$0,$0,$0,$0,Yes,Yes,Yes,No,No,No,No,,
42 East 13th Avenue Unit B,https://offcampus.osu.edu/search-housing.aspx?property=21111&pricefrom=0&sort=1&alllandlords=0,00005277,$879.00,08-19-2026,07-31-2027,12 months,No,No,$879,Hometeam,Studio/Efficiency,University District: Central,Below Ground,"Columbus, OH",1,"1 full, 0 half",1,No,No,Laundry facilities in the building,Yes,4,Yes,$Ask us about our pricing,n/a,Yes,,No,n/a,n/a,No,No,Window A/C,No,Yes,Yes,No,No,No,,$0,$0,$0,$0,Yes,Yes,Yes,No,No,No,Yes,,
75 West Ninth Avenue Unit A1,https://offcampus.osu.edu/search-housing.aspx?property=8888&pricefrom=0&sort=1&alllandlords=0,000022B8,"$879.00 - $1,000.00",08-19-2026,07-31-2027,12 months,No,No,$879-1000,Hometeam,Apartment,University District: Southwest,Above Ground,"Columbus, OH",2,"1 full, 0 half",1,No,No,None,Yes,0,Yes,$Ask us about our pricing,n/a,Yes,No,No,n/a,n/a,No,No,Window A/C,No,Yes,Yes,No,No,No,,$0,$0,$0,$0,Yes,Yes,Yes,No,No,No,No,,
49 East 14th Avenue Unit B,https://offcampus.osu.edu/search-housing.aspx?property=21109&pricefrom=0&sort=1&alllandlords=0,00005275,$879.00,08-19-2026,07-31-2027,12 months,No,No,$879,Hometeam,Studio/Efficiency,University District: Central,Ground Level,"Columbus, OH",1,"1 full, 0 half",1,No,No,Laundry facilities in the building,No,4,No,$Ask us about our pricing,n/a,No,,No,n/a,n/a,No,No,Window A/C,No,Yes,Yes,No,No,No,,$0,$0,$0,$0,Yes,Yes,Yes,No,No,No,No,,
49 East 14th Avenue Unit A,https://offcampus.osu.edu/search-housing.aspx?property=17090&pricefrom=0&sort=1&alllandlords=0,000042C2,$879.00,08-19-2026,07-31-2027,12 months,No,No,$879,Hometeam,Studio/Efficiency,University District: Central,Ground Level,"Columbus, OH",1,"1 full, 0 half",1,No,No,Laundry facilities in the building,No,4,No,$Ask us about our pricing,n/a,No,,No,n/a,n/a,No,No,Window A/C,No,Yes,Yes,No,No,No,,$0,$0,$0,$0,Yes,Yes,Yes,No,No,No,No,,
120 East 13th Avenue Unit L,https://offcampus.osu.edu/search-housing.aspx?property=21054&pricefrom=0&sort=1&alllandlords=0,0000523E,$879.00,08-19-2026,07-31-2027,12 months,No,No,$879,Hometeam,Studio/Efficiency,University District: Central,Above Ground,"Columbus, OH",1,"1 full, 0 half",1,No,No,Laundry facilities in the unit,Yes,1,No,$Ask us about our pricing,n/a,Yes,,No,n/a,n/a,No,No,Window A/C,Yes,Yes,Yes,No,No,No,,$0,$0,$0,$0,Yes,Yes,Yes,No,No,No,No,,
120 East 13th Avenue Unit R,https://offcampus.osu.edu/search-housing.aspx?property=21050&pricefrom=0&sort=1&alllandlords=0,0000523A,$879.00,08-19-2026,07-31-2027,12 months,No,No,$879,Hometeam,Studio/Efficiency,University District: Central,Above Ground,"Columbus, OH",1,"1 full, 0 half",1,No,No,Laundry facilities in the unit,Yes,0,No,$Ask us about our pricing,n/a,Yes,,No,n/a,n/a,No,No,Window A/C,Yes,Yes,Yes,No,No,No,,$0,$0,$0,$0,Yes,Yes,Yes,No,No,No,No,,
120 East 13th Avenue Unit S,https://offcampus.osu.edu/search-housing.aspx?property=21055&pricefrom=0&sort=1&alllandlords=0,0000523F,$879.00,08-19-2026,07-31-2027,12 months,No,No,$879,Hometeam,Studio/Efficiency,University District: Central,Above Ground,"Columbus, OH",1,"1 full, 0 half",1,No,No,Laundry facilities in the building,Yes,1,No,$Ask us about our pricing,n/a,Yes,,No,n/a,n/a,No,No,Window A/C,Yes,Yes,Yes,No,No,No,,$0,$0,$0,$0,Yes,Yes,Yes,No,No,No,No,,
120 East 13th Avenue Unit H,https://offcampus.osu.edu/search-housing.aspx?property=21049&pricefrom=0&sort=1&alllandlords=0,00005239,$879.00,08-19-2026,07-31-2027,12 months,No,No,$879,Hometeam,Studio/Efficiency,University District: Central,Above Ground,"Columbus, OH",1,"1 full, 0 half",1,No,No,Laundry facilities in the unit,Yes,3,No,$Ask us about our pricing,n/a,Yes,,No,n/a,n/a,No,No,Window A/C,Yes,Yes,Yes,No,No,No,,$0,$0,$0,$0,Yes,Yes,Yes,No,No,No,No,,
42 West 8th Avenue Unit 1,https://offcampus.osu.edu/search-housing.aspx?property=11904&pricefrom=0&sort=1&alllandlords=0,00002E80,$879.00,08-19-2026,07-31-2027,12 months,No,No,$879,Hometeam,Apartment,University District: Southwest,Ground Level,"Columbus, OH",1,"1 full, 0 half",2,No,No,None,Yes,0,Yes,$Ask us about our pricing,n/a,Yes,No,No,n/a,n/a,No,No,None,No,Yes,Yes,No,No,Yes,,$0,$0,$0,$0,Yes,Yes,Yes,No,No,No,No,,
352 King Avenue Unit 5,https://offcampus.osu.edu/search-housing.aspx?property=7540&pricefrom=0&sort=1&alllandlords=0,00001D74,$879.00,08-19-2026,07-31-2027,12 months,No,No,$879,Hometeam,Apartment,University District: Southwest,Above Ground,"Columbus, OH",1,"1 full, 0 half",2,No,No,Laundry facilities in the building,Yes,0,Yes,$Ask us about our pricing,n/a,Yes,Yes,No,n/a,n/a,No,No,Window A/C,No,Yes,Yes,No,No,No,,$0,$0,$0,$0,Yes,Yes,Yes,No,No,No,No,,
71 West 9th Avenue Unit 2,https://offcampus.osu.edu/search-housing.aspx?property=7452&pricefrom=0&sort=1&alllandlords=0,00001D1C,$880.00,08-19-2026,07-31-2027,12 months,No,No,$880,Hometeam,Studio/Efficiency,University District: Southwest,Above Ground,"Columbus, OH",1,"1 full, 0 half",1,No,No,None,Yes,0,Yes,$Ask us about our pricing,n/a,Yes,No,No,n/a,n/a,No,No,None,No,Yes,Yes,No,No,No,,$0,$0,$0,$0,Yes,Yes,Yes,No,No,No,No,,
71 West 9th Avenue Unit 4,https://offcampus.osu.edu/search-housing.aspx?property=21067&pricefrom=0&sort=1&alllandlords=0,0000524B,$880.00,08-19-2026,07-31-2027,12 months,No,No,$880,Hometeam,Studio/Efficiency,University District: Southeast,Above Ground,"Columbus, OH",1,"0 full, 1 half",1,No,Yes,Laundry facilities in the building,Yes,1,Yes,$Ask us about our pricing,n/a,Yes,,No,n/a,n/a,No,No,Window A/C,No,Yes,Yes,Yes,No,No,,$0,$0,$0,$0,Yes,Yes,Yes,No,No,No,No,,
71 West 9th Avenue Unit 1,https://offcampus.osu.edu/search-housing.aspx?property=9818&pricefrom=0&sort=1&alllandlords=0,0000265A,$880.00,08-19-2026,07-31-2027,12 months,No,No,$880,Hometeam,Studio/Efficiency,University District: Southwest,Above Ground,"Columbus, OH",1,"1 full, 0 half",2,No,No,None,Yes,0,Yes,$Ask us about our pricing,n/a,Yes,No,No,n/a,n/a,No,No,None,No,Yes,Yes,No,No,No,,$0,$0,$0,$0,Yes,Yes,Yes,No,No,No,No,,
71 West Ninth Avenue Unit 5,https://offcampus.osu.edu/search-housing.aspx?property=9804&pricefrom=0&sort=1&alllandlords=0,0000264C,$880.00,08-19-2026,07-31-2027,12 months,No,No,$880,Hometeam,Studio/Efficiency,University District: Southwest,Above Ground,"Columbus, OH",1,"1 full, 0 half",1,No,No,None,Yes,0,Yes,$Ask us about our pricing,n/a,Yes,No,No,n/a,n/a,No,No,None,No,Yes,Yes,No,No,No,,$0,$0,$0,$0,Yes,Yes,Yes,No,No,No,No,,
"P.O. Box 20467Columbus, OH 43220",https://offcampus.osu.edu/search-housing.aspx?property=13138&pricefrom=0&sort=1&alllandlords=0,00003352,$880.00,08-01-2026,07-30-2027,12 months,No,No,$880,S&G Properties,Apartment,University District: Central,Above Ground,"Columbus, OH",1,"1 full, 0 half",1,No,No,Laundry facilities in the building,Yes,20,Yes,n/a,$700,Yes,No,No,n/a,n/a,No,No,Central A/C,Yes,Yes,Yes,No,No,Yes,"What a great one bedroom apartment.  Big living room, giant bedroom, nice large kitchen, air conditioning, parking available.

YOUTUBE VIDEO WALKTHROUGH BELOW!
https://youtu.be/s6o7YtzCuu8

Please contact 614-395-2576 for all showings",$0,$0,$0,$0,No,No,No,No,No,No,No,Phil Crawford,614-395-1993
1734 Summit Street C1,https://offcampus.osu.edu/search-housing.aspx?property=14856&pricefrom=0&sort=1&alllandlords=0,00003A08,$880.00 - $920.00,07/27/2026,7/25/2027,11 months,No,No,$880,JB Properties,Apartment,University District: Central,Ground Level,"Columbus, OH",1,"1 full, 0 half",1,No,No,Laundry facilities in the building,Yes,1,Yes,n/a,n/a,No,No,No,n/a,n/a,No,No,Central A/C,Yes,Yes,Yes,No,No,No,,$0,$0,$0,$0,No,No,No,No,Yes,No,No,,
"2244 Neil AvenueColumbus, OH 43201",https://offcampus.osu.edu/search-housing.aspx?property=20881&pricefrom=0&sort=1&alllandlords=0,00005191,$890.00,08/15/2026,08/31/2027,11.5 Months,No,No,$890,"Kohr Royer Griffith, Inc.",Apartment,University District: Southeast,Ground Level,"Columbus, OH",1,"1 full, 0 half",2,No,No,Laundry facilities in the building,Yes,1,Yes,n/a,n/a,Yes,,No,n/a,n/a,No,No,Central A/C,No,Yes,Yes,No,No,No,,$0,$0,$0,$0,No,No,No,No,Yes,No,No,Pat Steane,614-291-8000
191 West 9th Avenue Unit B3,https://offcampus.osu.edu/search-housing.aspx?property=13299&pricefrom=0&sort=1&alllandlords=0,000033F3,$890.00,8/20/2026,8/5/2027,50 Weeks,No,Yes,$890,Buckeye Real Estate,Apartment,University District: Southwest,Above Ground,"Columbus, OH",1,"1 full, 0 half",2,No,No,Laundry facilities in the building,Yes,1,Yes,n/a,n/a,Yes,No,No,n/a,n/a,No,No,Window A/C,No,Yes,Yes,No,No,No,"Great Location! One bedrooms with a/c, off street parking, and coin op laundry on-site.

Unit residents may purchase one permit.

View our Leasing Procedure and a copy of our Lease Agreement at BuckeyeRealEstate.com > Future Residents > FAQs/Documents

Available Matterport tour may be from a different, yet similar, unit at the property:
https://my.matterport.com/show/?m=vRYizcdaFEX

**information on this flyer subject to change**",$250,$0,$0,$0,Yes,Yes,Yes,No,Yes,No,No,,
175 West 9th Avenue Unit B2,https://offcampus.osu.edu/search-housing.aspx?property=13288&pricefrom=0&sort=1&alllandlords=0,000033E8,$890.00,8/20/2026,8/05/2027,50 Weeks,No,Yes,$890,Buckeye Real Estate,Apartment,University District: Southwest,Above Ground,"Columbus, OH",1,"1 full, 0 half",2,No,No,Laundry facilities in the building,Yes,1,Yes,n/a,n/a,Yes,No,No,n/a,n/a,No,No,Window A/C,No,Yes,Yes,No,No,No,"Updated flat with fully equipped kitchen and includes a/c and coin op laundry onsite. Off street parking available. Water included!

Unit residents may purchase one permit.

View our Leasing Procedure and a copy of our Lease Agreement at BuckeyeRealEstate.com > Future Residents > FAQs/Documents

https://my.matterport.com/show/?m=gpiMqDZUrja",$250,$0,$0,$0,Yes,Yes,Yes,No,Yes,No,No,,
103 East Patterson Avenue,https://offcampus.osu.edu/search-housing.aspx?property=21869&pricefrom=0&sort=1&alllandlords=0,0000556D,"$895.00 - $4,475.00",08-01-2026,07-23-2027,12 months,No,Yes,"$2,500",Ohio State Properties,Duplex/Town House,University District: Northeast,Ground Level,"Columbus, OH",5,"5 full, 1 half",7,No,No,Laundry facilities in the unit,Yes,4,Yes,n/a,n/a,Yes,,No,n/a,n/a,No,No,Central A/C,Yes,Yes,Yes,No,Yes,Yes,*1 bonus room for a 6th roommate*,$0,$0,$0,$0,No,No,No,No,No,No,No,,
186 East Norwich Avenue F,https://offcampus.osu.edu/search-housing.aspx?property=17899&pricefrom=0&sort=1&alllandlords=0,000045EB,$895.00,08-14-2026,07-30-2027,350 Days,No,Yes,$895,G.A.S. PROPERTIES,Apartment,University District: Northeast,Above Ground,"Columbus, OH",1,"1 full, 0 half",2,No,No,Laundry facilities in the building,Yes,1,Yes,n/a,$350,Yes,,No,n/a,n/a,No,No,Central A/C,No,Yes,Yes,No,No,No,-Off street parking -Security Lighting -Smoke detectors -Fire extinguisher,$250,$25,$25,$25,Yes,Yes,Yes,No,Yes,No,No,,
1540 Neil Avenue Unit 8,https://offcampus.osu.edu/search-housing.aspx?property=17913&pricefrom=0&sort=1&alllandlords=0,000045F9,$895.00,08-14-2026,07-30-2027,350 Days,No,Yes,$895,G.A.S. PROPERTIES,Apartment,University District: Southwest,Ground Level,"Columbus, OH",1,"1 full, 0 half",1,No,No,Laundry facilities in the building,Yes,1,Yes,n/a,$350.00,Yes,,No,n/a,n/a,No,Yes,Window A/C,No,Yes,Yes,No,No,Yes,-Off street parking -Security Lighting -Smoke detectors -Fire extinguisher -Garbage disposal,$250,$25,$25,$25,Yes,Yes,Yes,No,No,No,No,,
285 East 16th Avenue Unit-C,https://offcampus.osu.edu/search-housing.aspx?property=11329&pricefrom=0&sort=1&alllandlords=0,00002C41,$895.00,7/27/2026,7/25/2027,11 months,No,No,$1 months rent,JB Properties,Apartment,University District: Central,Above Ground,"Columbus, OH",1,"1 full, 0 half",2,No,No,None,Yes,2,Yes,n/a,n/a,Yes,No,No,n/a,n/a,No,No,Central A/C,Yes,Yes,Yes,No,No,No,,$0,$0,$0,$0,No,No,No,No,No,No,No,,
"PO Box 20098Columbus, OH 43220",https://offcampus.osu.edu/search-housing.aspx?property=19562&pricefrom=0&sort=1&alllandlords=0,00004C6A,$895.00,8/15/2026,07/31/2027,One Year,No,Yes,$One Month Rent,Venice Properties,Apartment,University District: Southeast,Ground Level,"Columbus, OH",1,"1 full, 0 half",2,No,No,None,Yes,1,Yes,n/a,$200,Yes,,No,n/a,n/a,No,No,Window A/C,No,Yes,Yes,No,No,Yes,"**To view a virtual tour of this home please visit https://youriguide.com/1669N4th1BR

1669 North 4th Street is a one-bedroom home that immediately opens up to a spacious living room with more than enough space for one (or even two!) residents. The kitchen has plenty of cabinet space, and fosters a live-in area that is a great single resident dwelling for undergraduate and graduate students alike. The bedroom is very large and even offers an expansive walk-in closet that is once again plenty enough space for more than one resident! The living room has a window air conditioner large enough to cool the living room and bedroom. Lastly, there is a large off street parking lot, and the location is only one block away from the Columbus Police Campus Substation and a CABS/COTA bus stop.",$N/A,$0,$0,$0,No,No,No,No,No,No,No,Anna Dauer,614-226-6841
171  King  Avenue a,https://offcampus.osu.edu/search-housing.aspx?property=17548&pricefrom=0&sort=1&alllandlords=0,0000448C,$895.00,7/25,7/17,350 days,No,Yes,$895,JB Properties,Apartment,University District: Southwest,Above Ground,"Columbus, OH",1,"1 full, 0 half",2,No,No,Laundry facilities in the building,Yes,1,Yes,n/a,n/a,Yes,,No,n/a,n/a,No,No,Window A/C,Yes,Yes,Yes,No,No,No,,$0,$0,$0,$0,No,No,No,No,Yes,No,No,,
285 East 13th Avenue 2 bedroom,https://offcampus.osu.edu/search-housing.aspx?property=11328&pricefrom=0&sort=1&alllandlords=0,00002C40,$895.00 - $945.00,7/30,09/25,12 months,No,No,$1 months rent,JB Properties,Apartment,University District: Central,Ground Level,"Columbus, OH",2,"1 full, 0 half",3,No,No,Laundry facilities in the unit,Yes,2,Yes,n/a,n/a,Yes,Yes,No,n/a,n/a,No,No,Central A/C,Yes,Yes,Yes,No,No,Yes,,$0,$0,$0,$0,No,No,No,No,No,No,No,,
2437 Indianola Avenue,https://offcampus.osu.edu/search-housing.aspx?property=21917&pricefrom=0&sort=1&alllandlords=0,0000559D,"$899.00 - $1,798.00",08-20-2026,07-23-2027,12 months,No,Yes,$900,Ohio State Properties,House,University District: Northeast,Ground Level,"Columbus, OH",2,"2 full, 0 half",3,No,No,Laundry facilities in the unit,Yes,1,Yes,n/a,n/a,Yes,,No,n/a,n/a,No,No,Central A/C,Yes,Yes,Yes,No,Yes,No,,$0,$0,$0,$0,No,No,No,No,No,No,No,,
57 West 9th Avenue Unit 3,https://offcampus.osu.edu/search-housing.aspx?property=9803&pricefrom=0&sort=1&alllandlords=0,0000264B,$899.00,08-19-2026,07-31-2027,12 months,No,No,$899,Hometeam,Apartment,University District: Southwest,Above Ground,"Columbus, OH",1,"1 full, 0 half",2,No,No,None,Yes,0,Yes,$Ask us about our pricing,n/a,Yes,No,No,n/a,n/a,No,No,None,No,Yes,Yes,No,No,No,,$0,$0,$0,$0,Yes,Yes,Yes,No,No,No,No,,
233 King Avenue Unit A,https://offcampus.osu.edu/search-housing.aspx?property=7476&pricefrom=0&sort=1&alllandlords=0,00001D34,$899.00,08-19-2026,07-31-2027,12 months,No,No,$899,Hometeam,Apartment,University District: Southwest,Ground Level,"Columbus, OH",1,"1 full, 0 half",1,No,No,Laundry facilities in the building,Yes,0,Yes,$Ask us about our pricing,n/a,Yes,Yes,No,n/a,n/a,No,No,Central A/C,No,Yes,Yes,No,No,Yes,,$0,$0,$0,$0,Yes,Yes,Yes,No,No,No,No,,
55 West 9th Avenue Unit 3,https://offcampus.osu.edu/search-housing.aspx?property=7463&pricefrom=0&sort=1&alllandlords=0,00001D27,$899.00,08-19-2026,07-31-2027,12 months,No,No,$899,Hometeam,Apartment,University District: Southwest,Above Ground,"Columbus, OH",1,"1 full, 0 half",1,No,No,None,Yes,0,Yes,$Ask us about our pricing,n/a,Yes,No,No,n/a,n/a,No,No,Window A/C,No,Yes,Yes,No,No,No,,$0,$0,$0,$0,Yes,Yes,Yes,No,No,No,No,,
97 West 9th Avenue Unit 1,https://offcampus.osu.edu/search-housing.aspx?property=9805&pricefrom=0&sort=1&alllandlords=0,0000264D,$899.00,08-19-2026,07-31-2027,12 months,No,No,$899,Hometeam,Apartment,University District: Southwest,Ground Level,"Columbus, OH",1,"1 full, 0 half",1,No,No,None,Yes,0,Yes,$Ask us about our pricing,n/a,Yes,No,No,n/a,n/a,No,No,Window A/C,No,Yes,Yes,No,No,No,,$0,$0,$0,$0,Yes,Yes,Yes,No,No,No,No,,
201 East 16th Street Unit F,https://offcampus.osu.edu/search-housing.aspx?property=15042&pricefrom=0&sort=1&alllandlords=0,00003AC2,"$900.00 - $4,500.00",08-23-2026,07-31-2027,11.5 Months,No,No,$4500,"Locations, Ltd",Apartment,University District: Central,Ground Level,"Columbus, OH",5,"2 full, 0 half",5,No,No,Laundry Hookup,Yes,1,Yes,n/a,$475,Yes,No,No,n/a,n/a,No,Yes,Central A/C,Yes,Yes,Yes,No,No,Yes,,$0,$0,$0,$0,No,No,No,No,No,No,No,,
201 East 16th Street Unit E,https://offcampus.osu.edu/search-housing.aspx?property=15041&pricefrom=0&sort=1&alllandlords=0,00003AC1,"$900.00 - $4,500.00",08-23-2026,07-31-20267,11.5 Months,No,Yes,$4500,"Locations, Ltd",Apartment,University District: Central,Ground Level,"Columbus, OH",5,"2 full, 0 half",5,No,No,Laundry Hookup,Yes,1,Yes,n/a,$475,Yes,No,No,n/a,n/a,No,Yes,Central A/C,Yes,Yes,Yes,No,No,Yes,,$0,$0,$0,$0,No,No,No,No,No,No,No,,
201 East 16th Street Unit D,https://offcampus.osu.edu/search-housing.aspx?property=15040&pricefrom=0&sort=1&alllandlords=0,00003AC0,"$900.00 - $4,500.00",08-23-2026,07-31-2026,11.5 Months,Yes,Yes,$4500,"Locations, Ltd",Apartment,University District: Central,Ground Level,"Columbus, OH",5,"2 full, 0 half",5,No,No,Laundry Hookup,Yes,1,Yes,n/a,$475,Yes,No,No,n/a,n/a,No,Yes,Central A/C,Yes,Yes,Yes,No,No,Yes,COPY LINK https://www.osulive.com/listings/detail/c95003f7-e14f-45b5-b36a-8b33c7fbed89,$0,$0,$0,$0,No,No,No,No,No,No,No,,
201 East 16th Street Unit C,https://offcampus.osu.edu/search-housing.aspx?property=15039&pricefrom=0&sort=1&alllandlords=0,00003ABF,"$900.00 - $4,500.00",08-24-2026,07-31-20267,11.5 Months,No,Yes,$4500,"Locations, Ltd",Apartment,University District: Central,Ground Level,"Columbus, OH",5,"2 full, 0 half",5,No,No,Laundry Hookup,Yes,1,Yes,n/a,$475,Yes,No,No,n/a,n/a,No,Yes,Central A/C,Yes,Yes,Yes,No,No,Yes,,$0,$0,$0,$0,No,No,No,No,No,No,No,,
201 East 16th Street Unit B,https://offcampus.osu.edu/search-housing.aspx?property=15038&pricefrom=0&sort=1&alllandlords=0,00003ABE,"$900.00 - $4,500.00",08-23-2026,07-31-20267,11.5 Months,No,Yes,$4500,"Locations, Ltd",Apartment,University District: Central,Ground Level,"Columbus, OH",5,"2 full, 0 half",5,No,No,Laundry Hookup,Yes,1,Yes,n/a,$475,Yes,No,No,n/a,n/a,No,Yes,Central A/C,Yes,Yes,Yes,No,No,Yes,,$0,$0,$0,$0,No,No,No,No,No,No,No,,
201 East 16th Street Unit A,https://offcampus.osu.edu/search-housing.aspx?property=15037&pricefrom=0&sort=1&alllandlords=0,00003ABD,"$900.00 - $4,500.00",08-23-2026,7/31/2027,11.5 Months,Yes,Yes,$4500,"Locations, Ltd",Apartment,University District: Central,Ground Level,"Columbus, OH",5,"2 full, 0 half",5,No,No,Laundry Hookup,Yes,1,Yes,n/a,$475,Yes,No,No,n/a,n/a,No,Yes,Central A/C,Yes,Yes,Yes,No,No,Yes,,$0,$0,$0,$0,No,No,No,No,No,No,No,,
195 East 16th Street Unit E,https://offcampus.osu.edu/search-housing.aspx?property=15036&pricefrom=0&sort=1&alllandlords=0,00003ABC,"$900.00 - $4,500.00",08-23-2026,07-31-20267,11.5 Months,No,Yes,$4500,"Locations, Ltd",Apartment,University District: Central,Ground Level,"Columbus, OH",5,"2 full, 0 half",5,No,No,None,Yes,2,Yes,n/a,$475,Yes,No,No,n/a,n/a,No,Yes,Central A/C,Yes,Yes,Yes,No,No,Yes,,$0,$0,$0,$0,No,No,No,No,No,No,No,,
195 East 16th Street Unit D,https://offcampus.osu.edu/search-housing.aspx?property=15035&pricefrom=0&sort=1&alllandlords=0,00003ABB,"$900.00 - $4,500.00",08-23-2026,07-31-2027,11.5,No,Yes,$4500,"Locations, Ltd",Apartment,University District: Central,Ground Level,"Columbus, OH",5,"1 full, 1 half",5,No,No,Laundry Hookup,Yes,1,Yes,n/a,$300,Yes,No,No,n/a,$440,No,Yes,Central A/C,Yes,Yes,Yes,No,No,Yes,,$0,$0,$0,$0,No,No,No,No,No,No,No,,
195 East 16th Street Unit C,https://offcampus.osu.edu/search-housing.aspx?property=15034&pricefrom=0&sort=1&alllandlords=0,00003ABA,"$900.00 - $2,700.00",08-23-2026,07-31-2027,11.5 Months,No,Yes,$2700,"Locations, Ltd",Apartment,University District: Central,Ground Level,"Columbus, OH",3,"1 full, 0 half",3,No,No,None,Yes,1,Yes,n/a,$475,Yes,No,No,n/a,n/a,No,Yes,Central A/C,Yes,Yes,Yes,No,No,Yes,,$0,$0,$0,$0,No,No,No,No,No,No,No,,
195 East 16th Street Unit B,https://offcampus.osu.edu/search-housing.aspx?property=15033&pricefrom=0&sort=1&alllandlords=0,00003AB9,"$900.00 - $4,500.00",08-23-2026,7/31/2027,11.5 Months,No,Yes,$4500,"Locations, Ltd",Apartment,University District: Central,Ground Level,"Columbus, OH",5,"1 full, 1 half",5,No,No,Laundry Hookup,Yes,1,Yes,n/a,$475,Yes,No,No,n/a,n/a,No,Yes,Central A/C,Yes,Yes,Yes,No,No,Yes,"Link to listing,interior photos and scheduling showing:
https://www.osulive.com/listings/detail/0d74df51-7143-408b-82e5-e3ff9c87137a",$0,$0,$0,$0,No,No,No,No,No,No,No,,
195 East 16th Street Unit A,https://offcampus.osu.edu/search-housing.aspx?property=15032&pricefrom=0&sort=1&alllandlords=0,00003AB8,"$900.00 - $4,500.00",08-23-2026,07-31-2027,11.5 Months,Yes,Yes,$4500,"Locations, Ltd",Apartment,University District: Central,Ground Level,"Columbus, OH",5,"1 full, 1 half",5,No,No,Laundry Hookup,Yes,1,Yes,n/a,$475,Yes,No,No,n/a,n/a,No,Yes,Central A/C,Yes,Yes,Yes,No,No,Yes,COPY LINK https://www.osulive.com/listings/detail/e046315e-4dd2-4905-bb0b-edbc97b34c01,$0,$0,$0,$0,No,No,No,No,No,No,No,,
167 East 14th Street Unit E,https://offcampus.osu.edu/search-housing.aspx?property=15064&pricefrom=0&sort=1&alllandlords=0,00003AD8,"$900.00 - $1,800.00",08-23-2026,7-31-2027,11.5 Months,No,Yes,$1800,"Locations, Ltd",Apartment,University District: Central,Ground Level,"Columbus, OH",2,"1 full, 0 half",2,No,No,None,Yes,1,Yes,n/a,$475,Yes,No,No,n/a,n/a,No,No,Central A/C,No,Yes,Yes,No,No,No,https://www.osulive.com/listings/detail/7d1e0876-c82f-4dd8-a174-82035d2ee3e1,$0,$0,$0,$0,No,No,No,No,No,No,No,,
167 East 14th Street Unit D,https://offcampus.osu.edu/search-housing.aspx?property=15063&pricefrom=0&sort=1&alllandlords=0,00003AD7,"$900.00 - $1,800.00",08-24-2026,7-31-2027,11.5 Months,No,Yes,$1800,"Locations, Ltd",Apartment,University District: Central,Ground Level,"Columbus, OH",2,"1 full, 0 half",2,No,No,None,Yes,1,Yes,n/a,$475,Yes,No,No,n/a,n/a,No,No,Central A/C,No,Yes,Yes,No,No,No,https://www.osulive.com/listings/detail/9ea4fa01-8a63-45cf-a78e-f481c60c13e9,$0,$0,$0,$0,No,No,No,No,No,No,No,,
167 East 14th Street Unit C,https://offcampus.osu.edu/search-housing.aspx?property=15062&pricefrom=0&sort=1&alllandlords=0,00003AD6,"$900.00 - $1,800.00",08-23-2026,7-31-2027,11.5 Months,No,Yes,$1800,"Locations, Ltd",Apartment,University District: Central,Ground Level,"Columbus, OH",2,"1 full, 0 half",2,No,No,None,Yes,1,Yes,n/a,$475,Yes,No,No,n/a,$440,No,No,Central A/C,No,Yes,Yes,No,No,No,https://www.osulive.com/listings/detail/f6b7fcfa-b9ae-48bf-9ae5-0341ee32c328,$0,$0,$0,$0,No,No,No,No,No,No,No,,
167 East 14th Street Unit B,https://offcampus.osu.edu/search-housing.aspx?property=15061&pricefrom=0&sort=1&alllandlords=0,00003AD5,"$900.00 - $1,800.00",08-23-2026,07-31-2027,11.5 Months,No,Yes,$1800,"Locations, Ltd",Apartment,University District: Central,Ground Level,"Columbus, OH",2,"1 full, 0 half",2,No,No,None,Yes,1,Yes,n/a,$475,Yes,No,No,n/a,n/a,No,No,Central A/C,No,Yes,Yes,No,No,No,https://www.osulive.com/listings/detail/d431e77d-c71d-444e-8780-845bc79f7b81,$0,$0,$0,$0,No,No,No,No,No,No,No,,
167 East 14th Street Unit A,https://offcampus.osu.edu/search-housing.aspx?property=15060&pricefrom=0&sort=1&alllandlords=0,00003AD4,"$900.00 - $1,800.00",08-24-2026,07-31-2027,11.5 Months,No,Yes,$1800,"Locations, Ltd",Apartment,University District: Central,Ground Level,"Columbus, OH",2,"1 full, 0 half",2,No,No,None,Yes,1,Yes,n/a,$475,Yes,No,No,n/a,n/a,No,No,Central A/C,No,Yes,Yes,No,No,Yes,https://www.osulive.com/listings/detail/34498937-b5e4-4a08-b2a0-9cb97cbd7833,$0,$0,$0,$0,No,No,No,No,No,No,No,,
70 West Northwood Road Unit 3F,https://offcampus.osu.edu/search-housing.aspx?property=14978&pricefrom=0&sort=1&alllandlords=0,00003A82,"$900.00 - $1,800.00",08-23-2026,07-31-20267,11.5 Months,No,Yes,$1800,"Locations, Ltd",Apartment,University District: Northwest,Ground Level,"Columbus, OH",2,"1 full, 0 half",2,No,No,Laundry facilities in the building,Yes,2,Yes,n/a,$440,Yes,No,No,n/a,n/a,No,No,Central A/C,Yes,Yes,Yes,No,No,No,"COPY Link for more info:
https://www.osulive.com/listings/detail/056deaab-643f-4a8f-8f0f-9e9f035c7b64",$0,$0,$0,$0,No,No,No,No,No,No,No,,
70 West Northwood Road Unit 3E,https://offcampus.osu.edu/search-housing.aspx?property=14977&pricefrom=0&sort=1&alllandlords=0,00003A81,"$900.00 - $1,800.00",08-23-2026,7/31/2027,11.5 Months,No,Yes,$1800,"Locations, Ltd",Apartment,University District: Northwest,Ground Level,"Columbus, OH",2,"1 full, 0 half",2,No,No,Laundry facilities in the building,Yes,2,Yes,n/a,$475,Yes,No,No,n/a,n/a,No,No,Central A/C,Yes,Yes,Yes,No,No,No,"COPY Link for more info:
https://www.osulive.com/listings/detail/75cb622b-cc07-492e-8053-e636a31da334",$0,$0,$0,$0,No,No,No,No,No,No,No,,
70 West Northwood Road Unit 3D,https://offcampus.osu.edu/search-housing.aspx?property=14976&pricefrom=0&sort=1&alllandlords=0,00003A80,"$900.00 - $1,800.00",08-23-2026,07-31-2027,11.5 Months,Yes,Yes,$1800,"Locations, Ltd",Apartment,University District: Northwest,Ground Level,"Columbus, OH",2,"1 full, 0 half",2,No,No,Laundry facilities in the building,Yes,2,Yes,n/a,$460,Yes,No,No,n/a,n/a,No,No,Central A/C,Yes,Yes,Yes,No,No,No,"COPY Link for more info:
https://www.osulive.com/listings/detail/d75a0d7e-16bd-4508-a4cc-080c0d269c1e",$0,$0,$0,$0,No,No,No,No,No,No,No,,
70 West Northwood Road 3C,https://offcampus.osu.edu/search-housing.aspx?property=14975&pricefrom=0&sort=1&alllandlords=0,00003A7F,"$900.00 - $1,800.00",08-23-2026,07-31-20267,11.5 Months,No,Yes,$1800,"Locations, Ltd",Apartment,University District: Northwest,Ground Level,"Columbus, OH",2,"1 full, 0 half",2,No,No,Laundry facilities in the building,Yes,2,Yes,n/a,$380,Yes,No,No,n/a,n/a,No,No,Central A/C,Yes,Yes,Yes,No,No,No,,$0,$0,$0,$0,No,No,No,No,No,No,No,,
70 West Northwood Avenue Unit 3B,https://offcampus.osu.edu/search-housing.aspx?property=14974&pricefrom=0&sort=1&alllandlords=0,00003A7E,"$900.00 - $1,800.00",08-24-2026,07-31-2027,11.5 Months,No,Yes,$1800,"Locations, Ltd",Apartment,University District: Northwest,Ground Level,"Columbus, OH",2,"1 full, 0 half",2,No,No,Laundry facilities in the building,Yes,2,Yes,n/a,$380,Yes,No,No,n/a,n/a,No,No,Central A/C,Yes,Yes,Yes,No,No,No,,$0,$0,$0,$0,No,No,No,No,No,No,No,,
70 West Northwood Road 3A,https://offcampus.osu.edu/search-housing.aspx?property=14973&pricefrom=0&sort=1&alllandlords=0,00003A7D,"$900.00 - $1,800.00",08-23-2026,07-31-2027,11.5 Months,No,Yes,$1800,"Locations, Ltd",Apartment,University District: Northwest,Ground Level,"Columbus, OH",2,"1 full, 0 half",2,No,No,Laundry facilities in the building,Yes,2,Yes,n/a,$380,Yes,No,No,n/a,n/a,No,No,Central A/C,Yes,Yes,Yes,No,No,No,,$0,$0,$0,$0,No,No,No,No,No,No,No,,
70 West Northwood Road Unit 2F,https://offcampus.osu.edu/search-housing.aspx?property=14972&pricefrom=0&sort=1&alllandlords=0,00003A7C,"$900.00 - $1,800.00",08-24-2026,07-31-2027,11.5 Months,No,Yes,$1800,"Locations, Ltd",Apartment,University District: Northwest,Ground Level,"Columbus, OH",2,"1 full, 0 half",2,No,No,Laundry facilities in the building,Yes,2,Yes,n/a,$460.00,Yes,No,No,n/a,n/a,No,No,Central A/C,Yes,Yes,Yes,No,No,No,"COPY Link for more info:
https://www.osulive.com/listings/detail/eb6e68d7-e89a-4335-9f19-50dc3a189c1a",$0,$0,$0,$0,No,No,No,No,No,No,No,,
70 West Northwood Road Unit 2E,https://offcampus.osu.edu/search-housing.aspx?property=14971&pricefrom=0&sort=1&alllandlords=0,00003A7B,"$900.00 - $1,800.00",08-23-2026,07-31-2027,11.5 Months,Yes,Yes,$1800,"Locations, Ltd",Apartment,University District: Northwest,Ground Level,"Columbus, OH",2,"1 full, 0 half",2,No,No,Laundry facilities in the building,Yes,2,Yes,n/a,$440,Yes,No,No,n/a,n/a,No,No,Central A/C,Yes,Yes,Yes,No,No,No,"COPY Link for more info:
https://www.osulive.com/listings/detail/ad968727-4098-46e0-b189-f070d57d223b",$0,$0,$0,$0,No,No,No,No,No,No,No,,
70 West Northwood Road Unit 2D,https://offcampus.osu.edu/search-housing.aspx?property=14970&pricefrom=0&sort=1&alllandlords=0,00003A7A,"$900.00 - $1,800.00",08-23-2026,08-31-2027,12 Months,No,Yes,$1800,"Locations, Ltd",Apartment,University District: Northwest,Ground Level,"Columbus, OH",2,"1 full, 0 half",2,No,No,Laundry facilities in the building,Yes,2,Yes,n/a,$475,Yes,No,No,n/a,n/a,No,No,Central A/C,Yes,Yes,Yes,No,No,No,"COPY Link for more info:
https://www.osulive.com/listings/detail/645c7068-decc-4d18-b7bd-ddeebd7d0c1e",$0,$0,$0,$0,No,No,No,No,No,No,No,,
70 West Northwood Road Unit 2C,https://offcampus.osu.edu/search-housing.aspx?property=14969&pricefrom=0&sort=1&alllandlords=0,00003A79,"$900.00 - $1,800.00",08-23-2026,7/31/2027,11.5 Months,Yes,Yes,$1800,"Locations, Ltd",Apartment,University District: Northwest,Ground Level,"Columbus, OH",2,"1 full, 0 half",2,No,No,Laundry facilities in the building,Yes,2,Yes,n/a,$475,Yes,No,No,n/a,n/a,No,No,Central A/C,Yes,Yes,Yes,No,No,No,"Copy Link for more info:
https://www.osulive.com/listings/detail/73374856-254e-4b9c-b4cc-47e9bc10af6c",$0,$0,$0,$0,No,No,No,No,No,No,No,,
70 West Northwood Road Unit 2B,https://offcampus.osu.edu/search-housing.aspx?property=14968&pricefrom=0&sort=1&alllandlords=0,00003A78,"$900.00 - $1,800.00",08-23-2026,7/31/2027,11.5 Months,No,Yes,$1800,"Locations, Ltd",Apartment,University District: Northwest,Ground Level,"Columbus, OH",2,"1 full, 0 half",2,No,No,Laundry facilities in the building,Yes,2,Yes,n/a,$475,Yes,No,No,n/a,n/a,No,No,Central A/C,Yes,Yes,Yes,No,No,No,https://www.osulive.com/listings/detail/0cd09ef1-9b07-4b7b-b37b-1b6b3dea4cfa,$0,$0,$0,$0,No,No,No,No,No,No,No,,
70 West Northwood Road Unit 2A,https://offcampus.osu.edu/search-housing.aspx?property=14967&pricefrom=0&sort=1&alllandlords=0,00003A77,"$900.00 - $1,800.00",07-26-2026,07-31-2027,12 Months,Yes,Yes,$1800,"Locations, Ltd",Apartment,University District: Northwest,Ground Level,"Columbus, OH",2,"1 full, 0 half",2,No,No,Laundry facilities in the building,Yes,2,Yes,n/a,$440,Yes,No,No,n/a,n/a,No,No,Central A/C,Yes,Yes,Yes,No,No,No,"COPY Link for more info:
https://www.osulive.com/listings/detail/fe13846b-d820-4699-be49-3260531de74e",$0,$0,$0,$0,No,No,No,No,No,No,Yes,,
70 West Northwood Road Unit 1D,https://offcampus.osu.edu/search-housing.aspx?property=14965&pricefrom=0&sort=1&alllandlords=0,00003A75,"$900.00 - $1,800.00",08-23-2026,7/31/2027,11.5 Months,No,Yes,$1800,"Locations, Ltd",Apartment,University District: Northwest,Ground Level,"Columbus, OH",2,"1 full, 0 half",2,No,No,Laundry facilities in the building,Yes,2,Yes,n/a,$475,Yes,No,No,n/a,n/a,No,No,Central A/C,Yes,Yes,Yes,No,No,Yes,https://www.osulive.com/listings/detail/cd02f91c-d7b7-4392-9b26-d7e38ae94b6e,$0,$0,$0,$0,No,No,No,No,No,No,No,,
1669 Summit Road,https://offcampus.osu.edu/search-housing.aspx?property=15075&pricefrom=0&sort=1&alllandlords=0,00003AE3,"$900.00 - $3,600.00",01-10-2026,7/31/2027,6.5 Months,Yes,Yes,$3600,"Locations, Ltd",Apartment,University District: Central,Above Ground,"Columbus, OH",4,"4 full, 3 half",4,No,Yes,Laundry Hookup,Yes,2,Yes,n/a,$475,Yes,No,No,n/a,n/a,No,Yes,Central A/C,Yes,Yes,Yes,No,No,Yes,https://www.osulive.com/listings/detail/6e7d3f22-ee10-4138-9a02-94a3457f0fdc,$0,$0,$0,$0,No,No,No,No,No,No,No,,
1671 Summit Road,https://offcampus.osu.edu/search-housing.aspx?property=15076&pricefrom=0&sort=1&alllandlords=0,00003AE4,"$900.00 - $2,700.00",08-23-2026,7/31/2027,11.5 Months,No,Yes,$2700,"Locations, Ltd",Apartment,University District: Central,Ground Level,"Columbus, OH",3,"1 full, 0 half",3,No,Yes,Laundry Hookup,Yes,2,Yes,n/a,$475,Yes,No,No,n/a,n/a,No,Yes,Central A/C,Yes,Yes,Yes,No,No,Yes,https://www.osulive.com/listings/detail/cd0113af-4ce0-40ef-853e-099db1b5041a,$0,$0,$0,$0,No,No,No,No,No,No,No,,
1673 Summit Road,https://offcampus.osu.edu/search-housing.aspx?property=15077&pricefrom=0&sort=1&alllandlords=0,00003AE5,"$900.00 - $2,700.00",08-23-2026,7/31/2027,11.5 Months,Yes,Yes,$2700,"Locations, Ltd",Apartment,University District: Central,Ground Level,"Columbus, OH",3,"1 full, 0 half",3,No,Yes,Laundry facilities in the building,Yes,2,Yes,n/a,$475,Yes,No,No,n/a,n/a,No,Yes,Central A/C,Yes,Yes,Yes,No,No,Yes,https://www.osulive.com/listings/detail/47307865-b457-480f-8223-a76fdad128dd,$0,$0,$0,$0,No,Yes,Yes,No,No,No,No,,
1675 Summit Road,https://offcampus.osu.edu/search-housing.aspx?property=15078&pricefrom=0&sort=1&alllandlords=0,00003AE6,"$900.00 - $3,600.00",08-24-2026,08-31-2027,11.5 Months,Yes,Yes,$3600,"Locations, Ltd",Apartment,University District: Central,Ground Level,"Columbus, OH",4,"3 full, 0 half",4,No,Yes,Laundry Hookup,Yes,2,No,n/a,$460,Yes,No,No,n/a,n/a,No,Yes,Central A/C,Yes,Yes,Yes,No,No,Yes,https://www.osulive.com/listings/detail/0bc0da31-52e6-4765-a0dc-9b74996db629,$0,$0,$0,$0,No,No,No,No,No,No,No,,
152 Chittenden Street Unit E,https://offcampus.osu.edu/search-housing.aspx?property=15108&pricefrom=0&sort=1&alllandlords=0,00003B04,"$900.00 - $1,800.00",08-24-2026,7/31/2027,11.5 Months,No,Yes,$1800,"Locations, Ltd",Duplex/Town House,University District: Southeast,Above Ground,"Columbus, OH",2,"1 full, 1 half",2,No,No,None,Yes,2,Yes,n/a,$475,Yes,No,No,n/a,n/a,No,No,Central A/C,Yes,Yes,Yes,No,No,No,"Copy link for more info: 
https://www.osulive.com/listings/detail/e90ba5ca-9d83-440b-8238-24c38cf7f368",$0,$0,$0,$0,No,No,No,No,No,No,No,,
152 Chittenden Street D,https://offcampus.osu.edu/search-housing.aspx?property=15107&pricefrom=0&sort=1&alllandlords=0,00003B03,"$900.00 - $1,800.00",08-23-2026,7/31/2027,11.5 Months,No,Yes,$1800,"Locations, Ltd",Duplex/Town House,University District: Southeast,Above Ground,"Columbus, OH",2,"1 full, 1 half",2,No,No,None,Yes,2,Yes,n/a,$475,Yes,No,No,n/a,n/a,No,No,Central A/C,Yes,Yes,Yes,No,No,No,,$0,$0,$0,$0,No,No,No,No,No,No,No,,
152 Chittenden Street Unit C,https://offcampus.osu.edu/search-housing.aspx?property=15106&pricefrom=0&sort=1&alllandlords=0,00003B02,"$900.00 - $1,800.00",08-23-2026,7/31/2027,11.5 Months,No,Yes,$1800,"Locations, Ltd",Duplex/Town House,University District: Southeast,Above Ground,"Columbus, OH",2,"1 full, 1 half",2,No,No,None,Yes,2,Yes,n/a,$475,Yes,No,No,n/a,n/a,No,No,Central A/C,Yes,Yes,Yes,No,No,No,"Copy link for more info:
https://www.osulive.com/listings/detail/e3d62c54-208e-4d7d-8672-d735cb4fdd03",$0,$0,$0,$0,No,No,No,No,No,No,No,,
152 Chittenden Street Unit B,https://offcampus.osu.edu/search-housing.aspx?property=15105&pricefrom=0&sort=1&alllandlords=0,00003B01,"$900.00 - $1,800.00",08-24-2026,7/31/2027,11.5 Months,No,Yes,$1800,"Locations, Ltd",Duplex/Town House,University District: Southeast,Above Ground,"Columbus, OH",2,"1 full, 1 half",2,No,No,None,Yes,2,Yes,n/a,$475,Yes,No,No,n/a,n/a,No,No,Central A/C,Yes,Yes,Yes,No,No,No,"Copy link for more info:
https://www.osulive.com/listings/detail/e3d62c54-208e-4d7d-8672-d735cb4fdd03",$0,$0,$0,$0,No,No,No,No,No,No,No,,
152 Chittenden Street Unit A,https://offcampus.osu.edu/search-housing.aspx?property=15104&pricefrom=0&sort=1&alllandlords=0,00003B00,"$900.00 - $1,800.00",08-24-2026,7/31/2027,11.5 Months,No,Yes,$1800,"Locations, Ltd",Duplex/Town House,University District: Southeast,Above Ground,"Columbus, OH",2,"1 full, 1 half",2,No,No,None,Yes,2,Yes,n/a,$475,Yes,No,No,n/a,n/a,No,No,Central A/C,Yes,Yes,Yes,No,No,No,"Copy link for more info:
https://www.osulive.com/listings/detail/ebd305a8-23ea-43bd-a5d6-968721b1d312",$0,$0,$0,$0,No,No,No,No,No,No,No,,
103 Chittenden Street,https://offcampus.osu.edu/search-housing.aspx?property=15103&pricefrom=0&sort=1&alllandlords=0,00003AFF,"$900.00 - $4,500.00",08-24-2026,7/31/2027,11.5 Months,No,Yes,$4500,"Locations, Ltd",Duplex/Town House,University District: Southeast,Above Ground,"Columbus, OH",4,"2 full, 0 half",5,No,No,Laundry Hookup,Yes,2,Yes,n/a,$475,Yes,No,No,n/a,n/a,No,No,Central A/C,Yes,Yes,Yes,No,No,Yes,"Copy link for more info:
https://www.osulive.com/listings/detail/b39a578e-a516-4b57-a39d-cac79b4a2568",$0,$0,$0,$0,No,No,No,No,No,No,No,,
91 Chittenden Street,https://offcampus.osu.edu/search-housing.aspx?property=15100&pricefrom=0&sort=1&alllandlords=0,00003AFC,"$900.00 - $3,600.00",01-10-2026,7/31/2026,6.5 Months,Yes,Yes,$3600,"Locations, Ltd",Apartment,University District: Southeast,Above Ground,"Columbus, OH",4,"2 full, 0 half",4,No,No,Laundry Hookup,Yes,2,Yes,n/a,$475,Yes,No,No,n/a,n/a,No,Yes,Central A/C,Yes,Yes,Yes,No,No,Yes,"For more information copy link
https://www.osulive.com/listings/detail/c6fa56e8-afd5-4eaf-b692-55545c419623",$0,$0,$0,$0,No,No,No,No,No,No,No,,
87 Chittenden Street,https://offcampus.osu.edu/search-housing.aspx?property=15098&pricefrom=0&sort=1&alllandlords=0,00003AFA,"$900.00 - $3,600.00",08-23-2026,7/31/2027,11.5 Months,Yes,Yes,$3600,"Locations, Ltd",Apartment,University District: Southeast,Ground Level,"Columbus, OH",4,"2 full, 0 half",4,No,No,Laundry Hookup,Yes,2,Yes,n/a,$475,Yes,No,No,n/a,n/a,No,Yes,Central A/C,Yes,Yes,Yes,No,No,Yes,"Gateway district 
Lighted off street parking 
1 ½ bathrooms 
Fireplace
 Washer and dryer hook ups
Dishwasher and disposal
Central air",$0,$0,$0,$0,No,No,No,No,No,No,No,,
85 Chittenden Street,https://offcampus.osu.edu/search-housing.aspx?property=15097&pricefrom=0&sort=1&alllandlords=0,00003AF9,"$900.00 - $3,600.00",08-24-2026,7/31/2027,11.5 Months,No,Yes,$3600,"Locations, Ltd",Duplex/Town House,University District: Southeast,Above Ground,"Columbus, OH",4,"2 full, 0 half",4,No,No,Laundry facilities in the building,Yes,2,Yes,n/a,$475,Yes,No,No,n/a,n/a,No,Yes,Central A/C,Yes,Yes,Yes,No,No,Yes,"Gateway district 
Lighted off street parking 
1 ½ bathrooms 
Fireplace
 Washer and dryer hook ups
Dishwasher and disposal
Central air",$0,$0,$0,$0,No,No,No,No,No,No,No,,
83 Chittenden Street,https://offcampus.osu.edu/search-housing.aspx?property=15096&pricefrom=0&sort=1&alllandlords=0,00003AF8,"$900.00 - $3,600.00",08-23-2026,7/31/2027,11.5 Months,Yes,Yes,$3600,"Locations, Ltd",Apartment,University District: Southeast,Above Ground,"Columbus, OH",4,"2 full, 0 half",4,No,No,Laundry facilities in the building,Yes,2,Yes,n/a,$475,Yes,No,No,n/a,n/a,No,Yes,Central A/C,Yes,Yes,Yes,No,No,Yes,"Gateway district 
Lighted off street parking 
1 ½ bathrooms 
Fireplace
 Washer and dryer hook ups
Dishwasher and disposal
Central air",$0,$0,$0,$0,No,No,No,No,No,No,No,,
68 Chittenden Street,https://offcampus.osu.edu/search-housing.aspx?property=15089&pricefrom=0&sort=1&alllandlords=0,00003AF1,"$900.00 - $3,600.00",08-23-2026,7/31/2027,11.5 Months,Yes,Yes,$4600,"Locations, Ltd",Duplex/Town House,University District: Southeast,Above Ground,"Columbus, OH",4,"3 full, 0 half",4,No,Yes,Laundry Hookup,Yes,2,Yes,n/a,$475,Yes,No,No,n/a,n/a,No,Yes,Central A/C,Yes,Yes,Yes,No,No,Yes,,$0,$0,$0,$0,No,No,No,No,No,No,No,,
64 Chittenden Street,https://offcampus.osu.edu/search-housing.aspx?property=15087&pricefrom=0&sort=1&alllandlords=0,00003AEF,"$900.00 - $3,600.00",08-23-2026,7/31/2027,11.5 Months,No,Yes,$3600,"Locations, Ltd",Duplex/Town House,University District: Southeast,Above Ground,"Columbus, OH",4,"3 full, 0 half",4,No,Yes,Laundry Hookup,Yes,2,Yes,n/a,$475,Yes,No,No,n/a,n/a,No,Yes,Central A/C,Yes,Yes,Yes,No,No,Yes,COPY LINK https://www.osulive.com/listings/detail/547ec3bc-4ae8-4528-b1b2-d937918163ac,$0,$0,$0,$0,No,No,No,No,No,No,No,,
51 Chittenden Street,https://offcampus.osu.edu/search-housing.aspx?property=15086&pricefrom=0&sort=1&alllandlords=0,00003AEE,"$900.00 - $3,600.00",08-23-2026,7/31/2027,11.5 Months,Yes,Yes,$3600,"Locations, Ltd",Apartment,University District: Southeast,Above Ground,"Columbus, OH",4,"2 full, 0 half",4,No,No,Laundry Hookup,Yes,1,Yes,n/a,$475,Yes,No,No,n/a,n/a,No,No,Central A/C,Yes,Yes,Yes,No,No,Yes,COPY LINK https://www.osulive.com/listings/detail/616d8566-eaa9-4d6d-a264-45c8ed483559,$0,$0,$0,$0,No,No,No,No,No,No,No,,
49 Chittenden Street,https://offcampus.osu.edu/search-housing.aspx?property=15085&pricefrom=0&sort=1&alllandlords=0,00003AED,"$900.00 - $3,600.00",08-23-2026,7/31/20267,11.5 Months,No,Yes,$3600,"Locations, Ltd",Apartment,University District: Southeast,Above Ground,"Columbus, OH",4,"2 full, 0 half",0,No,No,None,Yes,1,Yes,n/a,$475,Yes,No,No,n/a,n/a,No,No,Central A/C,Yes,Yes,Yes,No,No,Yes,,$0,$0,$0,$0,No,No,No,No,No,No,No,,
47 Chittenden Street,https://offcampus.osu.edu/search-housing.aspx?property=15083&pricefrom=0&sort=1&alllandlords=0,00003AEB,"$900.00 - $3,600.00",08-23-2026,7/31/2027,11.5 Months,No,Yes,$3600,"Locations, Ltd",Apartment,University District: Southeast,Ground Level,"Columbus, OH",4,"2 full, 0 half",4,No,No,Laundry Hookup,Yes,1,Yes,n/a,$475,Yes,No,No,n/a,n/a,No,Yes,Central A/C,Yes,Yes,Yes,No,No,Yes,,$0,$0,$0,$0,No,No,No,No,No,No,No,,
43 Chittenden Street,https://offcampus.osu.edu/search-housing.aspx?property=15082&pricefrom=0&sort=1&alllandlords=0,00003AEA,"$900.00 - $3,600.00",08-23-2026,07-31-2027,11.5 Months,Yes,Yes,$3600,"Locations, Ltd",Apartment,University District: Southeast,Above Ground,"Columbus, OH",4,"2 full, 0 half",4,No,No,Laundry Hookup,Yes,1,Yes,n/a,$475,Yes,No,No,n/a,n/a,No,Yes,Central A/C,Yes,Yes,Yes,No,No,Yes,https://www.osulive.com/listings/detail/bd229a83-3a08-4917-9194-855cbdfd7666,$0,$0,$0,$0,No,No,No,No,No,No,No,,
41 Chittenden Street,https://offcampus.osu.edu/search-housing.aspx?property=15081&pricefrom=0&sort=1&alllandlords=0,00003AE9,"$900.00 - $3,600.00",08-23-2026,07-31-2027,11.5 Months,No,Yes,$3600,"Locations, Ltd",Apartment,University District: Southeast,Above Ground,"Columbus, OH",4,"2 full, 0 half",4,No,No,None,Yes,1,Yes,n/a,$475,Yes,No,No,n/a,n/a,No,Yes,Central A/C,Yes,Yes,Yes,No,No,Yes,,$0,$0,$0,$0,No,No,No,No,No,No,No,,
72 Chittenden Street Unit C,https://offcampus.osu.edu/search-housing.aspx?property=15093&pricefrom=0&sort=1&alllandlords=0,00003AF5,"$900.00 - $3,600.00",01-10-2026,7/31/2027,7.5 months,Yes,Yes,$4600,"Locations, Ltd",Apartment,University District: Southeast,Above Ground,"Columbus, OH",4,"2 full, 0 half",4,No,Yes,Laundry Hookup,Yes,2,Yes,n/a,$475,Yes,No,No,n/a,n/a,Yes,No,Central A/C,Yes,Yes,Yes,No,No,Yes,https://www.osulive.com/listings/detail/d97f7118-32b9-476b-84fc-5a4541b99d9d,$0,$0,$0,$0,No,No,No,No,No,No,No,,
72 Chittenden Street Unit B,https://offcampus.osu.edu/search-housing.aspx?property=15092&pricefrom=0&sort=1&alllandlords=0,00003AF4,"$900.00 - $4,500.00",01-10-2026,7/31/2026,7.5 months,Yes,Yes,$4500,"Locations, Ltd",Apartment,University District: Southeast,Ground Level,"Columbus, OH",5,"1 full, 0 half",5,No,No,Laundry Hookup,Yes,2,Yes,n/a,$475,Yes,No,No,n/a,n/a,No,No,Central A/C,Yes,Yes,Yes,No,No,Yes,"1/2 block from high street, large deck, lighted parking",$0,$0,$0,$0,No,No,No,No,No,No,No,,
70 West Northwood Road Unit 1F,https://offcampus.osu.edu/search-housing.aspx?property=14966&pricefrom=0&sort=1&alllandlords=0,00003A76,"$900.00 - $1,800.00",07-19-2026,07-31-2027,12 Months,No,Yes,$1800,"Locations, Ltd",Apartment,University District: Northwest,Ground Level,"Columbus, OH",2,"1 full, 0 half",2,No,No,Laundry facilities in the building,Yes,2,Yes,n/a,$475,Yes,No,No,n/a,n/a,No,No,Central A/C,Yes,Yes,Yes,No,No,Yes,"COPY Link for more info:
https://www.osulive.com/listings/detail/f8781a74-ae00-4e21-9a49-00e5331d53a2",$0,$0,$0,$0,No,No,No,No,No,No,No,,
70 West Northwood Road Unit 1C,https://offcampus.osu.edu/search-housing.aspx?property=14964&pricefrom=0&sort=1&alllandlords=0,00003A74,$900.00,08-23-2026,07-31-2027,12 Months,No,Yes,$900,"Locations, Ltd",Apartment,University District: Northwest,Ground Level,"Columbus, OH",1,"1 full, 0 half",1,No,No,Laundry facilities in the building,Yes,1,Yes,n/a,$475,Yes,No,No,n/a,n/a,No,No,Central A/C,Yes,Yes,Yes,No,No,Yes,,$0,$0,$0,$0,No,No,No,No,No,No,No,,
176 East 15th Road,https://offcampus.osu.edu/search-housing.aspx?property=15049&pricefrom=0&sort=1&alllandlords=0,00003AC9,"$900.00 - $9,000.00",08-23-2026,07-31-2027,12 Months,No,Yes,$9000,"Locations, Ltd",House,University District: Central,Ground Level,"Columbus, OH",10,"3 full, 1 half",10,No,Yes,Laundry Hookup,Yes,5,Yes,n/a,$475,Yes,No,No,n/a,$380,No,No,Central A/C,Yes,Yes,Yes,No,Yes,Yes,,$0,$0,$0,$0,No,No,No,No,No,No,No,,
164 East 13th Street,https://offcampus.osu.edu/search-housing.aspx?property=15074&pricefrom=0&sort=1&alllandlords=0,00003AE2,"$900.00 - $6,300.00",08-23-2026,07-31-2027,12 Months,No,Yes,$6300,"Locations, Ltd",House,University District: Central,Ground Level,"Columbus, OH",7,"1 full, 0 half",7,No,Yes,Laundry Hookup,Yes,2,Yes,n/a,$475,Yes,No,No,n/a,n/a,No,Yes,Central A/C,Yes,Yes,Yes,No,Yes,Yes,,$0,$0,$0,$0,No,No,No,No,No,No,No,,
190 East 15th Road,https://offcampus.osu.edu/search-housing.aspx?property=15050&pricefrom=0&sort=1&alllandlords=0,00003ACA,"$900.00 - $7,200.00",08-23-2026,7-31-2027,12 Months,No,Yes,$7200,"Locations, Ltd",House,University District: Central,Ground Level,"Columbus, OH",8,"4 full, 1 half",8,No,Yes,Laundry Hookup,Yes,5,Yes,n/a,$475,Yes,No,No,n/a,n/a,No,Yes,Central A/C,Yes,Yes,Yes,No,Yes,Yes,,$0,$0,$0,$0,No,No,No,No,No,No,No,,
290 East 15th Street,https://offcampus.osu.edu/search-housing.aspx?property=15059&pricefrom=0&sort=1&alllandlords=0,00003AD3,"$900.00 - $5,400.00",08-23-2026,7-31-2027,12 Months,No,Yes,$5400,"Locations, Ltd",House,University District: Central,Ground Level,"Columbus, OH",6,"2 full, 1 half",6,No,Yes,Laundry Hookup,Yes,6,Yes,n/a,$475,Yes,No,No,n/a,n/a,No,No,Central A/C,Yes,Yes,Yes,No,Yes,Yes,,$0,$0,$0,$0,No,No,No,No,No,No,No,,
"70 W Northwood Avenue #1EColumbus, OH 43201",https://offcampus.osu.edu/search-housing.aspx?property=21215&pricefrom=0&sort=1&alllandlords=0,000052DF,"$900.00 - $3,600.00",08-23-2026,07-31-2027,12 Months,Yes,Yes,$4600,"Locations, Ltd",Apartment,University District: Central,Above Ground,"Columbus, OH",4,"2 full, 1 half",0,No,No,Laundry Hookup,Yes,2,Yes,n/a,$475,Yes,,No,n/a,n/a,No,Yes,Central A/C,Yes,Yes,Yes,No,Yes,Yes,"COPY LINK for more information
https://www.osulive.com/listings/detail/b8e93bc1-5c45-47db-a5a7-e3b6b253ab58",$0,$0,$0,$0,No,No,No,No,No,No,No,Jack Beatley,614-294-7067
101 Chittenden Street,https://offcampus.osu.edu/search-housing.aspx?property=15102&pricefrom=0&sort=1&alllandlords=0,00003AFE,"$900.00 - $3,600.00",08-24-2026,7-31-2027,12 Months,Yes,Yes,$3600,"Locations, Ltd",Apartment,University District: Southwest,Above Ground,"Columbus, OH",4,"2 full, 0 half",4,No,No,Laundry Hookup,Yes,2,Yes,n/a,$475,Yes,No,No,n/a,n/a,No,Yes,Central A/C,Yes,Yes,Yes,No,No,Yes,"For more info Copy link:
https://www.osulive.com/vacancies?search=101+chittenden",$0,$0,$0,$0,No,No,No,No,No,No,No,,
99 Chittenden Street,https://offcampus.osu.edu/search-housing.aspx?property=15101&pricefrom=0&sort=1&alllandlords=0,00003AFD,"$900.00 - $3,700.00",08-23-2026,07-31-2027,12 Months,Yes,Yes,$3600,"Locations, Ltd",Apartment,University District: Southeast,Ground Level,"Columbus, OH",4,"2 full, 0 half",4,No,No,Laundry Hookup,Yes,2,Yes,n/a,$475,Yes,No,No,n/a,n/a,No,Yes,Central A/C,Yes,Yes,Yes,No,No,Yes,copy link https://www.osulive.com/listings/detail/8c0afc8d-5363-4455-b242-3bd51439e46d,$0,$0,$0,$0,No,No,No,No,No,No,No,,
89 Chittenden Street,https://offcampus.osu.edu/search-housing.aspx?property=15099&pricefrom=0&sort=1&alllandlords=0,00003AFB,"$900.00 - $3,600.00",08-24-2026,7-31-2027,12 Months,Yes,Yes,$3600,"Locations, Ltd",Apartment,University District: Southeast,Ground Level,"Columbus, OH",4,"2 full, 0 half",0,No,No,Laundry Hookup,Yes,2,Yes,n/a,$475,Yes,No,No,n/a,n/a,No,Yes,Central A/C,Yes,Yes,Yes,No,No,Yes,COPY LINK https://www.osulive.com/listings/detail/11afb80e-8976-4517-b78e-6c1ccb456a3a,$0,$0,$0,$0,No,No,No,No,No,No,No,,
81 Chittenden Street,https://offcampus.osu.edu/search-housing.aspx?property=15095&pricefrom=0&sort=1&alllandlords=0,00003AF7,"$900.00 - $3,600.00",08-23-2026,7-31-2027,12 Months,No,Yes,$3600,"Locations, Ltd",Apartment,University District: Southeast,Ground Level,"Columbus, OH",4,"2 full, 0 half",4,No,No,Laundry Hookup,Yes,2,Yes,n/a,$475,Yes,No,No,n/a,n/a,No,Yes,Central A/C,Yes,Yes,Yes,No,No,Yes,,$0,$0,$0,$0,No,No,No,No,No,No,No,,
72 Chittenden Street Unit D,https://offcampus.osu.edu/search-housing.aspx?property=15094&pricefrom=0&sort=1&alllandlords=0,00003AF6,"$900.00 - $3,600.00",08-23-2026,7-31-2027,12 Months,No,Yes,$3600,"Locations, Ltd",Apartment,University District: Southeast,Above Ground,"Columbus, OH",4,"1 full, 0 half",4,No,No,Laundry Hookup,Yes,2,Yes,n/a,$475,Yes,No,No,n/a,n/a,No,No,Central A/C,Yes,Yes,Yes,No,No,Yes,"https://www.osulive.com/listings/detail/202c82aa-cc3b-4183-8b5b-a7944c8b5dd1

Large deck with each apartment
Gateway district 
Lighted off street parking
Central air
Dishwasher and disposal",$0,$0,$0,$0,No,No,No,No,No,No,No,,
70 Chittenden Street,https://offcampus.osu.edu/search-housing.aspx?property=15090&pricefrom=0&sort=1&alllandlords=0,00003AF2,"$900.00 - $3,600.00",08-23-2026,7-31-2027,12 Months,No,Yes,$3600,"Locations, Ltd",Duplex/Town House,University District: Southeast,Above Ground,"Columbus, OH",4,"3 full, 0 half",4,No,Yes,Laundry Hookup,Yes,2,Yes,n/a,$475,Yes,No,No,n/a,n/a,No,Yes,Central A/C,Yes,Yes,Yes,No,No,Yes,,$0,$0,$0,$0,No,No,No,No,No,No,No,,
45 Chittenden Street,https://offcampus.osu.edu/search-housing.aspx?property=15084&pricefrom=0&sort=1&alllandlords=0,00003AEC,"$900.00 - $3,600.00",08-23-2026,7-26-2027,12 Months,No,Yes,$3600,"Locations, Ltd",Apartment,University District: Southeast,Above Ground,"Columbus, OH",4,"2 full, 0 half",4,No,No,Laundry Hookup,Yes,1,Yes,n/a,$475,Yes,No,No,n/a,n/a,No,No,Central A/C,Yes,Yes,Yes,No,No,Yes,COPY LINK https://www.osulive.com/listings/detail/47cb7cae-8457-4250-a1f6-ef8e34b8efb1,$0,$0,$0,$0,No,No,No,No,No,No,No,,
39 Chittenden Street,https://offcampus.osu.edu/search-housing.aspx?property=15080&pricefrom=0&sort=1&alllandlords=0,00003AE8,"$900.00 - $3,600.00",08-23-2026,7-31-2027,12 Months,No,Yes,$3600,"Locations, Ltd",Apartment,University District: Southeast,Ground Level,"Columbus, OH",4,"2 full, 0 half",4,No,No,None,Yes,1,Yes,n/a,$475,Yes,No,No,n/a,n/a,No,Yes,Central A/C,Yes,Yes,Yes,No,No,Yes,COPY LINK https://www.osulive.com/listings/detail/32710b1c-4746-448f-9799-fe06c5cc3d0c,$0,$0,$0,$0,No,No,No,No,No,No,No,,
72 Chittenden Street Unit A,https://offcampus.osu.edu/search-housing.aspx?property=15091&pricefrom=0&sort=1&alllandlords=0,00003AF3,"$900.00 - $4,500.00",08-24-2026,7-31-2027,12 Months,No,Yes,$4500,"Locations, Ltd",Apartment,University District: Southeast,Above Ground,"Columbus, OH",5,"2 full, 0 half",5,No,Yes,Laundry Hookup,Yes,2,Yes,n/a,$475,Yes,No,No,n/a,n/a,No,No,Central A/C,Yes,Yes,Yes,No,No,Yes,https://www.osulive.com/listings/detail/5e27aa7a-aa1d-4188-b01b-937ec4e68242,$0,$0,$0,$0,No,No,No,No,No,No,No,,
1892 East 16th Street Unit E,https://offcampus.osu.edu/search-housing.aspx?property=15046&pricefrom=0&sort=1&alllandlords=0,00003AC6,"$900.00 - $5,400.00",01-10-2026,7/31/2026,"August 23, 2026 - July 31, 2027",Yes,Yes,$5400,"Locations, Ltd",Apartment,University District: Central,Ground Level,"Columbus, OH",6,"2 full, 0 half",6,No,No,Laundry Hookup,Yes,2,Yes,n/a,$475,Yes,No,No,n/a,n/a,No,No,Central A/C,Yes,Yes,Yes,No,No,No,,$0,$0,$0,$0,No,No,No,No,No,No,No,,
2121 Iuka Road Unit B,https://offcampus.osu.edu/search-housing.aspx?property=15014&pricefrom=0&sort=1&alllandlords=0,00003AA6,"$900.00 - $1,800.00",01-10-2026,7/31/2027,"August 23, 2026 - July 31, 2027",Yes,Yes,$1800,"Locations, Ltd",Apartment,University District: Central,Ground Level,"Columbus, OH",2,"1 full, 0 half",2,No,No,None,Yes,2,Yes,n/a,$475,Yes,No,No,n/a,n/a,No,No,Central A/C,Yes,Yes,Yes,No,No,Yes,"Copy link for more info:
https://www.osulive.com/listings/detail/ef67cce1-8736-4dbb-9493-9a2677d11d27",$0,$0,$0,$0,No,No,No,No,No,No,No,,
66 Chittenden Avenue,https://offcampus.osu.edu/search-housing.aspx?property=15088&pricefrom=0&sort=1&alllandlords=0,00003AF0,"$900.00 - $3,600.00",01-10-2026,7/31/2027,"August 23, 2026 -  July 31, 2027",Yes,Yes,$3600,"Locations, Ltd",Duplex/Town House,University District: Southeast,Above Ground,"Columbus, OH",4,"3 full, 0 half",4,No,Yes,Laundry Hookup,Yes,2,Yes,n/a,$475,Yes,No,No,n/a,n/a,No,Yes,Central A/C,Yes,Yes,Yes,No,No,Yes,,$0,$0,$0,$0,No,No,No,No,No,No,No,,
194 East 14th Street Unit D,https://offcampus.osu.edu/search-housing.aspx?property=15068&pricefrom=0&sort=1&alllandlords=0,00003ADC,"$900.00 - $4,500.00",01-10-2026,7-31-2027,12 Months,Yes,Yes,$4500,"Locations, Ltd",Apartment,University District: Central,Ground Level,"Columbus, OH",5,"2 full, 0 half",5,No,Yes,Laundry facilities in the unit,Yes,2,Yes,n/a,$475,Yes,No,No,n/a,n/a,No,Yes,Central A/C,Yes,Yes,Yes,No,No,Yes,,$0,$0,$0,$0,No,No,No,No,No,No,No,,
194 East 14th Street Unit B,https://offcampus.osu.edu/search-housing.aspx?property=15066&pricefrom=0&sort=1&alllandlords=0,00003ADA,$900.00,01-10-2026,"July 31, 2027",12 Months,Yes,Yes,$900,"Locations, Ltd",Apartment,University District: Central,Ground Level,"Columbus, OH",1,"1 full, 0 half",1,No,No,None,Yes,1,Yes,n/a,$475,Yes,No,No,n/a,n/a,No,No,Central A/C,Yes,Yes,Yes,No,No,No,,$0,$0,$0,$0,No,No,No,No,No,No,No,,
59 East Norwich Road F,https://offcampus.osu.edu/search-housing.aspx?property=14994&pricefrom=0&sort=1&alllandlords=0,00003A92,$900.00,08-24-2026,08-31-2027,"August 23,2026 - July 31,2027",No,Yes,$900,"Locations, Ltd",Apartment,University District: Southeast,Ground Level,"Columbus, OH",1,"1 full, 0 half",1,No,No,None,Yes,1,Yes,n/a,$380,Yes,No,No,n/a,n/a,No,No,Central A/C,No,Yes,Yes,No,No,No,,$0,$0,$0,$0,No,No,No,No,No,No,No,,
59 East Norwich Avenue B,https://offcampus.osu.edu/search-housing.aspx?property=14990&pricefrom=0&sort=1&alllandlords=0,00003A8E,$900.00,08-23-2026,07-31-2027,"August 23,2026 - July 31, 2027",No,Yes,$900,"Locations, Ltd",Apartment,University District: Southeast,Ground Level,"Columbus, OH",1,"1 full, 0 half",1,No,No,None,Yes,1,Yes,n/a,$440,Yes,No,No,n/a,n/a,No,No,Central A/C,No,Yes,Yes,No,No,No,"COPY Link for more info:
https://www.osulive.com/listings/detail/e6ccecac-b740-48f3-8779-982c22876bb3",$0,$0,$0,$0,No,No,No,No,No,No,No,,
353 East 13th Avenue Unit 2C,https://offcampus.osu.edu/search-housing.aspx?property=16373&pricefrom=0&sort=1&alllandlords=0,00003FF5,$900.00,08-22-2026,08-08-2027,12 months,No,No,$200-800,"Landis Properties, Ltd",Apartment,University District: Central,Above Ground,"Columbus, OH",2,"1 full, 0 half",4,No,No,None,Yes,11,Yes,n/a,$250,Yes,,No,n/a,n/a,No,No,Central A/C,No,Yes,Yes,Yes,No,No,Professional laundromat located just a few blocks away on 1858 Summit Street.,$200,$0,$30,$20,Yes,Yes,Yes,No,No,No,No,,
353 East 13th Avenue Unit 1G,https://offcampus.osu.edu/search-housing.aspx?property=16380&pricefrom=0&sort=1&alllandlords=0,00003FFC,$900.00 - $950.00,08-23-2026,08-09-2027,12 months,No,No,$200-850,"Landis Properties, Ltd",Apartment,University District: Central,Above Ground,"Columbus, OH",2,"1 full, 0 half",4,No,No,None,Yes,11,Yes,n/a,$250,Yes,,No,n/a,n/a,No,No,Central A/C,No,Yes,Yes,Yes,No,No,Professional laundromat located just a few blocks away on 1858 Summit Street.,$200,$0,$30,$20,Yes,Yes,Yes,No,No,No,No,,
353 East 13th Avenue Unit 2B,https://offcampus.osu.edu/search-housing.aspx?property=16371&pricefrom=0&sort=1&alllandlords=0,00003FF3,$900.00 - $950.00,08-18-2026,08-09-2027,12 months,No,No,$200-800,"Landis Properties, Ltd",Apartment,University District: Central,Above Ground,"Columbus, OH",2,"1 full, 0 half",4,No,No,None,Yes,11,Yes,n/a,$250,Yes,,No,n/a,n/a,No,No,Central A/C,No,Yes,Yes,Yes,No,No,Professional laundromat located just a few blocks away on 1858 Summit Street.,$200,$0,$30,$20,Yes,Yes,Yes,No,No,No,No,,
353 East 13th Avenue Unit 2D,https://offcampus.osu.edu/search-housing.aspx?property=16376&pricefrom=0&sort=1&alllandlords=0,00003FF8,$900.00 - $950.00,08-23-2026,08-09-2027,12 months,No,No,$200-800,"Landis Properties, Ltd",Apartment,University District: Central,Above Ground,"Columbus, OH",2,"1 full, 0 half",4,No,No,None,Yes,11,Yes,n/a,$250,Yes,,No,n/a,n/a,No,No,Central A/C,No,Yes,Yes,Yes,No,No,Professional laundromat located just a few blocks away on 1858 Summit Street.,$200,$0,$30,$20,Yes,Yes,Yes,No,No,No,No,,
353 East 13th Avenue Unit 1H,https://offcampus.osu.edu/search-housing.aspx?property=16478&pricefrom=0&sort=1&alllandlords=0,0000405E,$900.00,08-22-2026,08-08-2027,12 months,No,No,$200-850,"Landis Properties, Ltd",Apartment,University District: Central,Above Ground,"Columbus, OH",2,"1 full, 0 half",4,No,No,None,Yes,11,Yes,n/a,$250,Yes,,No,n/a,n/a,No,No,Central A/C,No,Yes,Yes,Yes,No,No,Professional laundromat located just a few blocks away on 1858 Summit Street.,$200,$0,$30,$20,Yes,Yes,Yes,No,No,No,No,,
353 East 13th Avenue Unit 1F,https://offcampus.osu.edu/search-housing.aspx?property=16379&pricefrom=0&sort=1&alllandlords=0,00003FFB,$900.00,08-22-2026,08-08-2027,12 months,No,No,$200-900,"Landis Properties, Ltd",Apartment,University District: Central,Above Ground,"Columbus, OH",2,"1 full, 0 half",4,No,No,None,Yes,11,Yes,n/a,$250,Yes,,No,n/a,n/a,No,No,Central A/C,No,Yes,Yes,Yes,No,No,Professional laundromat located just a few blocks away on 1858 Summit Street.,$200,$0,$30,$20,Yes,Yes,Yes,No,No,No,No,,
2233 Neil  Avenue Unit H,https://offcampus.osu.edu/search-housing.aspx?property=17340&pricefrom=0&sort=1&alllandlords=0,000043BC,$900.00,08-16-2026,08-09-2027,12 Months,No,Yes,$one month's rent,"OSU Apartments & Rentals, Inc.",House,University District: Northwest,Above Ground,"Columbus, OH",2,"1 full, 0 half",2,No,No,Laundry facilities in the unit,Yes,0,No,n/a,n/a,Yes,,No,n/a,n/a,No,Yes,Window A/C,Yes,Yes,Yes,Yes,Yes,Yes,"This is a beautiful house, one block from OSU's north campus.  Nearby amenities include a park, tennis courts, and shopping.  The house also boasts two fireplaces, bay windows, and sun room.  Flooring includes:  wooden floors in the kitchen, marble floors in the bathroom, and carpeting throughout the bedrooms.   

Washer / dryer and dishwasher included. Local area network, satellite dish, high speed internet access, and security system are also available/pre-wired but not included in rent. 

This house also includes a large fenced-in backyard with picnic table.  

Permit parking area; on-street parking available.",$$0,$0,$0,$0,No,No,No,No,No,No,No,,
2233 Neil Avenue Unit D,https://offcampus.osu.edu/search-housing.aspx?property=20886&pricefrom=0&sort=1&alllandlords=0,00005196,$900.00,08-16-2026,08-09-2027,"August 16, 2026 - August 9, 2027",No,No,$one month's rent,"OSU Apartments & Rentals, Inc.",House,University District: Northwest,Above Ground,"Columbus, OH",2,"1 full, 0 half",2,No,No,Laundry facilities in the unit,Yes,0,No,n/a,n/a,Yes,,No,n/a,n/a,No,Yes,Central A/C,Yes,Yes,Yes,Yes,Yes,Yes,"This is a beautiful house, one block from OSU's north campus.  Nearby amenities include a park, tennis courts, and shopping.  The house also boasts two fireplaces, bay windows, and sun room.  Flooring includes:  wooden floors in the kitchen, marble floors in the bathroom, and carpeting throughout the bedrooms.   

Washer / dryer and dishwasher included. Local area network, satellite dish, high speed internet access, and security system are also available/pre-wired but not included in rent. 

This house also includes a large fenced-in backyard with picnic table.  

Permit parking area; on-street parking available.   Please call to reserve your viewing time today!",$0,$0,$0,$0,No,No,No,No,No,No,No,,
285 East 15th Street Unit 204,https://offcampus.osu.edu/search-housing.aspx?property=15058&pricefrom=0&sort=1&alllandlords=0,00003AD2,$900.00,8/22/2025,7/31/2026,"August 22, 2025- July 31, 2026",No,Yes,$900,"Locations, Ltd",Apartment,University District: Central,Ground Level,"Columbus, OH",1,"1 full, 0 half",2,No,No,Laundry facilities in the building,Yes,1,Yes,n/a,$475,Yes,No,No,n/a,n/a,No,No,None,No,Yes,Yes,No,No,No,COPY LINK https://www.osulive.com/listings/detail/3c817a5c-9b0f-46eb-b562-8a24f572ad5c,$0,$0,$0,$0,No,No,No,No,No,No,No,,
285 East 15th Street Unit 203,https://offcampus.osu.edu/search-housing.aspx?property=15057&pricefrom=0&sort=1&alllandlords=0,00003AD1,$900.00,8-22-2025,7-31-2026,12 Months,No,Yes,$800,"Locations, Ltd",Apartment,University District: Central,Ground Level,"Columbus, OH",1,"1 full, 0 half",2,No,No,Laundry facilities in the building,Yes,1,Yes,n/a,$475,Yes,No,No,n/a,n/a,No,No,None,No,Yes,Yes,No,No,No,COPY LINK https://www.osulive.com/listings/detail/6d9215c5-714a-4505-a199-c4474785c756,$0,$0,$0,$0,No,No,No,No,No,No,No,,
285 East 15th Street Unit 202,https://offcampus.osu.edu/search-housing.aspx?property=15056&pricefrom=0&sort=1&alllandlords=0,00003AD0,$900.00,8-22-2025,7-31-2026,12 Months,No,Yes,$900,"Locations, Ltd",Apartment,University District: Central,Ground Level,"Columbus, OH",1,"1 full, 0 half",2,No,No,Laundry facilities in the building,Yes,1,Yes,n/a,$475,Yes,No,No,n/a,n/a,No,No,None,No,Yes,Yes,No,No,No,"COPY LINK 
https://www.osulive.com/listings/detail/dab30eeb-d396-4999-b3df-a3c23a2ff49a",$0,$0,$0,$0,No,No,No,No,No,No,No,,
285 East 15th Street Unit 201,https://offcampus.osu.edu/search-housing.aspx?property=15055&pricefrom=0&sort=1&alllandlords=0,00003ACF,$900.00,8-22-2025,7-31-2026,12 Months,No,Yes,$900,"Locations, Ltd",Apartment,University District: Central,Ground Level,"Columbus, OH",1,"1 full, 0 half",2,No,No,Laundry facilities in the building,Yes,1,Yes,n/a,$475,Yes,No,No,n/a,n/a,No,No,None,No,Yes,Yes,No,No,No,https://www.osulive.com/listings/detail/5fe6ba07-1ae7-451d-932a-c0063f200ea8,$0,$0,$0,$0,No,No,No,No,No,No,No,,
285 East 15th Street Unit 104,https://offcampus.osu.edu/search-housing.aspx?property=15054&pricefrom=0&sort=1&alllandlords=0,00003ACE,$900.00,8-22-2025,7-31-2026,12 Months,No,Yes,$900,"Locations, Ltd",Apartment,University District: Central,Ground Level,"Columbus, OH",1,"1 full, 0 half",1,No,No,Laundry facilities in the building,Yes,1,Yes,n/a,$475,Yes,No,No,n/a,n/a,No,No,None,No,Yes,Yes,No,No,No,https://www.osulive.com/listings/detail/91033f0a-da9b-4e46-a134-03e247756178,$0,$0,$0,$0,No,No,No,No,No,No,No,,
285 East 15th Street Unit 103,https://offcampus.osu.edu/search-housing.aspx?property=15053&pricefrom=0&sort=1&alllandlords=0,00003ACD,$900.00,8-22-2025,7-31-2026,12 Months,No,Yes,$900,"Locations, Ltd",Apartment,University District: Central,Ground Level,"Columbus, OH",1,"1 full, 0 half",1,No,No,Laundry facilities in the building,Yes,1,Yes,n/a,$475,Yes,No,No,n/a,n/a,No,No,None,No,Yes,Yes,No,No,No,https://www.osulive.com/listings/detail/a82adaf9-15bb-485a-b09b-989668305201,$0,$0,$0,$0,No,No,No,No,No,No,No,,
285 East 15th Street Unit 101,https://offcampus.osu.edu/search-housing.aspx?property=15051&pricefrom=0&sort=1&alllandlords=0,00003ACB,$900.00,8-22-2025,7-31-2026,12 Months,No,Yes,$900,"Locations, Ltd",Apartment,University District: Central,Ground Level,"Columbus, OH",1,"1 full, 0 half",1,No,No,Laundry facilities in the building,Yes,1,Yes,n/a,$475,Yes,No,No,n/a,n/a,No,No,None,No,Yes,Yes,No,No,No,https://www.osulive.com/listings/detail/fa7be540-89ad-4d64-8b1b-de665167ee58,$0,$0,$0,$0,No,No,No,No,No,No,No,,
285 East 15th Street Unit 102,https://offcampus.osu.edu/search-housing.aspx?property=15052&pricefrom=0&sort=1&alllandlords=0,00003ACC,$900.00,8-22-2025,7-31-2026,12 Months,No,Yes,$900,"Locations, Ltd",Apartment,University District: Central,Ground Level,"Columbus, OH",1,"1 full, 0 half",1,No,No,Laundry facilities in the building,Yes,1,Yes,n/a,$475,Yes,No,No,n/a,n/a,No,No,Central A/C,No,Yes,Yes,No,No,No,https://www.osulive.com/listings/detail/966d6797-54fc-4239-bd8a-6c0f04036a55,$0,$0,$0,$0,No,No,No,No,No,No,No,,
26 West 10th Street Unit B,https://offcampus.osu.edu/search-housing.aspx?property=15124&pricefrom=0&sort=1&alllandlords=0,00003B14,$900.00,8-22-2025,7-31-2026,12 Months,No,Yes,$900,"Locations, Ltd",Apartment,University District: Southwest,Ground Level,"Columbus, OH",1,"1 full, 0 half",1,No,Yes,Laundry facilities in the building,Yes,1,Yes,n/a,$475,Yes,No,No,n/a,n/a,No,No,None,No,Yes,Yes,No,No,No,https://www.osulive.com/listings/detail/eda84e45-f523-4a88-9111-92156fdd770d,$0,$0,$0,$0,No,No,No,No,No,No,No,,
26 West 10th Street Unit A,https://offcampus.osu.edu/search-housing.aspx?property=15123&pricefrom=0&sort=1&alllandlords=0,00003B13,$900.00,8-22-2025,7-31-2026,12 Months,No,Yes,$900,"Locations, Ltd",Apartment,University District: Southwest,Ground Level,"Columbus, OH",1,"1 full, 0 half",2,No,Yes,Laundry facilities in the building,Yes,1,Yes,n/a,$475,Yes,No,No,n/a,n/a,No,No,None,No,Yes,Yes,No,No,No,https://www.osulive.com/listings/detail/edcbfcf0-5a10-4c75-8663-948b2d02399e,$0,$0,$0,$0,No,No,No,No,No,No,No,,
24 West 10th Street Unit B,https://offcampus.osu.edu/search-housing.aspx?property=15121&pricefrom=0&sort=1&alllandlords=0,00003B11,$900.00,8-22-2025,7-31-2026,12 Months,No,Yes,$900,"Locations, Ltd",Apartment,University District: Southwest,Ground Level,"Columbus, OH",1,"1 full, 0 half",2,No,Yes,Laundry facilities in the building,Yes,1,Yes,n/a,$475,Yes,No,No,n/a,n/a,No,No,None,No,Yes,Yes,No,No,No,https://www.osulive.com/listings/detail/b4451b46-fe0b-40f9-be7d-f8b44b152941,$0,$0,$0,$0,No,No,No,No,No,No,No,,
24 West 10th Street Unit A,https://offcampus.osu.edu/search-housing.aspx?property=15120&pricefrom=0&sort=1&alllandlords=0,00003B10,$900.00,8-22-2025,7-31-2026,12 Months,No,Yes,$900,"Locations, Ltd",Apartment,University District: Southwest,Ground Level,"Columbus, OH",1,"1 full, 0 half",2,No,Yes,None,Yes,1,Yes,n/a,$475,Yes,No,No,n/a,n/a,No,No,None,No,Yes,Yes,No,No,No,"copy link to rental unit
https://www.osulive.com/listings/detail/6f9d5d51-5ce2-4ffe-a711-c451b221c81a

GATEWAY Location - close to Law School, Medical Campus",$0,$0,$0,$0,No,No,No,No,No,No,No,,
59 East Norwich Road Unit A,https://offcampus.osu.edu/search-housing.aspx?property=14989&pricefrom=0&sort=1&alllandlords=0,00003A8D,$900.00,8/22/2025,7/31/2026,"August 22, 2025- July 31, 2026",No,Yes,$900,"Locations, Ltd",Apartment,University District: Northeast,Ground Level,"Columbus, OH",1,"1 full, 0 half",1,No,No,None,Yes,1,Yes,n/a,$475,Yes,No,No,n/a,n/a,No,No,Central A/C,No,Yes,Yes,No,Yes,No,"COPY Link for more info:
https://www.osulive.com/listings/detail/d98c6a6b-ebf9-4ea6-96a6-c75455ce833f",$0,$0,$0,$0,No,No,No,No,No,No,No,,
59 East Norwich Way E,https://offcampus.osu.edu/search-housing.aspx?property=14993&pricefrom=0&sort=1&alllandlords=0,00003A91,$900.00,8/22/2025,7/31/2026,"August 22, 2025- July 31, 2026",No,Yes,$900,"Locations, Ltd",Apartment,University District: Southeast,Ground Level,"Columbus, OH",1,"1 full, 0 half",1,No,No,None,Yes,1,Yes,n/a,$475,Yes,No,No,n/a,n/a,No,No,Central A/C,No,Yes,Yes,No,No,No,,$0,$0,$0,$0,No,No,No,No,No,No,No,,
24 West 10th Street Unit C,https://offcampus.osu.edu/search-housing.aspx?property=15122&pricefrom=0&sort=1&alllandlords=0,00003B12,$900.00,08/24/2025,07/26/2026,12 Months,No,Yes,$900,"Locations, Ltd",Apartment,University District: Southwest,Ground Level,"Columbus, OH",1,"1 full, 0 half",2,No,Yes,Laundry facilities in the building,Yes,1,Yes,n/a,$475,Yes,No,No,n/a,n/a,No,No,None,No,Yes,Yes,No,No,No,https://www.osulive.com/listings/detail/2e3b7809-8623-4ee2-a426-869c425e650e,$0,$0,$0,$0,No,No,No,No,No,No,No,,
1436 West Third Avenue 1436,https://offcampus.osu.edu/search-housing.aspx?property=15207&pricefrom=0&sort=1&alllandlords=0,00003B67,"$900.00 - $1,800.00",12/15/2024,6/30/2025,12 months,No,Yes,$1800,"Locations, Ltd",Duplex/Town House,Outside University District: Grandview,Above Ground,"Columbus, OH",2,"1 full, 0 half",2,No,Yes,Laundry Hookup,Yes,1,Yes,n/a,n/a,Yes,,Yes,$75,$900,No,No,None,Yes,Yes,Yes,No,Yes,Yes,"SPRING 2025 MOVE IN AVAILABLE

 is available now. 2 bedroom townhouse 1 bath full undated kitchens and bath, full basement with washer Dryer hookups. Located in upscale neighborhood with shopping and restaurants in walking distance with close proximity to campus and downtown.",$200,$0,$0,$0,Yes,Yes,Yes,No,No,No,No,,
20 West Norwich Road,https://offcampus.osu.edu/search-housing.aspx?property=14987&pricefrom=0&sort=1&alllandlords=0,00003A8B,"$900.00 - $1,275.00",08/19/2019,07/26/2020,"August 19, 2019-July 26, 2020",No,Yes,$900-1275,"Locations, Ltd",Apartment,University District: Northwest,Ground Level,"Columbus, OH",3,"1 full, 0 half",2,No,Yes,Laundry Hookup,Yes,0,Yes,n/a,n/a,Yes,No,No,n/a,n/a,No,No,None,No,Yes,Yes,No,No,Yes,,$0,$0,$0,$0,No,No,No,No,No,No,No,,
50 West 9th Avenue,https://offcampus.osu.edu/search-housing.aspx?property=10435&pricefrom=0&sort=1&alllandlords=0,000028C3,$910.00 - $960.00,7/22/2026,7/20/2027,350 days,No,No,$1 months rent,JB Properties,Apartment,University District: Southwest,Above Ground,"Columbus, OH",2,"1 full, 0 half",3,No,No,Laundry facilities in the building,Yes,2,Yes,n/a,$420,Yes,No,No,n/a,n/a,No,No,Central A/C,Yes,Yes,Yes,No,No,No,,$0,$0,$0,$0,No,No,No,No,No,No,No,,
"2244 Neil AvenueColumbus, OH 43201",https://offcampus.osu.edu/search-housing.aspx?property=21927&pricefrom=0&sort=1&alllandlords=0,000055A7,$920.00,08-15-2026,07-31-2027,11.5 Months,No,Yes,$920,"Kohr Royer Griffith, Inc.",Studio/Efficiency,University District: Northeast,Ground Level,"Columbus, OH",0,"1 full, 0 half",1,No,No,Laundry facilities in the building,Yes,0,Yes,$30,$360,No,,No,n/a,n/a,Yes,No,Window A/C,No,Yes,Yes,No,No,No,"Units have Microwaves, Garbage Disposal, range and refrigerator/freezer.",$0,$0,$0,$0,No,No,No,No,Yes,No,Yes,Pat Steane,614-291-8000
14 West Oakland Avenue,https://offcampus.osu.edu/search-housing.aspx?property=21023&pricefrom=0&sort=1&alllandlords=0,0000521F,$920.00,08/20/26,8/05/27,50 weeks,No,Yes,$920,Buckeye Real Estate,Studio/Efficiency,University District: Northeast,Above Ground,"Columbus, OH",0,"1 full, 0 half",1,No,No,Laundry facilities in the building,Yes,1,Yes,n/a,n/a,Yes,,No,n/a,n/a,No,No,Window A/C,No,Yes,Yes,No,No,No,,$250,$0,$0,$0,Yes,Yes,Yes,No,No,No,No,,
"2844 Atoll DrLewis Center, OH 43035",https://offcampus.osu.edu/search-housing.aspx?property=9345&pricefrom=0&sort=1&alllandlords=0,00002481,$925.00 - $999.00,05-01-2026,07-31-2027,14 months,No,No,$925,C.E. Investments,Apartment,University District: Central,Above Ground,"Columbus, OH",1,"1 full, 0 half",2,No,No,Laundry facilities in the building,Yes,0,Yes,n/a,n/a,Yes,No,No,n/a,n/a,No,No,Window A/C,No,Yes,Yes,No,No,No,,$280,$35,$0,$0,Yes,Yes,Yes,No,No,No,No,Jerry Einsiedel,330-692-3200
"2104 Tuller StreetColumbus, OH 43201",https://offcampus.osu.edu/search-housing.aspx?property=21916&pricefrom=0&sort=1&alllandlords=0&sublet=true,0000559C,"$1,005.00",1/1/2026,5/31/2026,5 months,No,Yes,$500,Inn-Town Homes and Apartments,Apartment,University District: Northeast,Ground Level,"Columbus, OH",1,"1 full, 0 half",1,Yes,No,Laundry facilities in the building,Yes,1,No,n/a,n/a,No,,Yes,$80,$400,Yes,No,Central A/C,No,No,Yes,Yes,No,No,Microwave,$0,$0,$0,$0,No,No,No,No,Yes,Yes,Yes,Jill Kaikis,614-294-1684
348 King Avenue Unit 2,https://offcampus.osu.edu/search-housing.aspx?property=10666&pricefrom=0&sort=1&alllandlords=0,000029AA,$925.00,08-19-2026,07-31-2027,12 months,No,No,$925,Hometeam,Apartment,University District: Southwest,Ground Level,"Columbus, OH",1,"1 full, 0 half",2,No,No,Laundry facilities in the building,Yes,0,Yes,$Ask us about our pricing,n/a,Yes,Yes,No,n/a,n/a,No,No,Window A/C,No,Yes,Yes,No,No,No,,$0,$0,$0,$0,Yes,Yes,Yes,No,No,No,No,,
348 King Avenue Unit 4,https://offcampus.osu.edu/search-housing.aspx?property=8118&pricefrom=0&sort=1&alllandlords=0,00001FB6,$925.00,08-19-2026,07-31-2027,12 months,No,No,$925,Hometeam,Apartment,University District: Southwest,Above Ground,"Columbus, OH",1,"1 full, 0 half",2,No,No,Laundry facilities in the building,Yes,0,Yes,$Ask us about our pricing,n/a,Yes,No,No,n/a,n/a,No,No,Central A/C,No,Yes,Yes,No,No,No,,$0,$0,$0,$0,Yes,Yes,Yes,No,No,No,No,,
"402 Hidden Ravines Dr.Powell, OH 43065",https://offcampus.osu.edu/search-housing.aspx?property=21951&pricefrom=0&sort=1&alllandlords=0&sublet=true,000055BF,$930.00,5/1/2026,8/2/2026,3 months,Yes,Yes,$0,OSU Student Rentals,Apartment,University District: Northeast,Ground Level,"Columbus, OH",1,"1 full, 0 half",1,Yes,Yes,Laundry facilities in the building,Yes,1,Yes,n/a,n/a,Yes,,Yes,n/a,n/a,Yes,No,Central A/C,No,Yes,Yes,No,No,No,"The stove is not directly in the room; it is located on one of the building's floors and is available for use 24/7.
Also, cable/wifi and other amenities are included in the rent!

Move-in date is negotiable. Please let me know which summer session you have so we can plan how long you may need to stay, and a good day/month for move-in. A shorter lease is an option. Just let me know :)!

I am easiest to reach via email or text. 

Here is a link to view the room.
https://youtu.be/abIlFN4kric",$0,$0,$0,$0,No,No,No,No,Yes,Yes,Yes,Ann Proodian,951-640-6306
162 West Northwood Avenue,https://offcampus.osu.edu/search-housing.aspx?property=14023&pricefrom=0&sort=1&alllandlords=0,000036C7,$930.00,8/20/26,8/5/27,12 Months,No,Yes,$930,Buckeye Real Estate,Studio/Efficiency,University District: Northwest,Ground Level,"Columbus, OH",1,"1 full, 0 half",2,No,No,None,Yes,1,Yes,n/a,n/a,Yes,No,No,n/a,n/a,No,No,Central A/C,Yes,Yes,Yes,No,No,Yes,,$$250.00,$0,$0,$0,Yes,Yes,Yes,No,Yes,No,No,,
33 East Thirteenth Avenue 4,https://offcampus.osu.edu/search-housing.aspx?property=20924&pricefrom=0&sort=1&alllandlords=0,000051BC,$940.00,08-14-2026,07-30-2027,11.5 Mo,No,Yes,$940,G.A.S. PROPERTIES,Apartment,University District: Central,Above Ground,"Columbus, OH",1,"1 full, 0 half",2,No,No,Laundry facilities in the building,Yes,1,Yes,n/a,$350,Yes,,No,n/a,n/a,No,No,Window A/C,No,Yes,Yes,No,Yes,No,,$250,$25,$25,$25,Yes,Yes,Yes,No,Yes,No,No,,
"2425 N HIGH STCOLUMBUS, OH 43202",https://offcampus.osu.edu/search-housing.aspx?property=21166&pricefrom=0&sort=1&alllandlords=0,000052AE,$940.00,8/14/2026,7/30/2027,350 days,No,Yes,$940,G.A.S. PROPERTIES,Apartment,University District: Central,Above Ground,"Columbus, OH",1,"1 full, 0 half",2,No,No,Laundry facilities in the building,Yes,1,Yes,n/a,$350,Yes,,No,n/a,n/a,No,No,Window A/C,No,Yes,Yes,No,No,Yes,,$250,$25,$25,$25,Yes,Yes,Yes,No,Yes,No,No,G.A.S. PROPERTIES,614-263-2665
33 East 13th Avenue Unit 7,https://offcampus.osu.edu/search-housing.aspx?property=17854&pricefrom=0&sort=1&alllandlords=0,000045BE,$940.00,08-14-2026,07-30-2027,350 Days,No,Yes,$940,G.A.S. PROPERTIES,Apartment,University District: Central,Above Ground,"Columbus, OH",1,"1 full, 0 half",2,No,No,Laundry facilities in the building,Yes,14,Yes,n/a,$350,Yes,,No,n/a,n/a,No,No,Central A/C,No,Yes,Yes,No,Yes,Yes,-Security Lighting,$250,$25,$25,$25,Yes,Yes,Yes,No,Yes,No,No,,
"2425 N HIGH STCOLUMBUS, OH 43202",https://offcampus.osu.edu/search-housing.aspx?property=17908&pricefrom=0&sort=1&alllandlords=0,000045F4,$940.00,08/14/2026,07/30/2027,350 Days,No,Yes,$940,G.A.S. PROPERTIES,Apartment,University District: Southwest,Ground Level,"Columbus, OH",1,"1 full, 0 half",1,No,Yes,Laundry facilities in the building,Yes,1,Yes,n/a,$350,Yes,,No,n/a,n/a,No,Yes,Window A/C,No,Yes,Yes,No,No,Yes,-Off street parking -Security Lighting -Smoke detectors -Fire extinguisher -Garbage disposal,$250,$25,$25,$25,Yes,Yes,Yes,No,No,No,No,G.A.S. PROPERTIES,614-263-2665
1234  Steelwood Road Models D1/D2/D3,https://offcampus.osu.edu/search-housing.aspx?property=17493&pricefrom=0&sort=1&alllandlords=0,00004455,$940.00 - $975.00,08-16-2025,07/31/2026,12 Months,No,Yes,$0.00,The Griff,Apartment,University District: Southwest,Above Ground,"Columbus, OH",4,"4 full, 0 half",4,Yes,No,Laundry facilities in the unit,Yes,1,Yes,$$0,$$0,No,,Yes,$50,$600,Yes,No,Central A/C,Yes,Yes,Yes,Yes,No,Yes,"The Griff's off-campus community in Columbus, Ohio, is your ideal place to start a fresh chapter, meet life-long friends, make new memories, and advance your education – all in a convenient neighborhood location near The Ohio State University. When you’re not relaxing in your spacious one, two, three, or four bedroom apartment, you’re enjoying lavish community amenities, studying for your next exam, or out exploring the Grandview area.",$350,$25,$25,$25,Yes,Yes,Yes,No,Yes,No,Yes,,
250  West 5th Avenue Front Unit,https://offcampus.osu.edu/search-housing.aspx?property=19256&pricefrom=0&sort=1&alllandlords=0,00004B38,$945.00,7/28/2026,7/12/2027,12 months,Yes,Yes,$945,Peak Property Group,Studio/Efficiency,University District: Southwest,Above Ground,"Columbus, OH",1,"1 full, 0 half",2,No,No,Laundry facilities in the building,Yes,0,No,n/a,n/a,Yes,,No,n/a,n/a,No,No,None,No,Yes,Yes,No,No,No,TO SCHEDULE A SHOWING: (614) 532-4215 or fifth-and-forsythe@rent.dynasty.com,$250,$35,$35,$35,Yes,Yes,Yes,No,No,No,No,,
34 West Northwood Avenue,https://offcampus.osu.edu/search-housing.aspx?property=8171&pricefrom=0&sort=1&alllandlords=0,00001FEB,$945.00,8/20/26,8/5/27,50 weeks,No,Yes,$945,Buckeye Real Estate,Apartment,University District: Northwest,Above Ground,"Columbus, OH",1,"1 full, 0 half",2,No,No,None,Yes,0,Yes,$45,n/a,Yes,Yes,No,n/a,n/a,No,No,Window A/C,No,Yes,Yes,No,Yes,Yes,,$250,$0,$0,$0,Yes,Yes,Yes,No,No,No,No,,
49 West 9th Avenue Unit 1,https://offcampus.osu.edu/search-housing.aspx?property=7445&pricefrom=0&sort=1&alllandlords=0,00001D15,$949.00,08-19-2026,07-31-2027,12 months,No,No,$949,Hometeam,Apartment,University District: Southwest,Ground Level,"Columbus, OH",1,"1 full, 0 half",1,No,No,None,Yes,0,Yes,$Ask us about our pricing,n/a,Yes,No,No,n/a,n/a,No,No,Window A/C,Yes,Yes,Yes,No,No,Yes,,$0,$0,$0,$0,Yes,Yes,Yes,No,No,No,No,,
98 East 12th  Avenue,https://offcampus.osu.edu/search-housing.aspx?property=15682&pricefrom=0&sort=1&alllandlords=0,00003D42,$949.00,08-19-2026,07-31-2027,12 month,No,No,$949,Hometeam,Studio/Efficiency,University District: Southeast,Above Ground,"Columbus, OH",1,"1 full, 0 half",1,No,No,Laundry facilities in the building,Yes,10,Yes,$Ask us about our pricing,n/a,Yes,No,No,n/a,n/a,No,No,Window A/C,No,Yes,Yes,No,No,No,,$0,$0,$0,$0,Yes,Yes,Yes,No,No,No,No,,
1355 N High St - The Iuka North High Street,https://offcampus.osu.edu/search-housing.aspx?property=21307&pricefrom=0&sort=1&alllandlords=0,0000533B,$949.00 - $964.00,08-20-2026,07-31-2027,12-month,No,Yes,$0,VERVE Columbus,Apartment,University District: Central,Above Ground,"Columbus, OH",4,"4 full, 0 half",4,Yes,No,Laundry facilities in the unit,Yes,132,Yes,n/a,n/a,Yes,,Yes,$160,n/a,Yes,No,Central A/C,Yes,Yes,Yes,Yes,No,No,,$300,$30,$0,$0,Yes,Yes,Yes,Yes,No,No,No,,
"PO Box 12788Columbus, OH 43212",https://offcampus.osu.edu/search-housing.aspx?property=21428&pricefrom=0&sort=1&alllandlords=0,000053B4,$950.00,7/28/2026,7/12/2027,12 Months,Yes,Yes,$950,Peak Property Group,Apartment,University District: Southwest,Above Ground,"Columbus, OH",1,"1 full, 0 half",2,No,No,Laundry facilities in the building,Yes,0,No,n/a,n/a,Yes,,No,n/a,n/a,No,No,Window A/C,Yes,Yes,Yes,No,No,No,TO SCHEDULE A SHOWING: www.peakpropertygroup.com,$250,$35,$35,$35,Yes,Yes,Yes,No,No,No,No,Chelsie Flores,614-360-2020
"PO Box 12788Columbus, OH 43212",https://offcampus.osu.edu/search-housing.aspx?property=21861&pricefrom=0&sort=1&alllandlords=0,00005565,$950.00,07/28/2026,07/12/2027,12 months,No,Yes,$950,Peak Property Group,Apartment,University District: Southwest,Above Ground,"Columbus, OH",0,"1 full, 0 half",2,No,No,Laundry facilities in the building,Yes,0,No,n/a,n/a,Yes,,No,n/a,n/a,No,No,Central A/C,No,Yes,Yes,No,No,No,,$250,$35,$0,$0,Yes,Yes,Yes,No,No,No,No,Chelsie Flores,614-360-2020
173 West 9th Avenue Unit 3,https://offcampus.osu.edu/search-housing.aspx?property=15638&pricefrom=0&sort=1&alllandlords=0,00003D16,"$950.00 - $1,300.00",08-19-2026,07-31-2027,12 months,No,No,$950-1300,Hometeam,Apartment,University District: Southwest,Ground Level,"Columbus, OH",2,"1 full, 0 half",2,No,No,Laundry facilities in the building,Yes,0,Yes,$Ask us about our pricing,n/a,Yes,No,No,n/a,n/a,No,No,Window A/C,Yes,Yes,Yes,No,No,No,,$0,$0,$0,$0,Yes,Yes,Yes,No,No,No,No,,
173 West 9th Avenue Unit 1,https://offcampus.osu.edu/search-housing.aspx?property=21058&pricefrom=0&sort=1&alllandlords=0,00005242,"$950.00 - $1,300.00",08-19-2026,07-31-2027,12 months,No,No,$950-1300,Hometeam,Apartment,University District: Southwest,Ground Level,"Columbus, OH",2,"1 full, 0 half",2,No,No,Laundry facilities in the building,No,0,No,$Ask us about our pricing,n/a,No,,No,n/a,n/a,No,No,Window A/C,Yes,Yes,Yes,No,No,No,,$0,$0,$0,$0,Yes,Yes,Yes,No,No,No,No,,
2135 Iuka Avenue Unit A3,https://offcampus.osu.edu/search-housing.aspx?property=15419&pricefrom=0&sort=1&alllandlords=0,00003C3B,$950.00,08-19-2026,07-31-2027,12 months,No,No,$950,Hometeam,Apartment,University District: Northeast,Ground Level,"Columbus, OH",2,"1 full, 0 half",3,No,No,Laundry facilities in the building,Yes,1,Yes,$Ask us about our pricing,n/a,Yes,No,No,n/a,n/a,No,No,Central A/C,Yes,Yes,Yes,No,No,Yes,,$0,$0,$0,$0,Yes,Yes,Yes,No,No,No,No,,
2135 Iuka Avenue Unit A4,https://offcampus.osu.edu/search-housing.aspx?property=15420&pricefrom=0&sort=1&alllandlords=0,00003C3C,$950.00,08-19-2026,07-31-2027,12 months,No,No,$950,Hometeam,Apartment,University District: Northeast,Ground Level,"Columbus, OH",2,"1 full, 0 half",3,No,No,Laundry facilities in the building,Yes,1,Yes,$Ask us about our pricing,n/a,Yes,No,No,n/a,n/a,No,No,Central A/C,Yes,Yes,Yes,No,No,Yes,,$0,$0,$0,$0,Yes,Yes,Yes,No,No,No,No,,
2135 Iuka Avenue Unit C2,https://offcampus.osu.edu/search-housing.aspx?property=15417&pricefrom=0&sort=1&alllandlords=0,00003C39,$950.00,08-19-2026,07-31-2027,12 months,No,No,$950,Hometeam,Apartment,University District: Northeast,Ground Level,"Columbus, OH",2,"1 full, 0 half",3,No,No,Laundry facilities in the building,Yes,1,Yes,$Ask us about our pricing,n/a,Yes,No,No,n/a,n/a,No,No,Central A/C,Yes,Yes,Yes,No,No,Yes,,$0,$0,$0,$0,Yes,Yes,Yes,No,No,No,No,,
2135 Iuka Avenue Unit C4,https://offcampus.osu.edu/search-housing.aspx?property=15426&pricefrom=0&sort=1&alllandlords=0,00003C42,$950.00,08-19-2026,07-31-2027,12 months,No,No,$950,Hometeam,Apartment,University District: Northeast,Ground Level,"Columbus, OH",2,"1 full, 0 half",3,No,No,Laundry facilities in the building,Yes,1,Yes,$Ask us about our pricing,n/a,Yes,No,No,n/a,n/a,No,No,Central A/C,Yes,Yes,Yes,No,No,Yes,,$0,$0,$0,$0,Yes,Yes,Yes,No,No,No,No,,
2135 Iuka Avenue Unit B4,https://offcampus.osu.edu/search-housing.aspx?property=15423&pricefrom=0&sort=1&alllandlords=0,00003C3F,$950.00,08-19-2026,07-31-2027,12 months,No,No,$950,Hometeam,Apartment,University District: Northeast,Ground Level,"Columbus, OH",2,"1 full, 0 half",3,No,No,Laundry facilities in the building,Yes,1,Yes,$Ask us about our pricing,n/a,Yes,No,No,n/a,n/a,No,No,Central A/C,Yes,Yes,Yes,No,No,Yes,,$0,$0,$0,$0,Yes,Yes,Yes,No,No,No,No,,
2135 Iuka Avenue Unit A2,https://offcampus.osu.edu/search-housing.aspx?property=11072&pricefrom=0&sort=1&alllandlords=0,00002B40,$950.00,08-19-2026,07-31-2027,12 months,No,No,$950,Hometeam,Apartment,University District: Northeast,Ground Level,"Columbus, OH",2,"1 full, 0 half",3,No,No,Laundry facilities in the building,Yes,1,Yes,$Ask us about our pricing,n/a,Yes,No,No,n/a,n/a,No,No,Central A/C,Yes,Yes,Yes,No,No,Yes,,$0,$0,$0,$0,Yes,Yes,Yes,No,No,No,No,,
149 13th Street,https://offcampus.osu.edu/search-housing.aspx?property=15073&pricefrom=0&sort=1&alllandlords=0,00003AE1,"$950.00 - $7,600.00",08-23-2026,08-31-2027,12 Months,No,Yes,$7600,"Locations, Ltd",House,University District: Central,Ground Level,"Columbus, OH",8,"2 full, 0 half",8,No,Yes,Laundry Hookup,Yes,6,Yes,n/a,$475,Yes,No,No,n/a,n/a,No,No,Central A/C,No,Yes,Yes,No,Yes,Yes,,$0,$0,$0,$0,No,No,No,No,No,No,No,,
60 Chittenden Avenue Unit 3C,https://offcampus.osu.edu/search-housing.aspx?property=14240&pricefrom=0&sort=1&alllandlords=0,000037A0,$950.00,8/20/26,8/5/27,12 Months,No,Yes,$950,Buckeye Real Estate,Apartment,University District: Southeast,Above Ground,"COLUMBUS, OH",1,"1 full, 0 half",2,No,No,Laundry facilities in the building,Yes,1,Yes,n/a,n/a,No,No,No,n/a,n/a,No,No,Central A/C,Yes,Yes,Yes,No,No,No,Newly remolded flat located close to classes. Microwave included. Gas and water included in monthly payment.,$$250,$0,$0,$0,Yes,Yes,Yes,No,Yes,No,Yes,,
60 Chittenden Avenue 3B,https://offcampus.osu.edu/search-housing.aspx?property=14239&pricefrom=0&sort=1&alllandlords=0,0000379F,$950.00,8/20/26,8/5/27,50 weeks,No,Yes,$950,Buckeye Real Estate,Apartment,University District: Southeast,Above Ground,"COLUMBUS, OH",1,"1 full, 0 half",2,No,No,Laundry facilities in the building,Yes,1,Yes,n/a,n/a,No,No,No,n/a,n/a,No,No,Central A/C,Yes,Yes,Yes,No,No,No,"Newly Remodeled flats located close to classes. Dishwasher/microwave included, coin op laundry on site. Water included in monthly payment!

This is an oversold lot with limited parking spaces for the buliding, each unit is eligible to purchase one permit, it does not guarantee a space will be available.

View our Leasing Procedure and a copy of our Lease Agreement at BuckeyeRealEstate.com > Future Residents > FAQs/Documents

Available Matterport tour may be from a different, yet similar, unit at the property:
https://my.matterport.com/show/?m=NJTurYksAfW

**information on this flyer subject to change**",$$250,$0,$0,$0,Yes,Yes,Yes,No,Yes,No,Yes,,
111 West Northwood Avenue Unit C,https://offcampus.osu.edu/search-housing.aspx?property=17034&pricefrom=0&sort=1&alllandlords=0,0000428A,$950.00,08/09/2026,07/31/2027,356 Days,No,Yes,$950,Pella Company,Duplex/Town House,University District: Northwest,Ground Level,"Columbus, OH",1,"1 full, 0 half",2,No,No,None,Yes,1,Yes,n/a,$100,Yes,,No,n/a,n/a,No,No,Central A/C,No,Yes,Yes,No,No,No,,$0,$0,$0,$0,No,No,No,No,No,No,No,,
111 West Northwood Avenue Unit B,https://offcampus.osu.edu/search-housing.aspx?property=17033&pricefrom=0&sort=1&alllandlords=0,00004289,$950.00,08/09/2026,07/31/2027,356 Days,No,Yes,$950,Pella Company,Duplex/Town House,University District: Northwest,Ground Level,"Columbus, OH",1,"1 full, 0 half",2,No,No,None,Yes,1,Yes,n/a,$100,Yes,,No,n/a,n/a,No,No,Central A/C,No,Yes,Yes,No,No,No,,$0,$0,$0,$0,No,No,No,No,No,No,No,,
97 West Northwood Avenue Unit D,https://offcampus.osu.edu/search-housing.aspx?property=11168&pricefrom=0&sort=1&alllandlords=0,00002BA0,$950.00,08/09/2026,07/31/2027,356 Days,No,Yes,$950,Pella Company,Duplex/Town House,University District: Northwest,Ground Level,"Columbus, OH",1,"1 full, 0 half",2,No,No,None,Yes,1,Yes,n/a,$100,Yes,No,No,n/a,n/a,No,No,Central A/C,No,Yes,Yes,No,No,No,,$0,$0,$0,$0,No,No,No,No,No,No,No,,
60 Chittenden Avenue Unit-3E,https://offcampus.osu.edu/search-housing.aspx?property=14241&pricefrom=0&sort=1&alllandlords=0,000037A1,$950.00,8/20/26,8/5/27,50 Weeks,No,Yes,$950,Buckeye Real Estate,Apartment,University District: Southeast,Above Ground,"COLUMBUS, OH",1,"1 full, 0 half",2,No,No,Laundry facilities in the building,Yes,1,Yes,n/a,$80,No,No,No,n/a,n/a,No,No,Central A/C,Yes,Yes,Yes,No,No,No,"Newly Remodeled flats located close to classes. Dishwasher/microwave included, coin op laundry on site. Water included in monthly payment!",$$250,$0,$0,$0,Yes,Yes,Yes,No,Yes,No,Yes,,
60 Chittenden Avenue Unit 3D,https://offcampus.osu.edu/search-housing.aspx?property=14943&pricefrom=0&sort=1&alllandlords=0,00003A5F,$950.00,8/20/26,8/5/27,50 weeks,No,No,$950,Buckeye Real Estate,Apartment,University District: Southeast,Above Ground,"Columbus , OH",1,"1 full, 0 half",2,No,No,Laundry facilities in the building,Yes,0,Yes,n/a,n/a,No,No,No,n/a,n/a,No,No,Window A/C,Yes,Yes,Yes,No,No,Yes,"Newly Remodeled flats located close to classes. Dishwasher/microwave included, coin op laundry on site. Water included in monthly payment!

This is an oversold lot with limited parking spaces for the buliding, each unit is eligible to purchase one permit, it does not guarantee a space will be available.

View our Leasing Procedure and a copy of our Lease Agreement at BuckeyeRealEstate.com > Future Residents > FAQs/Documents

Available Matterport tour may be from a different, yet similar, unit at the property:
https://my.matterport.com/show/?m=NJTurYksAfW

**information on this flyer subject to change**",$$250,$0,$0,$0,Yes,Yes,Yes,No,Yes,No,Yes,,
60 Chittenden Avenue Unit 3A,https://offcampus.osu.edu/search-housing.aspx?property=14238&pricefrom=0&sort=1&alllandlords=0,0000379E,$950.00,8/20/26,8/5/27,50 weeks,No,Yes,$950,Buckeye Real Estate,Apartment,University District: Southeast,Above Ground,"COLUMBUS, OH",1,"1 full, 0 half",2,No,No,Laundry facilities in the building,Yes,1,Yes,n/a,n/a,No,No,No,n/a,n/a,No,No,Central A/C,Yes,Yes,Yes,No,No,No,"Newly Remodeled flats located close to classes. Dishwasher/microwave included, coin op laundry on site. Water included in monthly payment!

This is an oversold lot with limited parking spaces for the buliding, each unit is eligible to purchase one permit, it does not guarantee a space will be available.

View our Leasing Procedure and a copy of our Lease Agreement at BuckeyeRealEstate.com > Future Residents > FAQs/Documents

https://my.matterport.com/show/?m=NJTurYksAfW

**information on this flyer subject to change**",$$250,$0,$0,$0,Yes,Yes,Yes,No,Yes,No,Yes,,
"364 West LaneLeasing OfficeColumbus, OH 43201",https://offcampus.osu.edu/search-housing.aspx?property=19005&pricefrom=0&sort=1&alllandlords=0&sublet=true,00004A3D,$975.00,3/1/2026,8/1/2026,12,No,Yes,$1 month rent,Riverwatch Tower Condos,Condominium,University District: Northwest,Above Ground,"Columbus, OH",1,"1 full, 0 half",4,Yes,No,Laundry facilities in the building,Yes,400,Yes,n/a,$700,No,,No,n/a,n/a,Yes,No,Central A/C,No,Yes,Yes,Yes,Yes,No,"24 hour package room
24 hour study room
Fully furnished 
Security/Courtesy Officer
1st floor free Wi-Fi
Lounge Area
Next to 18 mile Walking Trail/Bike Trail
Key Fob entrance/locking entrance doors
On site management
On site maintenance
Condominium Lifestyle living
Leases approved by the University
Yearly parking permit purchases",$0,$0,$0,$0,No,No,No,No,Yes,No,Yes,Heather Posey,614-291-7179
1355 N High St - The High North High Street,https://offcampus.osu.edu/search-housing.aspx?property=21303&pricefrom=0&sort=1&alllandlords=0,00005337,$959.00 - $974.00,08-20-2026,07-31-2027,12-month,No,Yes,$0,VERVE Columbus,Apartment,University District: Central,Above Ground,"Columbus, OH",4,"4 full, 0 half",4,Yes,No,Laundry facilities in the unit,Yes,132,Yes,n/a,n/a,Yes,,Yes,$160,n/a,Yes,No,Central A/C,Yes,Yes,Yes,Yes,No,No,,$300,$30,$0,$0,Yes,Yes,Yes,Yes,No,No,No,,
1355 N High St - The CREW North High Street,https://offcampus.osu.edu/search-housing.aspx?property=21292&pricefrom=0&sort=1&alllandlords=0,0000532C,$959.00 - $974.00,08-20-2026,07-31-2027,12-month,No,Yes,$0,VERVE Columbus,Apartment,University District: Central,Above Ground,"Columbus, OH",5,"5 full, 0 half",5,Yes,No,Laundry facilities in the unit,Yes,132,Yes,n/a,n/a,Yes,,Yes,$160,n/a,Yes,No,Central A/C,Yes,Yes,Yes,Yes,No,No,,$300,$30,$0,$0,Yes,Yes,Yes,Yes,No,No,No,,
1355 N High St - The CREW North High Street  (Sublet),https://offcampus.osu.edu/search-housing.aspx?property=21292&pricefrom=0&sort=1&alllandlords=0&sublet=true,0000532C,"$1,400.00",8/1/2025,7/31/2026,12-month,No,Yes,$0,VERVE Columbus,Apartment,University District: Central,Above Ground,"Columbus, OH",5,"5 full, 0 half",5,Yes,No,Laundry facilities in the unit,Yes,132,Yes,n/a,n/a,Yes,,Yes,$160,n/a,Yes,No,Central A/C,Yes,Yes,Yes,Yes,No,No,,$300,$30,$0,$0,Yes,Yes,Yes,Yes,No,No,No,,
45 West 9th Avenue Unit 45C,https://offcampus.osu.edu/search-housing.aspx?property=8925&pricefrom=0&sort=1&alllandlords=0,000022DD,$960.00,08-19-2026,07-31-2027,12 months,No,No,$960,Hometeam,Apartment,University District: Southwest,Above Ground,"Columbus, OH",2,"1 full, 0 half",2,No,No,Laundry facilities in the building,Yes,0,Yes,$Ask us about our pricing,n/a,Yes,No,No,n/a,n/a,No,No,None,No,Yes,Yes,No,No,No,,$0,$0,$0,$0,Yes,Yes,Yes,No,No,No,No,,
285 East 14th Avenue Unit 3M,https://offcampus.osu.edu/search-housing.aspx?property=16204&pricefrom=0&sort=1&alllandlords=0,00003F4C,$960.00,08-22-2026,08-08-2027,12 Months,No,No,$200-960,"Landis Properties, Ltd",Apartment,University District: Central,Above Ground,"Columbus, OH",2,"1 full, 0 half",4,No,No,Laundry facilities in the building,Yes,26,Yes,n/a,$600,Yes,,No,n/a,n/a,No,No,Central A/C,No,Yes,Yes,Yes,No,No,,$200,$0,$30,$20,Yes,No,Yes,No,No,No,No,,
285 East 14th Avenue Unit 2H,https://offcampus.osu.edu/search-housing.aspx?property=16188&pricefrom=0&sort=1&alllandlords=0,00003F3C,$960.00,08-22-2026,08-08-2027,12 Months,No,No,$200-960,"Landis Properties, Ltd",Apartment,University District: Central,Above Ground,"Columbus, OH",2,"1 full, 0 half",4,No,No,Laundry facilities in the building,Yes,26,Yes,n/a,$600,Yes,,No,n/a,n/a,No,No,Central A/C,No,Yes,Yes,Yes,No,No,,$200,$0,$30,$20,Yes,No,Yes,No,No,No,No,,
285 East 14th Avenue Unit 3D,https://offcampus.osu.edu/search-housing.aspx?property=16164&pricefrom=0&sort=1&alllandlords=0,00003F24,$960.00,08-22-2026,08-08-2027,12 Months,No,No,$200-960,"Landis Properties, Ltd",Apartment,University District: Central,Above Ground,"Columbus, OH",2,"1 full, 0 half",4,No,No,Laundry facilities in the building,Yes,26,Yes,n/a,$600,Yes,,No,n/a,n/a,No,No,Central A/C,No,Yes,Yes,Yes,No,No,,$200,$0,$30,$20,Yes,No,Yes,No,No,No,No,,
285 East 14th Avenue Unit 3A,https://offcampus.osu.edu/search-housing.aspx?property=16155&pricefrom=0&sort=1&alllandlords=0,00003F1B,$960.00,08-22-2026,08-08-2027,12 Months,No,No,$200-960,"Landis Properties, Ltd",Apartment,University District: Central,Above Ground,"Columbus, OH",2,"1 full, 0 half",4,No,No,Laundry facilities in the building,Yes,26,Yes,n/a,$600,Yes,,No,n/a,n/a,No,No,Central A/C,No,Yes,Yes,Yes,No,No,,$200,$0,$30,$20,Yes,No,Yes,No,No,No,No,,
285 East 14th Avenue Unit 1A,https://offcampus.osu.edu/search-housing.aspx?property=16153&pricefrom=0&sort=1&alllandlords=0,00003F19,$960.00,08-22-2026,08-08-2027,12 Months,No,No,$200-960,"Landis Properties, Ltd",Apartment,University District: Central,Ground Level,"Columbus, OH",2,"1 full, 0 half",4,No,No,Laundry facilities in the building,Yes,26,Yes,n/a,$600,Yes,,No,n/a,n/a,No,No,Central A/C,No,Yes,Yes,Yes,No,No,,$200,$0,$30,$20,Yes,Yes,Yes,No,No,No,No,,
285 East 14th Avenue Unit 2B,https://offcampus.osu.edu/search-housing.aspx?property=16157&pricefrom=0&sort=1&alllandlords=0,00003F1D,$960.00,08-22-2026,08-08-2027,12 Months,No,No,$200-960,"Landis Properties, Ltd",Apartment,University District: Central,Above Ground,"Columbus, OH",2,"1 full, 0 half",4,No,No,Laundry facilities in the building,Yes,26,Yes,n/a,$500,Yes,,No,n/a,n/a,No,No,Central A/C,No,Yes,Yes,Yes,No,No,,$200,$0,$30,$20,Yes,Yes,Yes,No,No,No,No,,
285 East 14th Avenue Unit 2A,https://offcampus.osu.edu/search-housing.aspx?property=16154&pricefrom=0&sort=1&alllandlords=0,00003F1A,$960.00 - $980.00,08-22-2026,08-08-2027,12 Months,No,No,$200-980,"Landis Properties, Ltd",Apartment,University District: Central,Above Ground,"Columbus, OH",2,"1 full, 0 half",4,No,No,Laundry facilities in the building,Yes,26,Yes,n/a,$500,Yes,,No,n/a,n/a,No,No,Central A/C,No,Yes,Yes,Yes,No,No,,$200,$0,$30,$20,Yes,Yes,Yes,No,No,No,No,,
285 East 14th Avenue Unit 2M,https://offcampus.osu.edu/search-housing.aspx?property=16203&pricefrom=0&sort=1&alllandlords=0,00003F4B,$960.00,08-22-2026,08-08-2027,12 Months,No,No,$200-960,"Landis Properties, Ltd",Apartment,University District: Central,Above Ground,"Columbus, OH",2,"1 full, 0 half",4,No,No,Laundry facilities in the building,Yes,26,Yes,n/a,$500,Yes,,No,n/a,n/a,No,No,Central A/C,No,Yes,Yes,Yes,No,No,A video Tour of the property can be seen at: https://www.youtube.com/watch?v=9y5It9UOMQM,$200,$0,$30,$20,Yes,Yes,Yes,No,No,No,No,,
285 East 14th Avenue,https://offcampus.osu.edu/search-housing.aspx?property=8808&pricefrom=0&sort=1&alllandlords=0,00002268,"$960.00 - $1,060.00",08-22-2026,08-08-2027,12 months,No,Yes,$200-1060,"Landis Properties, Ltd",Apartment,University District: Central,Ground Level,"Columbus, OH",2,"1 full, 0 half",4,No,No,Laundry facilities in the building,Yes,0,Yes,n/a,$450,No,No,No,n/a,n/a,No,No,Central A/C,No,Yes,Yes,Yes,No,No,,$200,$0,$0,$0,No,No,No,No,Yes,No,Yes,,
773 Riverview Drive Unit F,https://offcampus.osu.edu/search-housing.aspx?property=13642&pricefrom=0&sort=1&alllandlords=0,0000354A,$965.00,8/20/2026,8/5/2027,12 Months,No,Yes,$965,Buckeye Real Estate,Apartment,University District: Northeast,Below Ground,"Columbus, OH",2,"1 full, 0 half",3,No,No,Laundry facilities in the building,Yes,2,Yes,n/a,n/a,Yes,No,No,n/a,n/a,No,No,Window A/C,Yes,Yes,Yes,No,No,No,Microwave included!,$250,$0,$0,$0,Yes,Yes,Yes,No,Yes,No,No,,
1355 N High St - The Indianola North High Street,https://offcampus.osu.edu/search-housing.aspx?property=21308&pricefrom=0&sort=1&alllandlords=0,0000533C,$969.00 - $984.00,08-20-2026,07-31-2027,12 month,No,Yes,$0,VERVE Columbus,Apartment,University District: Central,Above Ground,"Columbus, OH",4,"4 full, 0 half",4,Yes,No,Laundry facilities in the unit,Yes,132,Yes,n/a,n/a,Yes,,Yes,$160,n/a,Yes,No,Central A/C,Yes,Yes,Yes,Yes,No,No,,$300,$30,$0,$0,Yes,Yes,Yes,Yes,No,No,No,,
"1355 N. HIGH STREETColumbus, OH 43201",https://offcampus.osu.edu/search-housing.aspx?property=21305&pricefrom=0&sort=1&alllandlords=0,00005339,$969.00 - $974.00,08-20-2026,07-31-2027,12-month,No,Yes,$0,VERVE Columbus,Apartment,University District: Central,Above Ground,"Columbus, OH",5,"5 full, 0 half",5,Yes,No,Laundry facilities in the unit,Yes,132,Yes,n/a,n/a,Yes,,Yes,$160,n/a,Yes,No,Central A/C,Yes,Yes,Yes,Yes,No,No,,$300,$30,$0,$0,Yes,Yes,Yes,Yes,No,No,No,Brenan Waltermire,380-500-4515
285 East 14th Avenue Unit 1K,https://offcampus.osu.edu/search-housing.aspx?property=16195&pricefrom=0&sort=1&alllandlords=0,00003F43,$970.00,08-22-2026,08-08-2027,12 Months,No,No,$200-970,"Landis Properties, Ltd",Apartment,University District: Central,Above Ground,"Columbus, OH",2,"1 full, 0 half",4,No,No,Laundry facilities in the building,Yes,26,Yes,n/a,$500,Yes,,No,n/a,n/a,No,No,Central A/C,No,Yes,Yes,Yes,No,No,,$200,$20,$30,$20,Yes,Yes,Yes,No,No,No,No,,
"2981 Olentangy River RoadColumbus, OH 43202",https://offcampus.osu.edu/search-housing.aspx?property=22037&pricefrom=0&sort=1&alllandlords=0,00005615,$975.00,08-10-2026,05-24-2027,Fall Standard,No,Yes,$300-975,University Village Apartments,Apartment,Other,Above Ground,"Columbus, OH",1,"1 full, 0 half",0,No,No,Laundry facilities in the building,Yes,1,Yes,n/a,n/a,Yes,,No,n/a,n/a,No,No,Window A/C,No,Yes,Yes,No,No,No,,$300-500,$30,$30,$30,Yes,Yes,Yes,No,Yes,No,Yes,Todd Jessup,614-261-1211
"2244 Neil AvenueColumbus, OH 43201",https://offcampus.osu.edu/search-housing.aspx?property=21928&pricefrom=0&sort=1&alllandlords=0,000055A8,$975.00,08-15-2026,07-31-2027,11.5 Month's,No,Yes,$975,"Kohr Royer Griffith, Inc.",Apartment,University District: Northeast,Above Ground,"Columbus, OH",2,"1 full, 0 half",2,No,No,None,Yes,1,Yes,n/a,n/a,Yes,,No,n/a,n/a,No,No,Central A/C,Yes,Yes,Yes,No,No,No,,$200,$20,$20,$0,Yes,Yes,Yes,Yes,Yes,No,No,Pat Steane,614-291-8000
"2244 Neil AvenueColumbus, OH 43201",https://offcampus.osu.edu/search-housing.aspx?property=21522&pricefrom=0&sort=1&alllandlords=0,00005412,$975.00,8/15/2026,7/31/2027,11.5 month's,No,Yes,$975,"Kohr Royer Griffith, Inc.",Apartment,University District: Southeast,Above Ground,"Columbus, OH",2,"1 full, 0 half",2,No,No,None,Yes,1,Yes,n/a,n/a,Yes,,No,n/a,n/a,No,No,Central A/C,Yes,Yes,Yes,No,No,No,,$200,$20,$20,$0,Yes,Yes,Yes,Yes,No,No,No,Pat Steane,614-291-8000
"2244 Neil AvenueColumbus, OH 43201",https://offcampus.osu.edu/search-housing.aspx?property=21389&pricefrom=0&sort=1&alllandlords=0,0000538D,$975.00,8-15-2026,07-31-2027,11.5 Month,No,Yes,$975,"Kohr Royer Griffith, Inc.",Apartment,University District: Central,Above Ground,"Columbus, OH",2,"1 full, 0 half",2,No,No,None,Yes,1,Yes,n/a,n/a,Yes,,No,n/a,n/a,No,No,Central A/C,No,Yes,Yes,No,No,No,,$200,$20,$20,$0,Yes,Yes,Yes,Yes,No,No,No,Pat Steane,614-291-8000
285 East 14th Avenue Unit 1N,https://offcampus.osu.edu/search-housing.aspx?property=16205&pricefrom=0&sort=1&alllandlords=0,00003F4D,$980.00,08-22-2026,08-08-2027,12 Months,No,No,$200-980,"Landis Properties, Ltd",Apartment,University District: Central,Above Ground,"Columbus, OH",2,"1 full, 0 half",4,No,No,Laundry facilities in the building,Yes,26,Yes,n/a,$600,Yes,,No,n/a,n/a,No,No,Central A/C,No,Yes,Yes,Yes,No,No,,$200,$20,$30,$20,Yes,Yes,Yes,No,No,No,No,,
285 East 14th Avenue Unit 3K,https://offcampus.osu.edu/search-housing.aspx?property=16198&pricefrom=0&sort=1&alllandlords=0,00003F46,$980.00,08-22-2026,08-08-2027,12 Months,No,No,$200-980,"Landis Properties, Ltd",Apartment,University District: Central,Above Ground,"Columbus, OH",2,"1 full, 0 half",4,No,No,Laundry facilities in the building,Yes,26,Yes,n/a,$600,Yes,,No,n/a,n/a,No,No,Central A/C,No,Yes,Yes,Yes,No,No,,$200,$20,$30,$20,Yes,No,Yes,No,No,No,No,,
285 East 14th Avenue Unit 2K,https://offcampus.osu.edu/search-housing.aspx?property=16197&pricefrom=0&sort=1&alllandlords=0,00003F45,$980.00,08-22-2026,08-08-2027,12 Months,No,No,$200-980,"Landis Properties, Ltd",Apartment,University District: Central,Above Ground,"Columbus, OH",2,"1 full, 0 half",4,No,No,Laundry facilities in the building,Yes,26,Yes,n/a,$600,Yes,,No,n/a,n/a,No,No,Central A/C,No,Yes,Yes,Yes,No,No,,$200,$20,$30,$20,Yes,No,Yes,No,No,No,No,,
400 East 15th Avenue A3,https://offcampus.osu.edu/search-housing.aspx?property=16150&pricefrom=0&sort=1&alllandlords=0,00003F16,$985.00,08/01/2026,07/15/2027,12 months,No,Yes,$985,DPG Properties,Apartment,University District: Central,Above Ground,"Columbus, OH",1,"1 full, 0 half",1,No,No,None,Yes,1,Yes,n/a,n/a,Yes,,No,n/a,n/a,No,No,Central A/C,No,Yes,Yes,No,No,No,,$500,$50,$40,$40,Yes,Yes,Yes,No,No,No,No,,
285 East 14th Avenue Unit 1J,https://offcampus.osu.edu/search-housing.aspx?property=16191&pricefrom=0&sort=1&alllandlords=0,00003F3F,$990.00,08-22-2026,08-08-2027,12 Months,No,No,$200-990,"Landis Properties, Ltd",Apartment,University District: Central,Above Ground,"Columbus, OH",2,"1 full, 0 half",4,No,No,Laundry facilities in the building,Yes,26,Yes,n/a,$500,Yes,,No,n/a,n/a,No,No,Central A/C,No,Yes,Yes,Yes,No,No,,$200,$20,$30,$20,Yes,Yes,Yes,No,No,No,No,,
"2244 Neil AvenueColumbus, OH 43201",https://offcampus.osu.edu/search-housing.aspx?property=21930&pricefrom=0&sort=1&alllandlords=0,000055AA,$990.00,08-15-2026,07-31-2027,11-month,No,Yes,$990,"Kohr Royer Griffith, Inc.",Duplex/Town House,University District: Northeast,Above Ground,"Columbus, OH",2,"1 full, 0 half",2,No,No,None,Yes,1,Yes,n/a,n/a,Yes,,No,n/a,n/a,No,No,Central A/C,No,Yes,Yes,No,No,No,,$200,$20,$20,$0,Yes,Yes,Yes,Yes,Yes,No,No,Pat Steane,614-291-8000
"2244 Neil AvenueColumbus, OH 43201",https://offcampus.osu.edu/search-housing.aspx?property=21929&pricefrom=0&sort=1&alllandlords=0,000055A9,$990.00,08-15-2026,07-31-2027,11-month,No,Yes,$990,"Kohr Royer Griffith, Inc.",Duplex/Town House,University District: Northeast,Above Ground,"Columbus, OH",2,"1 full, 0 half",2,No,No,None,Yes,1,Yes,n/a,n/a,Yes,,No,n/a,n/a,No,No,Central A/C,No,Yes,Yes,No,No,No,,$200,$20,$20,$0,Yes,Yes,Yes,Yes,Yes,No,No,Pat Steane,614-291-8000
1975 Summit Street,https://offcampus.osu.edu/search-housing.aspx?property=6800&pricefrom=0&sort=1&alllandlords=0,00001A90,$990.00,08/15/2026,07/31/2027,11.5 month lease,No,Yes,$990,"Kohr Royer Griffith, Inc.",Apartment,University District: Central,Ground Level,"Columbus, OH",2,"1 full, 0 half",2,No,No,Laundry facilities in the building,Yes,1,Yes,n/a,n/a,Yes,Yes,No,n/a,n/a,No,No,Central A/C,No,Yes,Yes,No,No,No,,$0,$0,$0,$0,No,No,No,Yes,Yes,No,No,,
1521 Neil Avenue A3,https://offcampus.osu.edu/search-housing.aspx?property=15988&pricefrom=0&sort=1&alllandlords=0,00003E74,$990.00,08/01/2026,07/20/2027,1 year,No,No,$990,Wolf Properties Apartments LLC,Apartment,University District: Southwest,Above Ground,"Columbus, OH",1,"1 full, 0 half",2,No,No,Laundry facilities in the building,Yes,1,Yes,n/a,n/a,Yes,,No,n/a,n/a,No,No,Central A/C,Yes,Yes,Yes,No,No,No,"Tenant pays for Electric, Gas, and a flat rate fee of $25 per month for Water.  Wolf Properties Apartments maintains their own Maintenance personnel available for Routine Maintenance issues during normal business hours and Emergencies 24/7.",$200,$30,$0,$30,Yes,No,Yes,Yes,No,No,No,,
338 West Eighth Avenue 1,https://offcampus.osu.edu/search-housing.aspx?property=12073&pricefrom=0&sort=1&alllandlords=0,00002F29,$990.00,08/01/2026,07/20/2027,1 year,No,No,$990,Wolf Properties Apartments LLC,Apartment,University District: Southwest,Ground Level,"Columbus, OH",1,"1 full, 0 half",2,No,No,Laundry facilities in the building,Yes,1,Yes,n/a,n/a,Yes,Yes,No,n/a,n/a,No,No,Central A/C,Yes,Yes,Yes,No,No,No,"Tenant pays for Electric, Gas, and a flat rate fee of $25 per month for Water.  Wolf Properties Apartments maintains their own Maintenance personnel available for Routine Maintenance issues during normal business hours and Emergencies 24/7.",$200,$30,$0,$30,Yes,No,Yes,Yes,No,No,No,,
"PO Box 12788Columbus, OH 43212",https://offcampus.osu.edu/search-housing.aspx?property=21191&pricefrom=0&sort=1&alllandlords=0,000052C7,$995.00,2/20/2026,12/01/26,11 months,Yes,Yes,$99.00,Peak Property Group,Apartment,Outside University District: University View,Above Ground,"Columbus, OH",1,"1 full, 1 half",2,No,No,Laundry Hookup,Yes,1,Yes,n/a,n/a,No,,No,n/a,n/a,No,No,Central A/C,Yes,Yes,Yes,No,No,Yes,,$250.00,$35,$35,$35,Yes,Yes,Yes,No,No,No,No,Chelsie Flores,614-360-2020
70 West Eighth Avenue Unit C3,https://offcampus.osu.edu/search-housing.aspx?property=20729&pricefrom=0&sort=1&alllandlords=0,000050F9,$995.00,8/01/2026,07/01/2027,12 months,No,Yes,$995,Peak Property Group,Apartment,University District: Southwest,Above Ground,"Columbus, OH",1,"1 full, 0 half",2,No,No,Laundry facilities in the building,Yes,1,Yes,$65.00,n/a,Yes,,No,n/a,n/a,No,No,Window A/C,Yes,Yes,Yes,No,No,No,TO SCHEDULE A SHOWING: www.peakpropertygroup.com,$250,$35,$35,$35,Yes,Yes,Yes,No,No,No,No,,
70 West Eighth Avenue Unit B2 (Sublet),https://offcampus.osu.edu/search-housing.aspx?property=20396&pricefrom=0&sort=1&alllandlords=0&sublet=true,00004FAC,$915.00,7/8/2025,7/13/2026,12 months,No,Yes,$995,Peak Property Group,Apartment,University District: Southwest,Above Ground,"Columbus, OH",1,"1 full, 0 half",2,No,No,Laundry facilities in the building,Yes,1,Yes,$65.00,n/a,Yes,,No,n/a,n/a,No,No,Window A/C,Yes,Yes,Yes,No,No,No,TO SCHEDULE A SHOWING: 614-360-2020/leasing@peakpropertygroup.com,$250,$35,$35,$35,Yes,Yes,Yes,No,No,No,No,,
70 West Eighth Avenue Unit B2,https://offcampus.osu.edu/search-housing.aspx?property=20396&pricefrom=0&sort=1&alllandlords=0,00004FAC,$995.00,07/01/2026,07/01/2027,12 months,No,Yes,$995,Peak Property Group,Apartment,University District: Southwest,Above Ground,"Columbus, OH",1,"1 full, 0 half",2,No,No,Laundry facilities in the building,Yes,1,Yes,$65.00,n/a,Yes,,No,n/a,n/a,No,No,Window A/C,Yes,Yes,Yes,No,No,No,TO SCHEDULE A SHOWING: 614-360-2020/leasing@peakpropertygroup.com,$250,$35,$35,$35,Yes,Yes,Yes,No,No,No,No,,
"PO Box 12788Columbus, OH 43212",https://offcampus.osu.edu/search-housing.aspx?property=21424&pricefrom=0&sort=1&alllandlords=0,000053B0,$995.00,08-05-2026,07-20-2027,12 Months,No,Yes,$995,Peak Property Group,Apartment,University District: Southwest,Above Ground,"Columbus, OH",1,"1 full, 0 half",2,No,No,Laundry facilities in the building,Yes,1,Yes,$65.00,n/a,Yes,,No,n/a,n/a,No,No,Window A/C,Yes,Yes,Yes,No,No,No,TO SCHEDULE A SHOWING: www.peakpropertygroup.com,$250,$35,$35,$35,Yes,Yes,Yes,No,No,No,No,Chelsie Flores,614-360-2020
"2981 Olentangy River RoadColumbus, OH 43202",https://offcampus.osu.edu/search-housing.aspx?property=22036&pricefrom=0&sort=1&alllandlords=0,00005614,$995.00,08-10-2026,05-24-2027,Fall Standard,No,Yes,$300-995,University Village Apartments,Apartment,Other,Above Ground,"Columbus, OH",1,"1 full, 0 half",2,No,No,Laundry facilities in the building,Yes,1,Yes,n/a,n/a,Yes,,No,n/a,n/a,No,No,Window A/C,No,Yes,Yes,No,No,No,,$300-500,$30,$30,$30,Yes,Yes,Yes,No,Yes,No,Yes,Todd Jessup,614-261-1211
773 Riverview Drive Unit R,https://offcampus.osu.edu/search-housing.aspx?property=13638&pricefrom=0&sort=1&alllandlords=0,00003546,$995.00,8/20/2026,8/5/2027,12 Months,No,Yes,$995,Buckeye Real Estate,Apartment,University District: Northeast,Above Ground,"Columbus, OH",2,"1 full, 0 half",3,No,No,Laundry facilities in the building,Yes,2,Yes,n/a,n/a,Yes,No,No,n/a,n/a,No,No,Window A/C,No,Yes,Yes,No,No,No,Ceiling fans in bedrooms!,$250,$0,$0,$0,Yes,Yes,Yes,No,Yes,No,No,,
773 Riverview Drive Unit O,https://offcampus.osu.edu/search-housing.aspx?property=13606&pricefrom=0&sort=1&alllandlords=0,00003526,$995.00,8/20/2026,8/5/2027,50 Weeks,No,Yes,$995,Buckeye Real Estate,Apartment,University District: Northeast,Above Ground,"Columbus, OH",2,"1 full, 0 half",3,No,No,Laundry facilities in the building,Yes,1,Yes,n/a,n/a,Yes,No,No,n/a,n/a,No,No,Window A/C,Yes,Yes,Yes,No,No,No,Microwave included!,$250,$0,$0,$0,Yes,Yes,Yes,No,Yes,No,No,,
131 East Northwood Avenue,https://offcampus.osu.edu/search-housing.aspx?property=21358&pricefrom=0&sort=1&alllandlords=0,0000536E,"$995.00 - $5,970.00",08-20-2026,07-23-2027,12,No,Yes,$3000,Ohio State Properties,House,University District: Northeast,Ground Level,"Columbus, OH",6,"3 full, 1 half",7,No,Yes,Laundry facilities in the unit,Yes,2,Yes,n/a,n/a,Yes,,No,n/a,n/a,No,No,Central A/C,Yes,Yes,Yes,No,Yes,Yes,,$0,$0,$0,$0,No,No,No,No,No,No,No,,
80 East 14th Avenue Unit A,https://offcampus.osu.edu/search-housing.aspx?property=17113&pricefrom=0&sort=1&alllandlords=0,000042D9,"$999.00 - $1,029.00",08-19-2026,07-31-2027,12 months,No,No,$999-1029,Hometeam,Studio/Efficiency,University District: Central,Ground Level,"Columbus, OH",1,"1 full, 0 half",1,No,No,Laundry facilities in the unit,No,0,No,$Ask us about our pricing,n/a,No,,No,n/a,n/a,No,No,Window A/C,Yes,Yes,Yes,No,No,No,,$0,$0,$0,$0,Yes,Yes,Yes,No,No,No,No,,
31 Chittenden Avenue Unit 1,https://offcampus.osu.edu/search-housing.aspx?property=11905&pricefrom=0&sort=1&alllandlords=0,00002E81,$999.00,08-19-2026,07-31-2027,12 months,No,No,$999,Hometeam,Apartment,University District: Southeast,Ground Level,"Columbus, OH",1,"1 full, 0 half",1,No,No,Laundry facilities in the building,Yes,0,Yes,$Ask us about our pricing,n/a,Yes,Yes,No,n/a,n/a,No,No,Window A/C,Yes,Yes,Yes,No,No,No,,$0,$0,$0,$0,Yes,Yes,Yes,No,No,No,No,,
120 East 13th Avenue Unit-A,https://offcampus.osu.edu/search-housing.aspx?property=15888&pricefrom=0&sort=1&alllandlords=0,00003E10,$999.00,08-19-2026,07-31-2027,12 months,No,No,$999,Hometeam,Studio/Efficiency,University District: Central,Ground Level,"Columbus, OH",1,"1 full, 0 half",1,No,No,Laundry facilities in the building,Yes,3,No,$Ask us about our pricing,n/a,Yes,,No,n/a,n/a,No,No,Window A/C,No,Yes,Yes,No,No,No,,$0,$0,$0,$0,Yes,Yes,Yes,No,No,No,No,,
115 East 13th Avenue Unit C,https://offcampus.osu.edu/search-housing.aspx?property=15855&pricefrom=0&sort=1&alllandlords=0,00003DEF,$999.00,08-19-2026,07-31-2027,12 months,No,No,$999,Hometeam,Studio/Efficiency,University District: Central,Above Ground,"Columbus, OH",1,"1 full, 0 half",2,No,No,Laundry facilities in the building,No,20,No,$Ask us about our pricing,n/a,No,,No,n/a,n/a,No,No,Window A/C,No,Yes,Yes,No,No,No,,$0,$0,$0,$0,Yes,Yes,Yes,No,No,No,No,,
1468 Michigan Avenue Unit 1,https://offcampus.osu.edu/search-housing.aspx?property=21093&pricefrom=0&sort=1&alllandlords=0,00005265,$999.00,08-19-2026,07-31-2027,12 months,No,No,$999,Hometeam,Apartment,University District: Southwest,Above Ground,"Columbus, OH",1,"1 full, 1 half",1,No,No,Laundry facilities in the unit,Yes,1,No,$Ask us about our pricing,n/a,Yes,,No,n/a,n/a,No,No,Central A/C,No,Yes,Yes,No,No,No,,$0,$0,$0,$0,Yes,Yes,Yes,No,No,No,No,,
113 East Frambes Avenue Unit A,https://offcampus.osu.edu/search-housing.aspx?property=20377&pricefrom=0&sort=1&alllandlords=0,00004F99,"$999.00 - $1,099.00",08-19-2026,07-31-2027,12 months,No,No,$999-1099,Hometeam,Apartment,University District: Northeast,Above Ground,"Columbus, OH",1,"1 full, 0 half",1,No,No,None,Yes,1,Yes,$Ask us about our pricing,n/a,Yes,,No,n/a,n/a,No,No,Window A/C,No,Yes,Yes,No,No,No,,$0,$0,$0,$0,Yes,Yes,Yes,No,No,No,No,,
57 West 9th Avenue Unit 2,https://offcampus.osu.edu/search-housing.aspx?property=8921&pricefrom=0&sort=1&alllandlords=0,000022D9,$999.00,08-19-2026,07-31-2027,12 months,No,No,$999,Hometeam,Apartment,University District: Southwest,Above Ground,"Columbus, OH",1,"1 full, 0 half",2,No,No,None,Yes,0,Yes,$Ask us about our pricing,n/a,Yes,No,No,n/a,n/a,No,No,None,No,Yes,Yes,No,No,No,,$0,$0,$0,$0,Yes,Yes,Yes,No,No,No,No,,
1957 Summit Street Unit B1,https://offcampus.osu.edu/search-housing.aspx?property=19893&pricefrom=0&sort=1&alllandlords=0,00004DB5,"$1,000.00 - $1,100.00",08-19-2026,07-31-2027,12 months,No,No,$1000-1100,Hometeam,Apartment,University District: Northeast,Ground Level,"Columbus, OH",2,"1 full, 0 half",2,Yes,No,Laundry facilities in the building,Yes,30,Yes,$Ask us about our pricing,n/a,Yes,,No,n/a,n/a,No,No,Central A/C,Yes,Yes,Yes,No,No,No,,$0,$0,$0,$0,Yes,Yes,Yes,No,No,No,No,,
1957 Summit Street Unit A1,https://offcampus.osu.edu/search-housing.aspx?property=21063&pricefrom=0&sort=1&alllandlords=0,00005247,"$1,000.00 - $1,100.00",08-19-2026,07-31-2027,12 months,No,No,$1000-1100,Hometeam,Apartment,University District: Northeast,Ground Level,"Columbus, OH",2,"1 full, 0 half",2,No,No,Laundry facilities in the unit,Yes,1,No,$Ask us about our pricing,n/a,Yes,,No,n/a,n/a,No,No,Window A/C,Yes,Yes,Yes,No,No,No,,$0,$0,$0,$0,Yes,Yes,Yes,No,No,No,No,,
69 McMillen Avenue Unit 69,https://offcampus.osu.edu/search-housing.aspx?property=7489&pricefrom=0&sort=1&alllandlords=0,00001D41,"$1,000.00",08-19-2026,07-31-2027,12 months,No,No,$1000,Hometeam,Apartment,University District: Southwest,Above Ground,"Columbus, OH",2,"1 full, 0 half",2,No,No,None,Yes,0,Yes,$Ask us about our pricing,n/a,Yes,No,No,n/a,n/a,No,No,Central A/C,No,Yes,Yes,No,No,No,,$0,$0,$0,$0,Yes,Yes,Yes,No,No,No,No,,
350 East 12th Avenue,https://offcampus.osu.edu/search-housing.aspx?property=8858&pricefrom=0&sort=1&alllandlords=0,0000229A,"$1,000.00",08-19-2026,07-31-2027,12 months,No,No,$1000,Hometeam,Apartment,University District: Central,Ground Level,"Columbus, OH",2,"1 full, 0 half",2,Yes,No,Laundry facilities in the building,Yes,0,Yes,$Ask us about our pricing,n/a,Yes,No,No,n/a,n/a,No,No,Central A/C,Yes,Yes,Yes,Yes,Yes,Yes,,$0,$0,$0,$0,Yes,Yes,Yes,No,No,No,No,,
1468 Michigan Avenue Unit 5,https://offcampus.osu.edu/search-housing.aspx?property=21091&pricefrom=0&sort=1&alllandlords=0,00005263,"$1,000.00",08-19-2026,07-31-2027,12 months,No,No,$1000,Hometeam,Condominium,University District: Southeast,Above Ground,"Columbus, OH",2,"1 full, 0 half",2,No,No,None,Yes,1,No,$Ask us about our pricing,n/a,Yes,,No,n/a,n/a,No,No,Window A/C,Yes,Yes,Yes,No,No,No,,$0,$0,$0,$0,Yes,Yes,Yes,No,No,No,No,,
285 East 14th Avenue Unit 2J,https://offcampus.osu.edu/search-housing.aspx?property=16193&pricefrom=0&sort=1&alllandlords=0,00003F41,"$1,000.00",08-22-2026,08-08-2027,12 Months,No,No,$200-1000,"Landis Properties, Ltd",Apartment,University District: Central,Above Ground,"Columbus, OH",2,"1 full, 0 half",4,No,No,Laundry facilities in the building,Yes,26,Yes,n/a,$600,Yes,,No,n/a,n/a,No,No,Central A/C,No,Yes,Yes,Yes,No,No,,$200,$20,$30,$20,Yes,Yes,Yes,No,No,No,Yes,,
"7700 Rivers Edge Dr Suite 100Columbus, OH 43235",https://offcampus.osu.edu/search-housing.aspx?property=21648&pricefrom=0&sort=1&alllandlords=0,00005490,"$1,000.00 - $1,250.00",01-11-2026,06-15-2026,1 Year,Yes,No,$1000,Re/Max Revealty,Studio/Efficiency,University District: Northeast,Above Ground,"Columbus, OH",1,"1 full, 0 half",1,No,No,Laundry facilities in the unit,Yes,0,No,n/a,n/a,Yes,,No,n/a,n/a,No,No,Central A/C,Yes,Yes,Yes,No,Yes,Yes,,$0,$0,$0,$0,No,No,No,No,No,No,No,Barbara White,614-560-9124
103 West Tenth Avenue Unit C,https://offcampus.osu.edu/search-housing.aspx?property=11142&pricefrom=0&sort=1&alllandlords=0,00002B86,"$1,000.00",08/09/2026,07/31/2027,356 Days,No,Yes,$1000,Pella Company,Apartment,University District: Southwest,Above Ground,"Columbus, OH",1,"1 full, 0 half",2,No,No,Laundry facilities in the building,Yes,1,Yes,n/a,$100,Yes,No,No,n/a,n/a,No,No,Window A/C,No,Yes,Yes,No,No,No,,$0,$0,$0,$0,No,No,No,No,Yes,Yes,Yes,,
1466 Michigan Avenue Unit 5,https://offcampus.osu.edu/search-housing.aspx?property=7442&pricefrom=0&sort=1&alllandlords=0,00001D12,"$1,000.00",08-19-2026,07-31-2027,12 months,No,No,$1000,Hometeam,Apartment,University District: Southwest,Ground Level,"Columbus, OH",2,"1 full, 0 half",2,No,No,None,Yes,1,Yes,$Ask us about our pricing,n/a,Yes,Yes,No,n/a,n/a,No,No,None,No,Yes,Yes,No,No,No,,$0,$0,$0,$0,Yes,Yes,Yes,No,No,No,No,,
219 East 17th Street,https://offcampus.osu.edu/search-housing.aspx?property=15026&pricefrom=0&sort=1&alllandlords=0,00003AB2,"$1,000.00 - $6,000.00",8/22/2025,7/31/2026,"August 22, 2025- July 31, 2026",No,Yes,$6000,"Locations, Ltd",House,University District: Central,Ground Level,"Columbus, OH",2,"2 full, 1 half",6,No,Yes,Laundry Hookup,Yes,6,Yes,n/a,$475,Yes,No,No,n/a,n/a,No,Yes,None,Yes,Yes,Yes,No,Yes,Yes,,$0,$0,$0,$0,No,No,No,No,No,No,No,,
16 West Norwich Road,https://offcampus.osu.edu/search-housing.aspx?property=14985&pricefrom=0&sort=1&alllandlords=0,00003A89,"$1,000.00 - $1,440.00",08/11/2025,07/11/2026,"August 11, 2025-July 11, 2026",No,Yes,$1000-1440,"Locations, Ltd",Duplex/Town House,University District: Northwest,Ground Level,"Columbus, OH",3,"1 full, 0 half",3,No,Yes,Laundry Hookup,Yes,0,No,n/a,n/a,Yes,No,No,n/a,n/a,No,No,None,No,Yes,Yes,No,No,Yes,,$0,$0,$0,$0,No,No,No,No,No,No,No,,
10 West 9th Avenue Unit A,https://offcampus.osu.edu/search-housing.aspx?property=17543&pricefrom=0&sort=1&alllandlords=0,00004487,"$1,005.00",8/20/26,8/05/27,50 weeks,No,Yes,$1005,Buckeye Real Estate,Studio/Efficiency,University District: Southwest,Above Ground,"Columbus, OH",1,"1 full, 0 half",1,No,No,Laundry facilities in the unit,No,0,No,n/a,n/a,No,,No,n/a,n/a,No,No,Central A/C,Yes,Yes,Yes,Yes,No,Yes,,$250,$0,$0,$0,Yes,Yes,Yes,No,No,No,No,,
"2981 Olentangy River RoadColumbus, OH 43202",https://offcampus.osu.edu/search-housing.aspx?property=21796&pricefrom=0&sort=1&alllandlords=0&sublet=true,00005524,"$1,015.00",8/1/2025,7/28/2026,1 year,No,Yes,$0,University Village Apartments,Apartment,Other,Below Ground,"Columbus, OH",2,"1 full, 0 half",2,No,No,Laundry facilities in the building,Yes,1,Yes,n/a,$265,Yes,,No,n/a,n/a,No,No,Window A/C,No,Yes,Yes,No,No,No,"Pool, gym, club house",$300,$30,$0,$0,Yes,Yes,Yes,No,Yes,No,Yes,Todd Jessup,614-261-1211
1985 Summit Street Unit F,https://offcampus.osu.edu/search-housing.aspx?property=19967&pricefrom=0&sort=1&alllandlords=0,00004DFF,"$1,025.00",2/20/2026,07/20/2026,6 months,Yes,Yes,$99.00,Peak Property Group,Apartment,University District: Northeast,Above Ground,"Columbus, OH",1,"1 full, 0 half",2,No,No,None,Yes,1,Yes,n/a,n/a,Yes,,No,n/a,n/a,No,No,Central A/C,No,Yes,Yes,No,No,No,"TO SCHEDULE A SHOWING: www.PeakPropertyGroup.com/the-ohio-state-university

WEBSITE: www.peakpropertygroup.com",$250,$35,$35,$35,Yes,Yes,Yes,No,No,No,No,,
80 West Lane Avenue  (Sublet),https://offcampus.osu.edu/search-housing.aspx?property=19965&pricefrom=0&sort=1&alllandlords=0&sublet=true,00004DFD,$995.00,1/20/2026,7/27/2026,12 months,No,Yes,$1025,Peak Property Group,Studio/Efficiency,University District: Northwest,Above Ground,"Columbus, OH",1,"1 full, 0 half",2,No,No,Laundry facilities in the building,Yes,1,Yes,$125,n/a,No,,No,n/a,n/a,No,No,Window A/C,No,Yes,Yes,No,No,No,"TO SCHEDULE A SHOWING: www.peakpropertygroup.com/the-ohio-state-university

WEBSITE: www.peakpropertygroup.com",$250,$35,$35,$35,Yes,Yes,Yes,No,No,No,No,,
80 West Lane Avenue,https://offcampus.osu.edu/search-housing.aspx?property=19965&pricefrom=0&sort=1&alllandlords=0,00004DFD,"$1,025.00",08/01/2026,07/01/2027,12 months,No,Yes,$1025,Peak Property Group,Studio/Efficiency,University District: Northwest,Above Ground,"Columbus, OH",1,"1 full, 0 half",2,No,No,Laundry facilities in the building,Yes,1,Yes,$125,n/a,No,,No,n/a,n/a,No,No,Window A/C,No,Yes,Yes,No,No,No,"TO SCHEDULE A SHOWING: www.peakpropertygroup.com/the-ohio-state-university

WEBSITE: www.peakpropertygroup.com",$250,$35,$35,$35,Yes,Yes,Yes,No,No,No,No,,
1985 Summit Street G,https://offcampus.osu.edu/search-housing.aspx?property=19966&pricefrom=0&sort=1&alllandlords=0,00004DFE,"$1,025.00 - $125.00",08/01/2026,07/01/2027,12 months,No,Yes,$1025,Peak Property Group,Duplex/Town House,University District: Northeast,Above Ground,"Columbus, OH",2,"1 full, 0 half",4,No,No,None,Yes,1,Yes,n/a,n/a,Yes,,No,n/a,n/a,No,No,Central A/C,No,Yes,Yes,No,No,No,"TO SCHEDULE A SHOWING: www.PeakPropertyGroup.com/the-ohio-state-university

WEBSITE: www.peakpropertygroup.com",$250,$35,$35,$35,Yes,Yes,Yes,No,No,No,No,,
"PO Box 12788Columbus, OH 43212",https://offcampus.osu.edu/search-housing.aspx?property=21959&pricefrom=0&sort=1&alllandlords=0,000055C7,"$1,025.00",08/20/2026,07/29/2027,12,No,Yes,$1025,Peak Property Group,Apartment,University District: Central,Above Ground,"Columbus, OH",2,"1 full, 0 half",4,No,No,Laundry facilities in the unit,Yes,4,No,n/a,n/a,Yes,,No,n/a,n/a,No,No,Central A/C,Yes,Yes,Yes,No,No,No,,$250,$35,$0,$0,Yes,Yes,Yes,Yes,No,No,No,Chelsie Flores,614-360-2020
"4145 Powell RoadPowell, OH 43065",https://offcampus.osu.edu/search-housing.aspx?property=22018&pricefrom=0&sort=1&alllandlords=0,00005602,"$1,025.00",02-04-2026,07-30-2027,12 Months,Yes,Yes,$300-1 Month's Rent,Somerset Square Apartments,Apartment,Outside University District: Grandview,Above Ground,"Columbus, OH",1,"1 full, 0 half",2,Yes,No,Laundry facilities in the unit,Yes,1,Yes,n/a,n/a,No,,No,$N/A,$N/A,No,No,Central A/C,Yes,Yes,Yes,No,No,Yes,"Microwave, assigned parking, dedicated full-time maintenance and office staff.",$200,$35,$35,$35,Yes,Yes,Yes,No,No,No,No,Clo Babb,614-982-0090
10 West 9th Avenue Unit B,https://offcampus.osu.edu/search-housing.aspx?property=17544&pricefrom=0&sort=1&alllandlords=0,00004488,"$1,025.00",8/20/26,8/05/27,50 Weeks,No,Yes,$1025,Buckeye Real Estate,Studio/Efficiency,University District: Southwest,Above Ground,"Columbus, OH",1,"1 full, 0 half",1,No,No,Laundry facilities in the unit,No,0,No,n/a,n/a,No,,No,n/a,n/a,No,No,Central A/C,Yes,Yes,Yes,Yes,No,Yes,,$250,$0,$0,$0,Yes,Yes,Yes,No,No,No,No,,
44 West 8th Avenue Unit 2,https://offcampus.osu.edu/search-housing.aspx?property=8883&pricefrom=0&sort=1&alllandlords=0,000022B3,"$1,029.00",08-19-2026,07-31-2027,12 months,No,No,$1029,Hometeam,Apartment,University District: Southwest,Above Ground,"Columbus, OH",1,"1 full, 0 half",1,No,No,None,Yes,0,Yes,$Ask us about our pricing,n/a,Yes,No,No,n/a,n/a,No,No,Window A/C,No,Yes,Yes,No,No,No,,$0,$0,$0,$0,Yes,Yes,Yes,No,No,No,No,,
170 West Maynard Avenue 1A,https://offcampus.osu.edu/search-housing.aspx?property=13247&pricefrom=0&sort=1&alllandlords=0,000033BF,"$1,030.00",8/20/2026,8/05/2027,12 Months,No,Yes,$1030,Buckeye Real Estate,Apartment,University District: Northwest,Ground Level,"Columbus, OH",1,"1 full, 0 half",2,No,No,None,Yes,1,Yes,n/a,n/a,Yes,No,No,n/a,n/a,No,No,Central A/C,Yes,Yes,Yes,No,No,Yes,,$250,$0,$0,$0,Yes,Yes,Yes,No,No,No,No,,
1234 Steelwood Road Model C,https://offcampus.osu.edu/search-housing.aspx?property=17492&pricefrom=0&sort=1&alllandlords=0,00004454,"$1,035.00 - $1,055.00",08/16/2025,07/31/2026,12 Months,No,Yes,$0,The Griff,Apartment,University District: Southwest,Above Ground,"Columbus, OH",3,"3 full, 0 half",3,Yes,No,Laundry facilities in the unit,Yes,1,Yes,$$0,$$0,No,,Yes,$50,$600,Yes,No,Central A/C,Yes,Yes,Yes,Yes,No,Yes,"The Griff's off-campus community in Columbus, Ohio, is your ideal place to start a fresh chapter, meet life-long friends, make new memories, and advance your education – all in a convenient neighborhood location near The Ohio State University. When you’re not relaxing in your spacious one, two, three, or four bedroom apartment, you’re enjoying lavish community amenities, studying for your next exam, or out exploring the Grandview area.",$350,$25,$25,$25,No,No,No,No,Yes,No,Yes,,
2305 North High Street,https://offcampus.osu.edu/search-housing.aspx?property=8188&pricefrom=0&sort=1&alllandlords=0,00001FFC,"$1,045.00",08/20/26,8/05/27,50 weeks,No,Yes,$1045,Buckeye Real Estate,Studio/Efficiency,University District: Northwest,Above Ground,"Columbus, OH",1,"1 full, 0 half",2,No,Yes,Laundry facilities in the building,Yes,0,Yes,$45,n/a,Yes,Yes,Yes,n/a,n/a,No,No,Window A/C,Yes,Yes,Yes,No,No,No,,$250,$0,$0,$0,Yes,Yes,Yes,Yes,No,No,No,,
1545 Indianola Avenue Unit 1B,https://offcampus.osu.edu/search-housing.aspx?property=13459&pricefrom=0&sort=1&alllandlords=0,00003493,"$1,049.00",08-19-2026,07-31-2027,12 Months,No,No,$1049,Hometeam,Apartment,University District: Southeast,Above Ground,"Columbus, OH",1,"1 full, 0 half",2,No,No,Laundry facilities in the building,Yes,1,Yes,$Ask us about our pricing,n/a,Yes,No,No,n/a,n/a,No,No,Central A/C,Yes,Yes,Yes,No,No,No,,$0,$0,$0,$0,Yes,Yes,Yes,No,No,No,No,,
"2244 Neil AvenueColumbus, OH 43201",https://offcampus.osu.edu/search-housing.aspx?property=22020&pricefrom=0&sort=1&alllandlords=0,00005604,"$1,050.00",02-03-2026,06-01-2026,4 month's,Yes,No,$1050,"Kohr Royer Griffith, Inc.",Studio/Efficiency,University District: Southeast,Ground Level,"Columbus, OH",0,"1 full, 0 half",1,No,No,Laundry facilities in the building,Yes,1,Yes,$50,n/a,No,,No,n/a,n/a,Yes,Yes,Central A/C,No,Yes,Yes,No,No,Yes,"Microwave Oven, tv, bed",$200,$20,$20,$0,Yes,Yes,Yes,Yes,Yes,Yes,Yes,Pat Steane,614-291-8000
2474 Neil Avenue,https://offcampus.osu.edu/search-housing.aspx?property=14909&pricefrom=0&sort=1&alllandlords=0,00003A3D,"$1,050.00",1/13/2026,7/31/2026,lease through 7/31/2026,Yes,No,$1050,Buckeye Real Estate,Duplex/Town House,University District: Northwest,Ground Level,"Columbus , OH",1,"2 full, 0 half",4,No,No,Laundry facilities in the unit,Yes,0,Yes,n/a,n/a,No,No,No,n/a,n/a,No,No,Central A/C,Yes,Yes,Yes,No,No,No,"FULLY UPDATED UNIT! Spacious three bedroom, two bath half double with stainless steel appliances (range, refrigerator, dishwasher, microhood), washer/dryer, central air, and off street parking located near Tompkins and Neil!

Unit residents may purchase two permits

View our Leasing Procedure and a copy of our Lease Agreement at BuckeyeRealEstate.com > Future Residents > FAQs/Documents

https://my.matterport.com/show/?m=pCWZ8AszuvP

**information subject to change**",$250,$0,$0,$0,Yes,Yes,Yes,No,No,No,No,,
393 East 18th Avenue Unit F,https://offcampus.osu.edu/search-housing.aspx?property=13947&pricefrom=0&sort=1&alllandlords=0,0000367B,"$1,050.00",08/20/2026,08/05/2027,12 Months,No,Yes,$1050,Buckeye Real Estate,Duplex/Town House,University District: Central,Ground Level,"Columbus, OH",2,"1 full, 0 half",3,Yes,No,None,Yes,1,Yes,n/a,n/a,Yes,No,No,n/a,n/a,No,No,Central A/C,Yes,Yes,Yes,No,No,No,Recently remodeled with microhood included!,$250,$0,$0,$0,Yes,Yes,Yes,No,No,No,No,,
"2981 Olentangy River RoadColumbus, OH 43202",https://offcampus.osu.edu/search-housing.aspx?property=21881&pricefrom=0&sort=1&alllandlords=0&sublet=true,00005579,"$1,089.95",5/21/2026,7/21/2026,2 months,Yes,Yes,$300,University Village Apartments,Apartment,University District: Northwest,Ground Level,"Columbus, OH",1,"1 full, 0 half",2,No,No,Laundry Hookup,Yes,0,Yes,n/a,n/a,Yes,,No,n/a,n/a,No,No,Window A/C,No,Yes,Yes,No,No,No,A shuttle bus comes every 30 minutes and takes 10 minutes to get to OSU. The community also has a 24/7 gym.,$0,$0,$0,$0,No,No,No,No,Yes,No,Yes,Todd Jessup,614-261-1211
393 East 18th Avenue Unit H,https://offcampus.osu.edu/search-housing.aspx?property=13949&pricefrom=0&sort=1&alllandlords=0,0000367D,"$1,050.00",08/20/2026,08/05/2027,12 Months,No,Yes,$1050,Buckeye Real Estate,Duplex/Town House,University District: Central,Ground Level,"Columbus, OH",2,"1 full, 0 half",3,Yes,No,None,Yes,1,Yes,n/a,n/a,Yes,No,No,n/a,n/a,No,No,Central A/C,Yes,Yes,Yes,No,No,No,Recently remodeled with microhood included!,$250,$0,$0,$0,Yes,Yes,Yes,No,No,No,No,,
393 East 18th Avenue E,https://offcampus.osu.edu/search-housing.aspx?property=13946&pricefrom=0&sort=1&alllandlords=0,0000367A,"$1,050.00",08/20/2026,08/05/2027,50 Weeks,No,Yes,$1050,Buckeye Real Estate,Duplex/Town House,University District: Central,Ground Level,"Columbus, OH",2,"1 full, 0 half",3,Yes,No,None,Yes,1,Yes,n/a,n/a,Yes,No,No,n/a,n/a,No,No,Central A/C,No,Yes,Yes,No,No,No,,$250,$0,$0,$0,Yes,Yes,Yes,No,No,No,No,,
1234 Steelwood Road Model B,https://offcampus.osu.edu/search-housing.aspx?property=17491&pricefrom=0&sort=1&alllandlords=0,00004453,"$1,050.00 - $1,090.00",08-16-2024,07/31/2025,12 Months,No,Yes,$0.00,The Griff,Apartment,University District: Southwest,Above Ground,"Columbus, OH",2,"2 full, 0 half",2,Yes,No,Laundry facilities in the unit,Yes,1,Yes,$$0,$$0,No,,Yes,$50,$600,Yes,No,Central A/C,Yes,Yes,Yes,Yes,No,Yes,"The Griff's off-campus community in Columbus, Ohio, is your ideal place to start a fresh chapter, meet life-long friends, make new memories, and advance your education – all in a convenient neighborhood location near The Ohio State University. When you’re not relaxing in your spacious one, two, three, or four bedroom apartment, you’re enjoying lavish community amenities, studying for your next exam, or out exploring the Grandview Area.",$350,$25,$25,$25,Yes,Yes,Yes,No,Yes,No,Yes,,
93 East 15th Avenue Unit C (Sublet),https://offcampus.osu.edu/search-housing.aspx?property=13852&pricefrom=0&sort=1&alllandlords=0&sublet=true,0000361C,"$1,050.00",8/1/2025,7/31/2026,50 weeks,No,Yes,$1075,Buckeye Real Estate,Apartment,University District: Central,Above Ground,"Columbus, OH",1,"1 full, 0 half",2,No,No,Laundry facilities in the unit,Yes,1,Yes,n/a,n/a,Yes,No,No,n/a,n/a,No,No,Central A/C,Yes,Yes,Yes,Yes,No,No,microhood,$$250,$0,$0,$0,Yes,Yes,Yes,No,No,No,No,,
2135 Iuka Avenue Unit A1,https://offcampus.osu.edu/search-housing.aspx?property=7299&pricefrom=0&sort=1&alllandlords=0,00001C83,"$1,079.00",08-19-2026,07-31-2027,12 months,No,No,$1079,Hometeam,Apartment,University District: Northeast,Above Ground,"Columbus, OH",1,"1 full, 0 half",2,No,No,Laundry facilities in the building,Yes,0,Yes,$Ask us about our pricing,n/a,Yes,No,No,n/a,n/a,No,No,Central A/C,Yes,Yes,Yes,No,No,Yes,,$0,$0,$0,$0,Yes,Yes,Yes,No,No,No,No,,
63 West Northwood Avenue,https://offcampus.osu.edu/search-housing.aspx?property=9663&pricefrom=0&sort=1&alllandlords=0,000025BF,"$1,085.00",8/20/26,8/5/27,50 weeks,No,Yes,$1085,Buckeye Real Estate,Apartment,University District: Northwest,Above Ground,"Columbus, OH",1,"1 full, 0 half",2,No,No,None,Yes,1,Yes,$45,n/a,Yes,Yes,No,n/a,n/a,No,No,Window A/C,No,Yes,Yes,No,Yes,No,Laundry near by,$250,$0,$0,$0,Yes,Yes,Yes,Yes,No,No,No,,
130  West Ninth Avenue Unit D,https://offcampus.osu.edu/search-housing.aspx?property=20466&pricefrom=0&sort=1&alllandlords=0,00004FF2,"$1,090.00",08-1-2026,07-30-2027,350 days,No,Yes,$1090,G.A.S. PROPERTIES,Apartment,University District: Southwest,Above Ground,"Columbus, OH",2,"1 full, 0 half",3,No,No,None,Yes,1,Yes,$0.00,$250,Yes,,No,n/a,n/a,No,No,Central A/C,No,Yes,Yes,No,No,No,"Central Heating
Energy Efficient Windows
Ext Security Lighting
Fire Alarm
Fire Extinguisher
Fire Place
Garbage Disposal
Gas Range
Lawn
Mini Blinds
Off Street Parking
Pet Friendly
Refrigerator
Updated Baths
Utilities paid by: Tenant(s)",$250,$25,$25,$25,Yes,Yes,Yes,No,No,No,No,,
"PO Box 12788Columbus, OH 43212",https://offcampus.osu.edu/search-housing.aspx?property=21237&pricefrom=0&sort=1&alllandlords=0,000052F5,"$1,095.00",8/01/2026,7/01/2027,12 months,No,Yes,$1095,Peak Property Group,Apartment,University District: Southeast,Above Ground,"Columbus, OH",1,"1 full, 0 half",0,No,No,Laundry facilities in the building,Yes,0,Yes,n/a,n/a,Yes,,No,n/a,n/a,No,No,Central A/C,Yes,Yes,Yes,No,No,No,,$250,$35,$35,$35,Yes,Yes,Yes,No,No,No,No,Chelsie Flores,614-360-2020
1289 1/2 Dennison Avenue second floor,https://offcampus.osu.edu/search-housing.aspx?property=8942&pricefrom=0&sort=1&alllandlords=0,000022EE,"$1,095.00",08-01-2024,07-31-2025,12 months,No,No,$1095,C.E. Investments,Duplex/Town House,Outside University District: Victorian Village,Above Ground,"Columbus, OH",2,"1 full, 0 half",2,No,No,None,Yes,0,No,n/a,n/a,Yes,No,No,n/a,n/a,No,No,Window A/C,Yes,Yes,Yes,No,Yes,No,Move-In: July 25- Aug 5   GREAT LANDLORD ! l This is a super neighborhood. Great fenced private back yard.  Great lighting !    Enjoy your own private world !,$0,$0,$0,$0,No,No,No,No,No,No,No,,
"222 W Lane AveColumbus, OH 43201",https://offcampus.osu.edu/search-housing.aspx?property=21497&pricefrom=0&sort=1&alllandlords=0&sublet=true,000053F9,$998.00,5/12/2026,7/31/2026,12,No,Yes,$0,RamblerColumbus,Apartment,University District: Northwest,Above Ground,"Columbus, OH",1,"1 full, 0 half",1,Yes,No,Laundry facilities in the unit,Yes,425,No,n/a,n/a,No,,Yes,$150,n/a,Yes,No,Central A/C,Yes,Yes,Yes,Yes,No,No,,$300,$25,$25,$25,Yes,Yes,Yes,No,No,No,Yes,Lauren Taylor,614-465-3513
"3656 BroadwayGrove City, OH 43123",https://offcampus.osu.edu/search-housing.aspx?property=22028&pricefrom=0&sort=1&alllandlords=0,0000560C,"$1,100.00",03-01-2026,07-31-2027,11.5,No,Yes,$1100,"C&D Oak Investments, LLC",Apartment,University District: Northeast,Above Ground,"Columbus, OH",1,"1 full, 0 half",2,No,Yes,Laundry Hookup,Yes,0,No,n/a,n/a,Yes,,No,n/a,n/a,No,No,Central A/C,Yes,Yes,Yes,Yes,Yes,No,,$200,$25,$25,$25,Yes,Yes,Yes,No,Yes,No,No,Nick Woods,614-398-1741
"3656 BroadwayGrove City, OH 43123",https://offcampus.osu.edu/search-housing.aspx?property=22027&pricefrom=0&sort=1&alllandlords=0,0000560B,"$1,100.00",03-01-2026,07-31-2027,11.5,No,Yes,$1100,"C&D Oak Investments, LLC",Apartment,University District: Northeast,Ground Level,"Columbus, OH",1,"1 full, 0 half",0,No,Yes,Laundry Hookup,Yes,0,No,n/a,n/a,Yes,,No,n/a,n/a,No,No,Central A/C,Yes,Yes,Yes,Yes,Yes,No,,$200,$25,$25,$25,Yes,Yes,Yes,No,Yes,No,No,Nick Woods,614-398-1741
"3656 BroadwayGrove City, OH 43123",https://offcampus.osu.edu/search-housing.aspx?property=22026&pricefrom=0&sort=1&alllandlords=0,0000560A,"$1,100.00",03-01-2026,07-31-2027,11.5 Months,No,Yes,$1100,"C&D Oak Investments, LLC",Apartment,University District: Northeast,Above Ground,"Columbus, OH",1,"1 full, 0 half",2,No,Yes,Laundry Hookup,Yes,0,No,n/a,n/a,Yes,,No,n/a,n/a,No,No,Central A/C,Yes,Yes,Yes,Yes,Yes,No,,$200,$25,$25,$25,Yes,Yes,Yes,No,Yes,No,No,Nick Woods,614-398-1741
"3656 BroadwayGrove City, OH 43123",https://offcampus.osu.edu/search-housing.aspx?property=22025&pricefrom=0&sort=1&alllandlords=0,00005609,"$1,100.00",03-01-2026,07-31-2027,11.5 months,No,Yes,$1100,"C&D Oak Investments, LLC",Apartment,University District: Northeast,Ground Level,"Columbus, OH",1,"1 full, 0 half",2,No,Yes,Laundry Hookup,Yes,0,No,n/a,n/a,Yes,,No,n/a,n/a,No,No,Central A/C,Yes,Yes,Yes,Yes,Yes,No,,$200,$25,$25,$25,Yes,Yes,Yes,No,Yes,No,No,Nick Woods,614-398-1741
1345 Neil Avenue Unit 1,https://offcampus.osu.edu/search-housing.aspx?property=7459&pricefrom=0&sort=1&alllandlords=0,00001D23,"$1,100.00",08-19-2026,07-31-2027,12 months,No,No,$1100,Hometeam,Apartment,University District: Southwest,Ground Level,"Columbus, OH",2,"1 full, 0 half",2,No,No,None,Yes,0,Yes,$Ask us about our pricing,n/a,Yes,Yes,No,n/a,n/a,No,No,None,No,Yes,Yes,No,No,No,,$0,$0,$0,$0,Yes,Yes,Yes,No,No,No,No,,
51 West 9th Avenue Unit 2,https://offcampus.osu.edu/search-housing.aspx?property=9814&pricefrom=0&sort=1&alllandlords=0,00002656,"$1,100.00",08-19-2026,07-31-2027,12 months,No,No,$1100,Hometeam,Apartment,University District: Southwest,Above Ground,"Columbus, OH",2,"1 full, 0 half",2,No,No,None,Yes,0,Yes,$Ask us about our pricing,n/a,Yes,No,No,n/a,n/a,No,No,Central A/C,No,Yes,Yes,No,No,No,,$0,$0,$0,$0,Yes,Yes,Yes,No,No,No,No,,
1919 Indianola Avenue Unit M,https://offcampus.osu.edu/search-housing.aspx?property=21060&pricefrom=0&sort=1&alllandlords=0,00005244,"$1,100.00",08-19-2026,07-31-2027,12 months,No,No,$1100,Hometeam,Condominium,University District: Central,Ground Level,"Columbus, OH",2,"1 full, 0 half",2,No,No,Laundry facilities in the unit,Yes,1,No,$Ask us about our pricing,n/a,Yes,,No,n/a,n/a,No,No,Window A/C,Yes,Yes,Yes,No,No,No,,$0,$0,$0,$0,Yes,Yes,Yes,No,No,No,No,,
1919 Indianola Avenue Unit F,https://offcampus.osu.edu/search-housing.aspx?property=21059&pricefrom=0&sort=1&alllandlords=0,00005243,"$1,100.00",08-19-2026,07-31-2027,12 months,No,No,$1100,Hometeam,Condominium,University District: Central,Ground Level,"Columbus, OH",2,"1 full, 0 half",2,No,No,Laundry facilities in the building,Yes,1,No,$Ask us about our pricing,n/a,Yes,,No,n/a,n/a,No,No,None,Yes,Yes,Yes,No,No,No,,$0,$0,$0,$0,Yes,Yes,Yes,No,No,No,No,,
1345 Neil Avenue Unit 2A,https://offcampus.osu.edu/search-housing.aspx?property=21224&pricefrom=0&sort=1&alllandlords=0,000052E8,"$1,100.00",08-19-2026,07-31-2027,12 months,No,No,$1100,Hometeam,Apartment,University District: Southwest,Ground Level,"Columbus, OH",2,"1 full, 0 half",2,No,No,None,Yes,0,Yes,$Ask us about our pricing,n/a,Yes,,No,n/a,n/a,No,No,None,No,Yes,Yes,No,No,No,,$0,$0,$0,$0,Yes,Yes,Yes,No,No,No,No,,
"2244 Neil AvenueColumbus, OH 43201",https://offcampus.osu.edu/search-housing.aspx?property=21009&pricefrom=0&sort=1&alllandlords=0,00005211,"$1,100.00",12-15-2025,07-31-2026,7.5 Month,No,Yes,$1100,"Kohr Royer Griffith, Inc.",Apartment,Outside University District: Clintonville,Above Ground,"Columbus, OH",1,"1 full, 0 half",1,No,No,None,Yes,1,Yes,n/a,n/a,No,,No,n/a,n/a,No,No,Central A/C,Yes,Yes,Yes,No,No,Yes,,$0,$0,$0,$0,No,No,No,No,Yes,No,No,Pat Steane,614-291-8000
"75 S. High StDublin, OH 43017",https://offcampus.osu.edu/search-housing.aspx?property=15661&pricefrom=0&sort=1&alllandlords=0,00003D2D,"$1,100.00",08/01/2026,07/15/2027,12 Month,No,Yes,$1100,DPG Properties,Apartment,University District: Central,Above Ground,"Columbus, OH",2,"1 full, 0 half",2,No,No,None,Yes,1,Yes,n/a,n/a,Yes,No,No,n/a,n/a,No,No,Central A/C,No,Yes,Yes,No,No,Yes,,$500,$50,$0,$0,Yes,Yes,Yes,No,No,No,No,David Galbreath,614-360-8400
400 East 15th Avenue Unit A1,https://offcampus.osu.edu/search-housing.aspx?property=15727&pricefrom=0&sort=1&alllandlords=0,00003D6F,"$1,100.00",08/01/2026,07/15/2027,12 months,No,Yes,$1100,DPG Properties,Apartment,University District: Central,Above Ground,"Columbus, OH",2,"1 full, 0 half",2,No,No,None,Yes,2,Yes,n/a,n/a,Yes,No,No,n/a,n/a,No,No,Central A/C,No,Yes,Yes,No,No,No,,$500,$50,$0,$0,Yes,No,No,No,No,No,No,,
"75 S. High StDublin, OH 43017",https://offcampus.osu.edu/search-housing.aspx?property=12031&pricefrom=0&sort=1&alllandlords=0,00002EFF,"$1,100.00",1/1/2026,flexible,12 Month,No,Yes,$1100,DPG Properties,Duplex/Town House,University District: Central,Above Ground,"Columbus, OH",2,"1 full, 0 half",2,No,No,None,Yes,1,Yes,n/a,$0.,Yes,No,No,n/a,n/a,No,No,Central A/C,No,Yes,Yes,No,No,Yes,,$500,$50,$0,$0,Yes,Yes,No,No,No,No,No,David Galbreath,614-360-8400
400 East 15th Avenue A2,https://offcampus.osu.edu/search-housing.aspx?property=15728&pricefrom=0&sort=1&alllandlords=0,00003D70,"$1,100.00",8/1/2026,07/15/2027,12 months,No,Yes,$1100,DPG Properties,Apartment,University District: Central,Above Ground,"Columbus, OH",2,"1 full, 0 half",2,No,No,None,Yes,0,Yes,n/a,n/a,Yes,No,No,n/a,n/a,Yes,No,Central A/C,No,Yes,Yes,No,No,No,,$500,$50,$0,$0,Yes,Yes,Yes,No,No,No,No,,
331 East 18th Avenue Unit A,https://offcampus.osu.edu/search-housing.aspx?property=10347&pricefrom=0&sort=1&alllandlords=0,0000286B,"$1,100.00",08-19-2026,07-31-2027,12 months,No,No,$1100,Hometeam,Apartment,University District: Northeast,Ground Level,"Columbus, OH",2,"1 full, 0 half",2,No,No,None,Yes,2,Yes,$Ask us about our pricing,n/a,Yes,No,No,n/a,n/a,No,No,Central A/C,Yes,Yes,Yes,No,No,No,,$0,$0,$0,$0,Yes,Yes,Yes,No,No,No,No,,
105 West 10th Avenue Unit B,https://offcampus.osu.edu/search-housing.aspx?property=17028&pricefrom=0&sort=1&alllandlords=0,00004284,"$1,100.00",8/9/2026,7/31/2027,356 Days,No,Yes,$1100,Pella Company,Apartment,University District: Southwest,Above Ground,"Columbus, OH",1,"1 full, 0 half",2,No,No,Laundry facilities in the building,Yes,1,Yes,n/a,$100,Yes,,No,n/a,n/a,No,No,Window A/C,No,Yes,Yes,No,No,No,,$0,$0,$0,$0,No,No,No,No,Yes,Yes,Yes,,
1620 Indianola Avenue Unit 1620,https://offcampus.osu.edu/search-housing.aspx?property=15407&pricefrom=0&sort=1&alllandlords=0,00003C2F,"$1,100.00",08-19-2026,07-31-2027,12 months,No,No,$1100,Hometeam,Apartment,University District: Southeast,Above Ground,"Columbus, OH",2,"1 full, 0 half",2,No,No,Laundry facilities in the building,Yes,1,Yes,$Ask us about our pricing,n/a,Yes,No,No,n/a,n/a,No,No,Central A/C,Yes,Yes,Yes,No,No,No,,$0,$0,$0,$0,Yes,Yes,Yes,No,No,No,No,,
"2981 Olentangy River RoadColumbus, OH 43202",https://offcampus.osu.edu/search-housing.aspx?property=21685&pricefrom=0&sort=1&alllandlords=0&sublet=true,000054B5,"$1,100.00",8/1/2025,7/25/2026,1 year,No,Yes,$500,University Village Apartments,Apartment,University District: Northeast,Above Ground,"Columbus, OH",1,"1 full, 0 half",2,No,No,Laundry facilities in the building,Yes,1,Yes,n/a,n/a,Yes,,Yes,n/a,n/a,No,No,Window A/C,No,Yes,Yes,Yes,Yes,Yes,"Amenities include a free pool, gym, complimentary coffee, and printing services. Also, their private University Village shuttle runs to and from campus every 30 minutes.",$0,$0,$0,$0,Yes,Yes,Yes,Yes,Yes,No,Yes,Todd Jessup,614-261-1211
90 East 14th  Avenue Unit H,https://offcampus.osu.edu/search-housing.aspx?property=17691&pricefrom=0&sort=1&alllandlords=0,0000451B,"$1,100.00",8/16/25,8/6/26,356 Days,No,Yes,$1100,Pella Company,Apartment,University District: Central,Above Ground,"Columbus, OH",2,"1 full, 0 half",3,No,No,Laundry facilities in the building,Yes,1,Yes,n/a,$60,Yes,,No,n/a,n/a,No,No,Window A/C,No,Yes,Yes,No,No,No,,$0,$0,$0,$0,No,No,No,No,No,No,No,,
60 Chittenden Avenue Unit 2E,https://offcampus.osu.edu/search-housing.aspx?property=14237&pricefrom=0&sort=1&alllandlords=0,0000379D,"$1,105.00",08/20/2026,08/05/2027,12 Months,No,Yes,$1105,Buckeye Real Estate,Apartment,University District: Southeast,Above Ground,"COLUMBUS, OH",2,"1 full, 0 half",3,No,No,Laundry facilities in the building,Yes,1,Yes,n/a,$80,No,No,No,n/a,n/a,No,No,Central A/C,Yes,Yes,Yes,No,No,No,Newly remolded flat located close to classes. Microwave included. Gas and water included in monthly payment.,$$250,$0,$0,$0,Yes,Yes,Yes,No,Yes,No,Yes,,
60 Chittenden Avenue Unit 2B,https://offcampus.osu.edu/search-housing.aspx?property=14234&pricefrom=0&sort=1&alllandlords=0,0000379A,"$1,105.00",08/20/2026,08/05/2027,50 weeks,No,Yes,$1105,Buckeye Real Estate,Apartment,University District: Southeast,Above Ground,"Columbus, OH",2,"1 full, 0 half",3,No,No,Laundry facilities in the building,Yes,1,Yes,n/a,n/a,No,No,No,n/a,n/a,No,No,Central A/C,Yes,Yes,Yes,No,No,No,"Remodeled two bedroom, one bath flat located close to classes. Dishwasher/microwave included, coin op laundry on site. Cooking Gas and water included in monthly payment!

This is an oversold lot with limited parking spaces for the buliding, each unit is eligible to purchase one permit, it does not guarantee a space will be available.

View our Leasing Procedure and a copy of our Lease Agreement at BuckeyeRealEstate.com > Future Residents > FAQs/Documents

https://my.matterport.com/show/?m=qT45PVqi6cC

**information on this flyer subject to change**",$$250,$0,$0,$0,Yes,Yes,Yes,No,Yes,No,Yes,,
60 Chittenden Avenue Unit 2A,https://offcampus.osu.edu/search-housing.aspx?property=14233&pricefrom=0&sort=1&alllandlords=0,00003799,"$1,105.00",08/20/2026,08/05/2027,12 Months,No,Yes,$1105,Buckeye Real Estate,Apartment,University District: Southeast,Above Ground,"COLUMBUS, OH",2,"1 full, 0 half",3,No,No,Laundry facilities in the building,Yes,1,Yes,n/a,$80,No,No,No,n/a,n/a,No,No,Central A/C,Yes,Yes,Yes,No,No,No,Newly remolded flat located close to classes. Microwave included. Gas and water included in monthly payment.,$$250,$0,$0,$0,Yes,Yes,Yes,No,Yes,No,Yes,,
60 Chittenden Avenue Unit 1E,https://offcampus.osu.edu/search-housing.aspx?property=14232&pricefrom=0&sort=1&alllandlords=0,00003798,"$1,105.00",08/20/2026,08/05/2027,12 Months,No,Yes,$1105,Buckeye Real Estate,Apartment,University District: Southeast,Ground Level,"COLUMBUS, OH",2,"1 full, 0 half",3,No,No,Laundry facilities in the building,Yes,1,Yes,n/a,n/a,No,No,No,n/a,n/a,No,No,Central A/C,Yes,Yes,Yes,No,No,No,Newly remolded flat located close to classes. Microwave included. Gas and water included in monthly payment.,$$250,$0,$0,$0,Yes,Yes,Yes,No,Yes,No,Yes,,
60 Chittenden Avenue Unit 1C,https://offcampus.osu.edu/search-housing.aspx?property=14230&pricefrom=0&sort=1&alllandlords=0,00003796,"$1,105.00",08/20/2026,08/05/2027,50 weeks,No,Yes,$1105,Buckeye Real Estate,Apartment,University District: Southeast,Ground Level,"Columbus, OH",2,"1 full, 0 half",3,No,No,Laundry facilities in the building,Yes,1,Yes,n/a,n/a,No,No,No,n/a,n/a,No,No,Central A/C,Yes,Yes,Yes,No,No,No,Newly remolded flat located close to classes. Microwave included. Gas and water included in monthly payment.,$$250,$0,$0,$0,Yes,Yes,Yes,No,Yes,No,Yes,,
367 West 6th  Avenue Unit 9,https://offcampus.osu.edu/search-housing.aspx?property=13757&pricefrom=0&sort=1&alllandlords=0,000035BD,"$1,118.00",8/20/2026,8/05/27,50 weeks,No,Yes,$1118,Buckeye Real Estate,Apartment,University District: Southwest,Above Ground,"Columbus , OH",2,"1 full, 0 half",3,No,No,Laundry facilities in the building,Yes,1,Yes,n/a,n/a,Yes,No,No,n/a,n/a,No,No,Central A/C,Yes,Yes,Yes,No,No,No,Microhood and ceiling fans included!,$250,$0,$0,$0,Yes,Yes,Yes,No,No,No,No,,
1382 Highland Street Unit A4,https://offcampus.osu.edu/search-housing.aspx?property=15147&pricefrom=0&sort=1&alllandlords=0,00003B2B,"$1,120.00",8/20/2026,8/05/2027,12 Months,No,Yes,$1120,Buckeye Real Estate,Apartment,University District: Southwest,Below Ground,"Columbus , OH",2,"1 full, 0 half",3,No,No,Laundry facilities in the building,Yes,0,Yes,n/a,n/a,No,No,No,n/a,n/a,No,No,Central A/C,Yes,Yes,Yes,No,No,No,,$250,$0,$0,$0,Yes,Yes,Yes,No,No,No,No,,
"2981 Olentangy River RoadColumbus, OH 43202",https://offcampus.osu.edu/search-housing.aspx?property=21886&pricefrom=0&sort=1&alllandlords=0&sublet=true,0000557E,"$1,126.95",12/11/2025,7/21/2026,8 month,No,Yes,$989,University Village Apartments,Apartment,University District: Northwest,Above Ground,"Columbus, OH",1,"1 full, 1 half",2,No,No,Laundry facilities in the building,Yes,10,Yes,n/a,n/a,Yes,,No,n/a,n/a,No,No,Window A/C,No,Yes,Yes,Yes,Yes,No,,$0,$0,$0,$0,No,No,No,Yes,Yes,No,Yes,Todd Jessup,614-261-1211
2288 North High Street Unit 3,https://offcampus.osu.edu/search-housing.aspx?property=9733&pricefrom=0&sort=1&alllandlords=0,00002605,"$1,130.00",8/20/26,8/5/27,50 weeks,No,Yes,$1130,Buckeye Real Estate,Apartment,University District: Northeast,Above Ground,"Columbus, OH",1,"1 full, 0 half",2,No,Yes,Laundry facilities in the building,Yes,0,Yes,$45,n/a,Yes,Yes,No,n/a,n/a,No,No,Window A/C,Yes,Yes,Yes,No,No,No,"Located near Oakland and High, this one bedroom, third story flat features dishwasher, microwave, a/c, on site laundry, and FREE high speed internet. Off Street Parking Available! Water is $25 per person per month. Additional resident over the number of bedrooms will increase rent $175.

Optional off street parking permit is $45/month for each permit.",$250,$0,$0,$0,Yes,Yes,Yes,No,No,No,No,,
130 West Ninth Avenue E,https://offcampus.osu.edu/search-housing.aspx?property=17826&pricefrom=0&sort=1&alllandlords=0,000045A2,"$1,135.00",08/14/2026,07/30/2027,350 Days,No,Yes,$1135,G.A.S. PROPERTIES,Apartment,University District: Southwest,Above Ground,"Columbus, OH",2,"1 full, 0 half",3,No,No,None,Yes,2,Yes,n/a,$350,Yes,,No,n/a,n/a,No,No,Central A/C,No,Yes,Yes,No,No,No,,$250,$25,$25,$25,Yes,Yes,Yes,No,No,No,No,,
162 1/2 West Northwood Avenue,https://offcampus.osu.edu/search-housing.aspx?property=14217&pricefrom=0&sort=1&alllandlords=0,00003789,"$1,135.00",8/6/2026,8/5/2027,12 Months,No,Yes,$1135,Buckeye Real Estate,Duplex/Town House,University District: Northwest,Ground Level,"Colmbus, OH",1,"1 full, 0 half",2,No,No,None,Yes,1,Yes,n/a,$80,No,No,No,n/a,n/a,No,No,None,No,Yes,Yes,No,No,Yes,,$$250.00,$0,$0,$0,Yes,Yes,Yes,No,Yes,No,No,,
130 West Maynard Avenue Unit 2G,https://offcampus.osu.edu/search-housing.aspx?property=13163&pricefrom=0&sort=1&alllandlords=0,0000336B,"$1,135.00",8/20/2026,08/05/2027,12 Months,No,Yes,$1135,Buckeye Real Estate,Apartment,University District: Northwest,Above Ground,"Columbus, OH",2,"1 full, 0 half",3,No,No,Laundry facilities in the building,Yes,1,Yes,n/a,n/a,Yes,No,No,n/a,n/a,No,No,Central A/C,No,Yes,Yes,No,No,No,,$$250.00,$0,$0,$0,Yes,Yes,Yes,No,Yes,No,No,,
248.5 West 5th Avenue Unit F,https://offcampus.osu.edu/search-housing.aspx?property=19409&pricefrom=0&sort=1&alllandlords=0,00004BD1,"$1,145.00",7/28/2026,7/12/2027,12 months,No,Yes,$1145,Peak Property Group,Apartment,University District: Southwest,Above Ground,"Columbus, OH",1,"1 full, 0 half",2,No,No,None,Yes,0,No,n/a,n/a,Yes,,No,n/a,n/a,No,No,None,Yes,Yes,Yes,No,No,No,TO SCHEDULE A SHOWING: (614) 532-4215 or fifth-and-forsythe@rent.dynasty.com,$250,$35,$35,$35,Yes,Yes,Yes,No,No,No,No,,
1355 N High St - The German North High Street,https://offcampus.osu.edu/search-housing.aspx?property=21304&pricefrom=0&sort=1&alllandlords=0,00005338,"$1,149.00 - $1,164.00",08-20-2026,07-31-2027,12-month,No,Yes,$0,VERVE Columbus,Apartment,University District: Central,Above Ground,"Columbus, OH",3,"3 full, 0 half",3,Yes,No,Laundry facilities in the unit,Yes,132,Yes,n/a,n/a,Yes,,Yes,$160,n/a,Yes,No,Central A/C,Yes,Yes,Yes,Yes,No,No,,$300,$30,$0,$0,Yes,Yes,Yes,Yes,No,No,No,,
900 Nettle Drive 2 Bedrooms,https://offcampus.osu.edu/search-housing.aspx?property=20784&pricefrom=0&sort=1&alllandlords=0,00005130,"$1,150.00",08-10-2026,07/25/2027,12 month,No,Yes,$Waived,Edwards Student Housing Management Company,Apartment,University District: Northwest,Above Ground,"Columbus, OH",1,"1 full, 0 half",1,No,No,Laundry facilities in the unit,Yes,160,Yes,n/a,$265.00,No,,Yes,$125.00,n/a,No,No,Central A/C,Yes,Yes,Yes,Yes,No,No,"Wi-fi study room with flat screen TV, cafe.

Specials: Waived administrative fee!",$300.00,$40,$40,$40,Yes,Yes,Yes,No,No,No,No,,
1660 North 4th Street 1A,https://offcampus.osu.edu/search-housing.aspx?property=12032&pricefrom=0&sort=1&alllandlords=0,00002F00,"$1,150.00",8/1/2026,7/15/2027,1 year,No,Yes,$1150,DPG Properties,Apartment,University District: Central,Above Ground,"Columbus, OH",2,"1 full, 0 half",2,No,No,Laundry facilities in the building,Yes,2,Yes,n/a,n/a,Yes,No,No,n/a,n/a,Yes,No,Central A/C,Yes,Yes,Yes,No,No,No,New laundry facility in the building that is free to the tenants.,$0,$0,$0,$0,No,No,No,No,No,No,No,,
94 King Avenue Unit 2,https://offcampus.osu.edu/search-housing.aspx?property=7521&pricefrom=0&sort=1&alllandlords=0,00001D61,"$1,150.00",08-19-2026,07-31-2027,12 months,No,No,$1150,Hometeam,Apartment,University District: Southwest,Above Ground,"Columbus, OH",2,"1 full, 0 half",2,No,No,Laundry facilities in the unit,Yes,0,Yes,$Ask us about our pricing,n/a,Yes,Yes,No,n/a,n/a,No,No,Central A/C,No,Yes,Yes,No,No,No,,$0,$0,$0,$0,Yes,Yes,Yes,No,No,No,No,,
"34 W. 9th Ave.Columbus, OH 43201",https://offcampus.osu.edu/search-housing.aspx?property=21015&pricefrom=0&sort=1&alllandlords=0,00005217,"$1,150.00",8/20/26,8/5/27,12 months,No,Yes,$1150,Buckeye Real Estate,Apartment,University District: Northwest,Below Ground,"Columbus, OH",1,"1 full, 0 half",0,No,No,Laundry facilities in the building,Yes,1,Yes,n/a,n/a,No,,No,n/a,n/a,No,No,Window A/C,No,Yes,Yes,No,No,No,,$250.00,$0,$0,$0,Yes,Yes,Yes,No,No,No,No,Buckeye Real Estate,614-294-5511
163 1/2 West Northwood Avenue,https://offcampus.osu.edu/search-housing.aspx?property=16509&pricefrom=0&sort=1&alllandlords=0,0000407D,"$1,150.00",August 9th,July 31st,356 days,No,Yes,$1150,Pella Company,Duplex/Town House,University District: Northwest,Above Ground,"Columbus, OH",2,"1 full, 0 half",3,No,No,None,Yes,2,Yes,n/a,$100,Yes,,No,n/a,n/a,No,No,Window A/C,No,Yes,Yes,No,No,No,,$0,$0,$0,$0,No,No,No,No,No,No,No,,
161 1/2 West Northwood Avenue,https://offcampus.osu.edu/search-housing.aspx?property=11165&pricefrom=0&sort=1&alllandlords=0,00002B9D,"$1,150.00",August 9th,July 31st,356 Days,No,Yes,$1150,Pella Company,Duplex/Town House,University District: Northwest,Ground Level,"Columbus, OH",2,"1 full, 0 half",3,No,No,None,Yes,2,Yes,n/a,$100,Yes,No,No,n/a,n/a,No,No,Window A/C,Yes,Yes,Yes,No,No,No,,$0,$0,$0,$0,No,No,No,No,No,No,No,,
"1206 N. 4th StreetColumbus, OH 43201",https://offcampus.osu.edu/search-housing.aspx?property=22030&pricefrom=0&sort=1&alllandlords=0,0000560E,"$1,157.00 - $2,144.00",03-01-2026,06-06-2027,6 through 18,No,No,$99 OR Full Month of Rent,Grant Commons Apartments,Duplex/Town House,University District: Southeast,Above Ground,"Columbus , OH",1,"1 full, 0 half",2,No,Yes,Laundry Hookup,Yes,1,Yes,$0.00,n/a,Yes,,No,$0.00,$0.00,No,No,Central A/C,Yes,Yes,Yes,Yes,No,No,,$300,$50,$50,$50,Yes,Yes,Yes,Yes,No,No,No,Irelynn Coy,380-800-6934
1382 Highland Street Unit C3,https://offcampus.osu.edu/search-housing.aspx?property=15149&pricefrom=0&sort=1&alllandlords=0,00003B2D,"$1,165.00",8/20/2026,8/05/2027,12 Months,No,Yes,$1165,Buckeye Real Estate,Apartment,University District: Southwest,Above Ground,"Columbus , OH",2,"1 full, 0 half",3,No,No,Laundry facilities in the building,Yes,0,Yes,n/a,n/a,No,No,No,n/a,n/a,No,No,Central A/C,Yes,Yes,Yes,No,No,No,,$$250,$0,$0,$0,Yes,Yes,Yes,No,No,No,No,,
1382 Highland Street Unit C2,https://offcampus.osu.edu/search-housing.aspx?property=13388&pricefrom=0&sort=1&alllandlords=0,0000344C,"$1,165.00",8/20/2026,8/05/2027,12 Months,No,Yes,$1165,Buckeye Real Estate,Apartment,University District: Southwest,Above Ground,"Columbus, OH",2,"1 full, 0 half",3,No,No,Laundry facilities in the building,Yes,1,Yes,n/a,n/a,Yes,No,No,n/a,n/a,No,No,Central A/C,Yes,Yes,Yes,No,No,No,Microhood,$$250,$0,$0,$0,Yes,Yes,Yes,No,No,No,No,,
1382 Highland Street Unit B3,https://offcampus.osu.edu/search-housing.aspx?property=13385&pricefrom=0&sort=1&alllandlords=0,00003449,"$1,165.00",8/20/2026,8/05/2027,12 Months,No,Yes,$1165,Buckeye Real Estate,Apartment,University District: Southwest,Above Ground,"Columbus, OH",2,"1 full, 0 half",3,No,No,Laundry facilities in the building,Yes,1,Yes,n/a,n/a,Yes,No,No,n/a,n/a,No,No,Central A/C,Yes,Yes,Yes,No,No,No,Microhood,$250,$0,$0,$0,Yes,Yes,Yes,No,No,No,No,,
"2981 Olentangy River RoadColumbus, OH 43202",https://offcampus.osu.edu/search-housing.aspx?property=22035&pricefrom=0&sort=1&alllandlords=0,00005613,"$1,175.00",08-10-2026,05-24-2027,Fall Standard,No,Yes,$300-930,University Village Apartments,Apartment,Other,Ground Level,"Columbus, OH",2,"1 full, 0 half",3,No,No,Laundry facilities in the building,Yes,1,Yes,n/a,n/a,Yes,,No,n/a,n/a,No,No,Window A/C,No,Yes,Yes,No,No,No,,$300-500,$30,$30,$30,Yes,Yes,Yes,No,Yes,No,Yes,Todd Jessup,614-261-1211
"75 S. High StDublin, OH 43017",https://offcampus.osu.edu/search-housing.aspx?property=15841&pricefrom=0&sort=1&alllandlords=0,00003DE1,"$1,175.00",1/1/2026,7/15/2027,1 year,Yes,Yes,$1175,DPG Properties,Apartment,University District: Central,Above Ground,"Columbus, OH",2,"1 full, 0 half",2,No,No,Laundry facilities in the building,Yes,1,Yes,n/a,n/a,Yes,,No,n/a,n/a,No,No,Central A/C,Yes,Yes,Yes,No,No,No,"No Pets at this property, however we are pet friendly at most of our other properties. 

 New laundry facility in the building that is free to the tenants.",$0,$0,$0,$0,No,No,No,No,No,No,No,David Galbreath,614-360-8400
1355 N High St - Scarlet Townhome North High Street,https://offcampus.osu.edu/search-housing.aspx?property=21306&pricefrom=0&sort=1&alllandlords=0,0000533A,"$1,179.00 - $1,194.00",08-20-2026,07-31-2027,12-month,No,Yes,$0,VERVE Columbus,Apartment,University District: Central,Above Ground,"Columbus, OH",4,"4 full, 0 half",4,Yes,No,Laundry facilities in the unit,Yes,132,Yes,n/a,n/a,Yes,,Yes,$160,n/a,Yes,No,Central A/C,Yes,Yes,Yes,Yes,No,No,,$300,$30,$0,$0,Yes,Yes,Yes,Yes,No,No,No,,
130 West Maynard Avenue Unit-3F,https://offcampus.osu.edu/search-housing.aspx?property=13172&pricefrom=0&sort=1&alllandlords=0,00003374,"$1,180.00",8/20/2026,8/5/2027,50 weeks,No,Yes,$1180,Buckeye Real Estate,Apartment,University District: Northwest,Above Ground,"Columbus, OH",2,"1 full, 0 half",3,No,No,Laundry facilities in the building,Yes,1,Yes,n/a,n/a,Yes,No,No,n/a,n/a,No,No,Central A/C,No,Yes,Yes,No,No,No,,$$250.00,$0,$0,$0,Yes,Yes,Yes,No,Yes,No,No,,
270 East 14th Avenue,https://offcampus.osu.edu/search-housing.aspx?property=11332&pricefrom=0&sort=1&alllandlords=0,00002C44,"$1,180.00 - $1,230.00",7/27/2026,7/25/2027,350,No,No,$1 months rent,JB Properties,Apartment,University District: Central,Ground Level,"Columbus, OH",2,"1 full, 0 half",2,No,No,Laundry facilities in the unit,Yes,1,Yes,n/a,n/a,Yes,Yes,No,n/a,n/a,No,No,Central A/C,Yes,Yes,Yes,No,No,Yes,,$0,$0,$0,$0,No,No,No,No,No,No,No,,
220  East Lane Avenue Unit 3M,https://offcampus.osu.edu/search-housing.aspx?property=17874&pricefrom=0&sort=1&alllandlords=0,000045D2,"$1,190.00",08-14-2026,07-30-2027,350 Days,No,Yes,$1190,G.A.S. PROPERTIES,Apartment,University District: Northeast,Above Ground,"Columbus, OH",2,"1 full, 0 half",2,No,No,Laundry facilities in the building,Yes,48,Yes,n/a,$350,Yes,,No,n/a,n/a,No,No,Central A/C,No,Yes,Yes,No,Yes,Yes,"-Off street parking
-Security Lighting
-Smoke detectors
-Fire extinguisher
-Garbage disposal
-Bike rack",$250,$25,$0,$0,Yes,No,Yes,No,No,No,No,,
220 East Lane  Avenue Unit 3C,https://offcampus.osu.edu/search-housing.aspx?property=17839&pricefrom=0&sort=1&alllandlords=0,000045AF,"$1,190.00",08-14-2026,07-30-2027,11.5 months,No,Yes,$1190,G.A.S. PROPERTIES,Apartment,University District: Northeast,Above Ground,"Columbus, OH",2,"1 full, 0 half",3,No,No,Laundry facilities in the building,Yes,48,Yes,n/a,$250,Yes,,No,n/a,n/a,No,No,Central A/C,No,Yes,Yes,No,Yes,Yes,"-Off street parking
-Security Lighting
-Smoke detectors
-Fire extinguisher",$250,$25,$0,$25,Yes,No,Yes,No,No,No,No,,
220  East Lane  Avenue Unit 2E,https://offcampus.osu.edu/search-housing.aspx?property=17841&pricefrom=0&sort=1&alllandlords=0,000045B1,"$1,190.00",08/14/2026,07/30/2027,11.5 months,No,Yes,$1190,G.A.S. PROPERTIES,Apartment,University District: Northeast,Above Ground,"Columbus, OH",2,"1 full, 0 half",3,No,No,Laundry facilities in the building,Yes,1,Yes,n/a,$350,Yes,,No,n/a,n/a,No,No,Central A/C,No,Yes,Yes,No,Yes,Yes,"-Off street parking
-Security Lighting
-Smoke detectors
-Fire extinguisher",$250,$25,$0,$25,Yes,No,Yes,No,No,No,No,,
"PO Box 12788Columbus, OH 43212",https://offcampus.osu.edu/search-housing.aspx?property=21989&pricefrom=0&sort=1&alllandlords=0,000055E5,"$1,195.00",07/28/2026,07/12/2027,12 month,No,Yes,$1195,Peak Property Group,Apartment,University District: Central,Above Ground,"Columbus, OH",0,"1 full, 0 half",2,No,No,Laundry facilities in the unit,Yes,0,No,n/a,n/a,Yes,,No,n/a,n/a,No,No,Central A/C,Yes,Yes,Yes,No,No,No,TO SCHEDULE A SHOWING: www.peakpropertygroup.com,$250,$35,$0,$0,Yes,Yes,Yes,No,No,No,No,Chelsie Flores,614-360-2020
2355 North High Street,https://offcampus.osu.edu/search-housing.aspx?property=19662&pricefrom=0&sort=1&alllandlords=0,00004CCE,"$1,195.00",7/28/2026,07/01/2027,12 months,No,Yes,$1195,Peak Property Group,Apartment,University District: Northwest,Above Ground,"Columbus, OH",1,"1 full, 0 half",2,No,No,Laundry facilities in the unit,Yes,0,No,n/a,n/a,Yes,,No,n/a,n/a,No,No,Window A/C,Yes,Yes,Yes,No,No,No,TO SCHEDULE A SHOWING: www.peakpropertygroup.com,$250,$35,$35,$35,Yes,Yes,Yes,No,No,No,No,,
"PO Box 12788Columbus, OH 43212",https://offcampus.osu.edu/search-housing.aspx?property=21911&pricefrom=0&sort=1&alllandlords=0,00005597,"$1,195.00",02-04-2026,02-28-2027,12 months,Yes,Yes,$99.00,Peak Property Group,Apartment,Outside University District: Italian Village,Above Ground,"Columbus, OH",1,"1 full, 0 half",2,No,Yes,Laundry facilities in the unit,Yes,0,No,n/a,n/a,Yes,,No,n/a,n/a,No,Yes,Central A/C,Yes,Yes,Yes,No,No,Yes,"Located in Harrison West and just a short walk to shopping, restaurants and night life!

Key Features Include:
- Newly Updated kitchen
- Newly Updated bathroom
- Spacious living area and bedrooms
- W/D hook ups
- Ample basement storage

Professionally managed by Peak Property Group. We are proud to offer friendly professional service, 24/7 maintenance, online rent payment, online resident portals for easy communications, and of course we are pet friendly!",$250,$35,$35,$35,Yes,Yes,Yes,No,No,No,No,Chelsie Flores,614-360-2020
130 West Ninth Avenue Unit C,https://offcampus.osu.edu/search-housing.aspx?property=12205&pricefrom=0&sort=1&alllandlords=0,00002FAD,"$1,195.00",08-14-2026,07-30-2027,350 Days,No,Yes,$1195,G.A.S. PROPERTIES,Duplex/Town House,University District: Southwest,Ground Level,"Columbus, OH",2,"1 full, 0 half",3,No,No,None,Yes,2,Yes,n/a,$350,Yes,Yes,No,n/a,n/a,No,No,Central A/C,No,Yes,Yes,No,No,No,,$250,$25,$25,$25,Yes,Yes,Yes,No,No,No,No,,
2333 Neil  Avenue Unit 104,https://offcampus.osu.edu/search-housing.aspx?property=21028&pricefrom=0&sort=1&alllandlords=0,00005224,"$1,195.00",8/20/26,8/5/27,12 Months,No,Yes,$1195,Buckeye Real Estate,Apartment,University District: Southwest,Above Ground,"Columbus , OH",1,"1 full, 0 half",2,No,No,Laundry facilities in the building,Yes,1,Yes,n/a,n/a,Yes,,No,n/a,n/a,No,No,Central A/C,Yes,Yes,Yes,No,No,No,"Updated one bedroom flat with fully equipped kitchen, a/c, and ceiling fans. Off Street parking available. Laundry on site!",$250,$0,$0,$0,Yes,Yes,Yes,No,No,No,No,,
2333 Neil Avenue Unit 102,https://offcampus.osu.edu/search-housing.aspx?property=21022&pricefrom=0&sort=1&alllandlords=0,0000521E,"$1,195.00",8/20/26,8/5/27,12 months,No,Yes,$1195,Buckeye Real Estate,Apartment,University District: Northwest,Above Ground,"Columbus, OH",1,"1 full, 0 half",2,No,No,Laundry facilities in the building,Yes,1,Yes,n/a,n/a,Yes,,No,n/a,n/a,No,No,Window A/C,Yes,Yes,Yes,No,No,No,,$250,$0,$0,$0,Yes,Yes,Yes,No,Yes,No,No,,
"34 W. 9th Ave.Columbus, OH 43201",https://offcampus.osu.edu/search-housing.aspx?property=20836&pricefrom=0&sort=1&alllandlords=0,00005164,"$1,195.00",8/20/26,8/5/27,12 Months,No,No,$1195,Buckeye Real Estate,Apartment,University District: Northwest,Above Ground,"Columbus, OH",1,"1 full, 0 half",0,No,No,Laundry facilities in the building,Yes,1,Yes,n/a,n/a,No,,No,n/a,n/a,No,No,Central A/C,Yes,Yes,Yes,No,No,No,,$250.00,$0,$0,$0,Yes,Yes,Yes,No,Yes,No,No,Buckeye Real Estate,614-294-5511
106 King Avenue,https://offcampus.osu.edu/search-housing.aspx?property=10419&pricefrom=0&sort=1&alllandlords=0,000028B3,"$1,195.00",7/20,7/20,1 year lease,No,No,$1 months rent,JB Properties,Apartment,University District: Southwest,Above Ground,"Columbus, OH",2,"1 full, 0 half",3,No,No,Laundry facilities in the unit,Yes,2,Yes,n/a,n/a,Yes,No,No,n/a,n/a,No,No,Central A/C,Yes,Yes,Yes,No,No,No,,$0,$0,$0,$0,No,No,No,No,No,No,No,,
"PO Box 27Powell, OH 43065",https://offcampus.osu.edu/search-housing.aspx?property=22052&pricefrom=0&sort=1&alllandlords=0,00005624,"$1,200.00",07-01-2026,06-30-2027,1 year,No,No,$300,Kiehle Management,Duplex/Town House,University District: Northeast,Above Ground,"Columbus, OH",2,"1 full, 0 half",2,No,Yes,Laundry facilities in the unit,Yes,0,No,n/a,n/a,Yes,,No,n/a,n/a,No,No,Window A/C,No,Yes,Yes,No,No,Yes,"Original wood floors, ceiling fans, well kept-up property, quiet",$200-300,$0,$0,$0,Yes,No,Yes,Yes,Yes,No,No,Jamie Cerrienne,614-596-2296
"PO Box 27Powell, OH 43065",https://offcampus.osu.edu/search-housing.aspx?property=21612&pricefrom=0&sort=1&alllandlords=0,0000546C,"$1,200.00",08-01-2026,07-31-2027,1 year,No,No,$300,Kiehle Management,Duplex/Town House,University District: Northeast,Above Ground,"Columbus, OH",2,"1 full, 0 half",2,No,Yes,Laundry facilities in the unit,Yes,0,No,n/a,n/a,Yes,,No,n/a,n/a,No,No,None,No,Yes,Yes,No,No,Yes,"Ceiling fans, washer and dryer in full storage basement, safe and quiet area.",$200-300,$0,$0,$0,Yes,No,Yes,Yes,Yes,No,No,Jamie Cerrienne,614-596-2296
"PO Box 27Powell, OH 43065",https://offcampus.osu.edu/search-housing.aspx?property=20854&pricefrom=0&sort=1&alllandlords=0,00005176,"$1,200.00",08-01-2026,07-31-2027,12 months,No,No,$300,Kiehle Management,Duplex/Town House,University District: Northeast,Above Ground,"Columbus , OH",2,"1 full, 0 half",2,No,Yes,Laundry facilities in the unit,Yes,0,No,n/a,n/a,Yes,,No,n/a,n/a,No,No,None,No,Yes,Yes,No,No,Yes,,$200-300,$0,$0,$0,Yes,No,Yes,Yes,Yes,No,No,Jamie Cerrienne,614-596-2296
429 East 13th Avenue,https://offcampus.osu.edu/search-housing.aspx?property=19130&pricefrom=0&sort=1&alllandlords=0,00004ABA,"$1,200.00",08-15-2026,07-31-2027,12 months,No,Yes,$1200,Arch City Properties LLC,Duplex/Town House,University District: Central,Above Ground,"Columbus, OH",4,"1 full, 0 half",4,No,Yes,Laundry facilities in the unit,Yes,4,Yes,n/a,n/a,Yes,,No,n/a,n/a,No,Yes,Central A/C,Yes,Yes,Yes,No,Yes,Yes,"Centrally located apartment with FREE PARKING, close to public transit and a great value for a recently remodeled apartment.  Why pay more when everything you want is only $300 per bedroom!!",$100,$0,$30,$30,Yes,Yes,Yes,No,No,No,No,,
85 West 9th Avenue Unit 101,https://offcampus.osu.edu/search-housing.aspx?property=11358&pricefrom=0&sort=1&alllandlords=0,00002C5E,"$1,200.00 - $1,300.00",08-19-2026,07-31-2027,12 months,No,No,$1200-1300,Hometeam,Apartment,University District: Southwest,Below Ground,"Columbus, OH",2,"1 full, 0 half",2,No,No,None,Yes,0,Yes,$Ask us about our pricing,n/a,Yes,No,No,n/a,n/a,No,No,Central A/C,No,Yes,Yes,No,No,No,,$0,$0,$0,$0,Yes,Yes,Yes,No,No,No,No,,
350 East 12th Avenue Unit A1,https://offcampus.osu.edu/search-housing.aspx?property=8859&pricefrom=0&sort=1&alllandlords=0,0000229B,"$1,200.00",08-19-2026,07-31-2027,12 months,No,No,$1200,Hometeam,Apartment,University District: Central,Ground Level,"Columbus, OH",3,"1 full, 0 half",3,Yes,No,Laundry facilities in the building,Yes,0,Yes,$Ask us about our pricing,n/a,No,No,No,n/a,n/a,No,No,Central A/C,Yes,Yes,Yes,Yes,Yes,Yes,,$0,$0,$0,$0,Yes,Yes,Yes,No,No,No,No,,
320 East 17th Avenue Unit A,https://offcampus.osu.edu/search-housing.aspx?property=10346&pricefrom=0&sort=1&alllandlords=0,0000286A,"$1,200.00",08-19-2026,07-31-2027,12 months,No,No,$1200,Hometeam,Apartment,University District: Northeast,Ground Level,"Columbus, OH",2,"1 full, 0 half",2,No,No,None,Yes,2,Yes,$Ask us about our pricing,n/a,Yes,No,No,n/a,n/a,No,No,Window A/C,Yes,Yes,Yes,No,No,No,,$0,$0,$0,$0,Yes,Yes,Yes,No,No,No,No,,
293 East 15th Avenue Unit 101,https://offcampus.osu.edu/search-housing.aspx?property=6981&pricefrom=0&sort=1&alllandlords=0,00001B45,"$1,200.00 - $1,275.00",08-19-2026,07-31-2027,12 months,No,No,$1200-1275,Hometeam,Apartment,University District: Central,Ground Level,"Columbus, OH",3,"1 full, 0 half",3,No,No,None,Yes,0,Yes,$Ask us about our pricing,n/a,No,No,Yes,n/a,n/a,No,No,None,Yes,Yes,Yes,No,No,No,,$0,$0,$0,$0,Yes,Yes,Yes,No,No,No,No,,
"No Local OfficeColumbus, OH 43201",https://offcampus.osu.edu/search-housing.aspx?property=18905&pricefrom=0&sort=1&alllandlords=0,000049D9,"$1,200.00",08-15-2026,07-25-2027,11.5 Months,No,Yes,$One Month's Rent,"OSU Properties, George Kanellopoulos",Apartment,University District: Central,Above Ground,"Columbus, OH",2,"1 full, 0 half",4,No,No,Laundry facilities in the building,Yes,1,Yes,n/a,$250,No,,No,n/a,n/a,No,No,Central A/C,Yes,Yes,Yes,No,No,No,"For full listing details, including a floor plan and extensive pictures, see our website below:

https://osuproperties.com/propview.asp?cat=twobed#1927-indianola-twobed",$0,$0,$0,$0,No,No,No,No,Yes,No,No,Alek Kanellopoulos,614-546-9760
"No Local OfficeColumbus, OH 43201",https://offcampus.osu.edu/search-housing.aspx?property=11218&pricefrom=0&sort=1&alllandlords=0,00002BD2,"$1,200.00",08-15-2026,07-25-2027,11.5 Months,No,Yes,$One Month's Rent,"OSU Properties, George Kanellopoulos",Apartment,University District: Southwest,Below Ground,"Columbus, OH",2,"1 full, 0 half",4,No,No,Laundry facilities in the unit,Yes,2,Yes,n/a,$250,Yes,Yes,No,n/a,n/a,No,No,Central A/C,Yes,Yes,Yes,No,No,No,"For full listing details, including a floor plan and extensive pictures, see our website below:

https://osuproperties.com/propview.asp?cat=twobed#84-west-9th-twobed",$0,$0,$0,$0,No,No,No,No,Yes,No,No,Alek Kanellopoulos,614-546-9760
1660 North 4th Street Unit-2A,https://offcampus.osu.edu/search-housing.aspx?property=15842&pricefrom=0&sort=1&alllandlords=0,00003DE2,"$1,200.00",1/1/2026,7/15/2027,1 year,No,Yes,$1200,DPG Properties,Apartment,University District: Central,Above Ground,"Columbus, OH",2,"1 full, 0 half",2,No,No,Laundry facilities in the building,Yes,2,Yes,n/a,n/a,Yes,,No,n/a,n/a,No,No,Central A/C,Yes,Yes,Yes,No,No,No,"No Pets at this property, however we are pet friendly at most of our other properties.

New laundry facility in the building that is free to the residents of the building.",$0,$0,$0,$0,No,No,No,No,No,No,No,,
1660 North 4th Street 1B,https://offcampus.osu.edu/search-housing.aspx?property=15840&pricefrom=0&sort=1&alllandlords=0,00003DE0,"$1,200.00 - $200.00",8/1/2026,7/15/2027,1 year,No,Yes,$1200,DPG Properties,Apartment,University District: Central,Above Ground,"Columbus, OH",2,"1 full, 0 half",2,No,No,Laundry facilities in the building,Yes,2,Yes,n/a,n/a,Yes,,No,n/a,n/a,No,No,Central A/C,Yes,Yes,Yes,No,No,No,New laundry facility in the building that is free to the tenants.,$500,$50,$50,$50,Yes,Yes,Yes,No,No,No,No,,
55 West 9th Avenue Unit 1,https://offcampus.osu.edu/search-housing.aspx?property=7513&pricefrom=0&sort=1&alllandlords=0,00001D59,"$1,200.00",08-19-2026,07-31-2027,12 months,No,No,$1200,Hometeam,Apartment,University District: Southwest,Ground Level,"Columbus, OH",2,"1 full, 0 half",2,No,No,None,Yes,0,Yes,$Ask us about our pricing,n/a,Yes,No,No,n/a,n/a,No,No,Window A/C,No,Yes,Yes,No,No,Yes,,$0,$0,$0,$0,Yes,Yes,Yes,No,No,No,No,,
2135 Iuka Avenue Unit A5,https://offcampus.osu.edu/search-housing.aspx?property=15421&pricefrom=0&sort=1&alllandlords=0,00003C3D,"$1,200.00",08-19-2026,07-31-2027,12 months,No,No,$1200,Hometeam,Apartment,University District: Northeast,Ground Level,"Columbus, OH",2,"1 full, 0 half",3,No,No,Laundry facilities in the building,Yes,1,Yes,$Ask us about our pricing,n/a,Yes,No,No,n/a,n/a,No,No,Central A/C,Yes,Yes,Yes,No,No,Yes,,$0,$0,$0,$0,Yes,Yes,Yes,No,No,No,No,,
"41 E 9th AveColumbus, OH 43201",https://offcampus.osu.edu/search-housing.aspx?property=21615&pricefrom=0&sort=1&alllandlords=0&sublet=true,0000546F,"$1,650.00",1/12/2026,7/31/2026,3 months,Yes,Yes,$1200,StateHouse Highline on 9th,Apartment,University District: Southeast,Above Ground,"Columbus, OH",1,"0 full, 0 half",2,No,No,Laundry facilities in the unit,Yes,1,Yes,$100,n/a,Yes,,Yes,$100,n/a,Yes,Yes,Central A/C,Yes,Yes,Yes,Yes,No,Yes,,$0,$0,$0,$0,Yes,Yes,Yes,Yes,No,No,No,Adam Edwards,614-486-4000
198 East 16th Avenue B2,https://offcampus.osu.edu/search-housing.aspx?property=16796&pricefrom=0&sort=1&alllandlords=0,0000419C,"$1,200.00",8/9,7/31,356 Days,No,Yes,$1200,Pella Company,Apartment,University District: Central,Above Ground,"Columbus, OH",2,"1 full, 0 half",3,No,No,Laundry facilities in the building,Yes,2,Yes,n/a,$100,Yes,,No,n/a,n/a,No,No,Central A/C,Yes,Yes,Yes,No,No,No,,$0,$0,$0,$0,No,No,No,No,No,No,Yes,,
14 East 12th Avenue Unit-B,https://offcampus.osu.edu/search-housing.aspx?property=13689&pricefrom=0&sort=1&alllandlords=0,00003579,"$1,220.00",08/20/2026,08/05/2027,12 Months,No,Yes,$1220,Buckeye Real Estate,Apartment,University District: Southeast,Above Ground,"Columbus, OH",1,"1 full, 0 half",2,No,No,Laundry facilities in the unit,Yes,0,No,n/a,n/a,Yes,No,No,n/a,n/a,No,No,Central A/C,Yes,Yes,Yes,Yes,No,No,"Recently remodeled with ceiling fans!
Basic cable included.
Microhood included.",$$250,$0,$0,$0,Yes,Yes,Yes,No,Yes,No,No,,
102 West 8th Avenue Unit 104,https://offcampus.osu.edu/search-housing.aspx?property=17863&pricefrom=0&sort=1&alllandlords=0,000045C7,"$1,230.00",07-15-2026,07/30/2027,350 Days,No,Yes,$1230,G.A.S. PROPERTIES,Apartment,University District: Southwest,Above Ground,"Columbus, OH",2,"1 full, 0 half",2,No,No,Laundry facilities in the unit,Yes,1,Yes,n/a,$350,Yes,,No,n/a,n/a,No,No,Central A/C,Yes,Yes,Yes,No,Yes,No,,$250,$25,$25,$25,Yes,Yes,Yes,No,No,No,No,,
174 West 9th Avenue Unit D,https://offcampus.osu.edu/search-housing.aspx?property=13343&pricefrom=0&sort=1&alllandlords=0,0000341F,"$1,230.00",8/20/26,8/5/27,12 Months,No,Yes,$1230,Buckeye Real Estate,Duplex/Town House,University District: Southwest,Above Ground,"Columbus, OH",2,"1 full, 0 half",3,No,No,None,Yes,1,Yes,n/a,n/a,Yes,No,No,n/a,n/a,No,No,Central A/C,Yes,Yes,Yes,No,No,Yes,Microhood,$$250,$0,$0,$0,Yes,Yes,Yes,No,No,No,No,,
1694 North High Street Unit F,https://offcampus.osu.edu/search-housing.aspx?property=13681&pricefrom=0&sort=1&alllandlords=0,00003571,"$1,235.00",08/20/2026,08/05/2027,12 Months,No,Yes,$1235,Buckeye Real Estate,Apartment,University District: Southeast,Above Ground,"Columbus, OH",1,"1 full, 0 half",2,No,No,Laundry facilities in the unit,Yes,0,No,n/a,n/a,Yes,No,No,n/a,n/a,No,No,Central A/C,Yes,Yes,Yes,Yes,No,Yes,Recently remodeled with ceiling fans!,$250,$0,$0,$0,Yes,Yes,Yes,No,Yes,No,No,,
220 East Lane Avenue 1A,https://offcampus.osu.edu/search-housing.aspx?property=17864&pricefrom=0&sort=1&alllandlords=0,000045C8,"$1,240.00",08-14-2026,07-30-2027,350 Days,No,Yes,$1240,G.A.S. PROPERTIES,Apartment,University District: Northeast,Ground Level,"Columbus, OH",2,"1 full, 0 half",3,No,No,Laundry facilities in the building,Yes,48,Yes,n/a,$350,Yes,,No,n/a,n/a,No,No,Central A/C,No,Yes,Yes,No,Yes,Yes,"-Off street parking
-Security Lighting
-Smoke detectors
-Fire extinguisher
-Garbage disposal
-Bike rack",$250,$25,$25,$25,Yes,No,Yes,No,No,No,No,,
246.5 West 5th Avenue Front Unit,https://offcampus.osu.edu/search-housing.aspx?property=17617&pricefrom=0&sort=1&alllandlords=0,000044D1,"$1,245.00",07/28/2026,07/12/2027,12 months,No,Yes,$1245,Peak Property Group,Apartment,University District: Southwest,Above Ground,"Columbus, OH",1,"1 full, 0 half",2,No,No,Laundry facilities in the building,Yes,0,No,n/a,n/a,Yes,,No,n/a,n/a,No,No,None,Yes,Yes,Yes,No,No,No,TO SCHEDULE A SHOWING: www.peakpropertygroup.com,$250,$35,$35,$35,Yes,Yes,Yes,No,No,No,No,,
51 McMillen Avenue Unit B,https://offcampus.osu.edu/search-housing.aspx?property=17336&pricefrom=0&sort=1&alllandlords=0,000043B8,"$1,245.00",7/28/2026,7/12/2027,12 months,No,Yes,$1245,Peak Property Group,Apartment,University District: Southwest,Above Ground,"Columbus, OH",1,"1 full, 0 half",2,No,No,Laundry facilities in the unit,Yes,1,Yes,n/a,n/a,Yes,,No,n/a,n/a,No,No,Central A/C,No,Yes,Yes,No,No,Yes,TO SCHEDULE A SHOWING: www.peakpropertygroup.com,$250,$35,$35,$35,Yes,Yes,Yes,No,No,No,No,,
1355 N. High St. - The Italian North High Street,https://offcampus.osu.edu/search-housing.aspx?property=21564&pricefrom=0&sort=1&alllandlords=0,0000543C,"$1,249.00 - $1,264.00",08-20-2026,07-31-2027,12-month,No,Yes,$0,VERVE Columbus,Apartment,Outside University District: University View,Above Ground,"Columbus, OH",3,"3 full, 0 half",3,Yes,No,Laundry facilities in the unit,Yes,132,Yes,n/a,n/a,Yes,,Yes,$160,n/a,Yes,No,Central A/C,Yes,Yes,Yes,Yes,No,No,,$300,$30,$0,$0,Yes,Yes,Yes,Yes,No,No,No,,
"PO Box 27Powell, OH 43065",https://offcampus.osu.edu/search-housing.aspx?property=22053&pricefrom=0&sort=1&alllandlords=0,00005625,"$1,250.00",07-01-2026,06-30-2027,12 months,No,No,$300,Kiehle Management,Duplex/Town House,University District: Northeast,Above Ground,"Columbus, OH",3,"1 full, 0 half",3,No,Yes,Laundry facilities in the unit,Yes,0,No,n/a,n/a,Yes,,No,n/a,n/a,No,No,Window A/C,No,Yes,Yes,No,No,Yes,"Original wood floors, ceiling fans, updated, clean, quiet.",$200-300,$0,$0,$0,Yes,No,Yes,Yes,Yes,No,No,Jamie Cerrienne,614-596-2296
"PO Box 12788Columbus, OH 43212",https://offcampus.osu.edu/search-housing.aspx?property=21955&pricefrom=0&sort=1&alllandlords=0,000055C3,"$1,250.00",08/20/2026,07/29/2027,12 month,No,Yes,$1250,Peak Property Group,Apartment,University District: Southwest,Ground Level,"Columbus, OH",2,"1 full, 0 half",4,No,No,Laundry facilities in the unit,Yes,0,Yes,n/a,n/a,Yes,,No,n/a,n/a,No,No,Central A/C,Yes,Yes,Yes,No,No,No,,$250,$35,$0,$0,Yes,Yes,Yes,No,No,No,No,Chelsie Flores,614-360-2020
"2244 Neil AvenueColumbus, OH 43201",https://offcampus.osu.edu/search-housing.aspx?property=21823&pricefrom=0&sort=1&alllandlords=0,0000553F,"$1,250.00",08-15-2026,07-31-2027,11.5 Month lease,No,Yes,$1250,"Kohr Royer Griffith, Inc.",Apartment,University District: Northeast,Above Ground,"Columbus, OH",2,"1 full, 0 half",4,No,No,Laundry facilities in the building,Yes,1,Yes,n/a,n/a,Yes,,No,n/a,n/a,No,No,Central A/C,Yes,Yes,Yes,No,No,No,,$200,$20,$20,$0,Yes,Yes,Yes,Yes,No,No,No,Pat Steane,614-291-8000
"1731 Wren LanePowell, OH 43065",https://offcampus.osu.edu/search-housing.aspx?property=21414&pricefrom=0&sort=1&alllandlords=0,000053A6,"$1,250.00",01/12/2026,07/31/2026,6 months,Yes,No,$1000.00,W-Rental,Apartment,University District: Northeast,Above Ground,"Columbus, OH",2,"1 full, 0 half",2,No,Yes,Laundry facilities in the building,Yes,2,Yes,n/a,n/a,Yes,,No,n/a,n/a,No,Yes,Central A/C,Yes,Yes,Yes,No,Yes,Yes,"Washer and dryer in the basement shared with all tenants. No cost to tenant.
Off Street parking if you have a registered car.",$0,$0,$0,$0,No,No,No,No,No,No,No,Deborah Winningham,614-400-2886
"2244 Neil AvenueColumbus, OH 43201",https://offcampus.osu.edu/search-housing.aspx?property=7367&pricefrom=0&sort=1&alllandlords=0,00001CC7,"$1,250.00",08/15/2026,07/31/2027,11.5 months,No,Yes,$1250,"Kohr Royer Griffith, Inc.",Apartment,University District: Northwest,Above Ground,"Columbus, OH",1,"1 full, 0 half",2,No,Yes,Laundry Hookup,Yes,1,Yes,n/a,n/a,Yes,Yes,No,n/a,n/a,No,No,Central A/C,Yes,Yes,Yes,No,Yes,No,"Washer/Dryer in Unit, in the Finished basement.",$200.00,$20,$0,$20,Yes,No,Yes,Yes,No,No,No,Pat Steane,614-291-8000
1660 North 4th Street 3A,https://offcampus.osu.edu/search-housing.aspx?property=15845&pricefrom=0&sort=1&alllandlords=0,00003DE5,"$1,250.00",1/1/2026,7/15/2027,1 year,No,Yes,$1250,DPG Properties,Apartment,University District: Central,Above Ground,"Columbus, OH",2,"1 full, 0 half",2,No,No,Laundry facilities in the building,Yes,1,Yes,n/a,n/a,Yes,,No,n/a,n/a,No,No,Central A/C,Yes,Yes,Yes,No,No,No,"No Pets at this property, however we are pet friendly at most of our other properties. 

New laundry facility in the building that is free to the tenants.",$0,$0,$0,$0,No,No,No,No,No,No,No,,
"75 S. High StDublin, OH 43017",https://offcampus.osu.edu/search-housing.aspx?property=15843&pricefrom=0&sort=1&alllandlords=0,00003DE3,"$1,250.00",8/1/2026,7/15/2027,1 year,No,Yes,$1250,DPG Properties,Apartment,University District: Central,Above Ground,"Columbus, OH",2,"1 full, 0 half",2,No,No,Laundry facilities in the building,Yes,1,Yes,n/a,n/a,Yes,,No,n/a,n/a,Yes,No,Central A/C,Yes,Yes,Yes,No,No,No,"No Pets at this property, however we are pet friendly at most of our other properties. 

New laundry facility in the building that is free to the tenants.",$0,$0,$0,$0,No,No,No,No,No,No,No,David Galbreath,614-360-8400
1660 North 4th Street 3C,https://offcampus.osu.edu/search-housing.aspx?property=15847&pricefrom=0&sort=1&alllandlords=0,00003DE7,"$1,250.00",8/1/2026,7/15/2027,1 year,No,Yes,$1250,DPG Properties,Apartment,University District: Central,Above Ground,"Columbus, OH",2,"1 full, 0 half",2,No,No,Laundry facilities in the building,Yes,2,Yes,n/a,n/a,Yes,,No,n/a,n/a,Yes,No,Central A/C,Yes,Yes,Yes,No,No,No,"No Pets at this property, however we are pet friendly at most of our other properties. 

New laundry facility in the building that is free to the tenants.",$0,$0,$0,$0,No,No,No,No,No,No,No,,
"75 S. High StDublin, OH 43017",https://offcampus.osu.edu/search-housing.aspx?property=11684&pricefrom=0&sort=1&alllandlords=0,00002DA4,"$1,250.00",08-01-2026,07-15-2027,1 Year,No,Yes,$1250,DPG Properties,Apartment,University District: Northeast,Ground Level,"Columbus, OH",2,"1 full, 0 half",2,Yes,No,Laundry facilities in the unit,Yes,1,Yes,n/a,n/a,Yes,No,No,n/a,n/a,No,No,Central A/C,Yes,Yes,Yes,No,No,No,,$500,$50,$50,$50,Yes,Yes,Yes,No,No,No,No,David Galbreath,614-360-8400
198  East 16th Avenue Unit A4,https://offcampus.osu.edu/search-housing.aspx?property=16790&pricefrom=0&sort=1&alllandlords=0,00004196,"$1,250.00",8/9/2026,7/31/2027,11.5 Month,No,Yes,$1250,Pella Company,Apartment,University District: Central,Ground Level,"Columbus, OH",2,"1 full, 0 half",3,No,No,Laundry facilities in the building,Yes,2,Yes,n/a,$100,Yes,,No,$ 0,n/a,No,No,Central A/C,Yes,Yes,Yes,No,No,No,,$0,$0,$0,$0,No,No,No,No,No,No,Yes,,
198 East 16th Avenue Unit B5,https://offcampus.osu.edu/search-housing.aspx?property=16799&pricefrom=0&sort=1&alllandlords=0,0000419F,"$1,250.00",8/9/2026,7/31/2027,11.5 Months,No,Yes,$1250,Pella Company,Apartment,University District: Central,Above Ground,"Columbus, OH",2,"1 full, 0 half",3,No,No,Laundry facilities in the building,Yes,2,Yes,n/a,$100,Yes,,No,$ 0,n/a,No,No,Central A/C,Yes,Yes,Yes,No,No,No,,$0,$0,$0,$0,No,No,No,No,No,No,Yes,,
198 East 16th Avenue Unit B6,https://offcampus.osu.edu/search-housing.aspx?property=16800&pricefrom=0&sort=1&alllandlords=0,000041A0,"$1,250.00",08/09/2026,07/31/2027,11.5 Months,No,Yes,$1250,Pella Company,Apartment,University District: Central,Above Ground,"Columbus, OH",2,"1 full, 0 half",3,No,No,Laundry facilities in the building,Yes,2,Yes,n/a,$100,Yes,,No,n/a,n/a,No,No,Central A/C,Yes,Yes,Yes,No,No,No,,$0,$0,$0,$0,No,No,No,No,No,No,Yes,,
198 East 16th Avenue Unit B7,https://offcampus.osu.edu/search-housing.aspx?property=16801&pricefrom=0&sort=1&alllandlords=0,000041A1,"$1,250.00",08/09/2026,07/31/2027,11.5 Months,No,Yes,$1250,Pella Company,Apartment,University District: Central,Above Ground,"Columbus, OH",2,"1 full, 0 half",3,No,No,Laundry facilities in the building,Yes,2,Yes,n/a,$100,Yes,,No,n/a,n/a,No,No,Central A/C,Yes,Yes,Yes,No,No,No,,$0,$0,$0,$0,No,No,No,No,No,No,Yes,,
1944 Iuka Avenue Unit 6D,https://offcampus.osu.edu/search-housing.aspx?property=16560&pricefrom=0&sort=1&alllandlords=0,000040B0,"$1,250.00",08/16/2026,08/06/2027,356 Days,No,Yes,$1250,Pella Company,Apartment,University District: Central,Above Ground,"Columbus, OH",2,"1 full, 0 half",3,No,No,Laundry facilities in the building,Yes,2,Yes,n/a,$100,Yes,,No,n/a,n/a,No,No,Central A/C,No,Yes,Yes,No,No,No,,$0,$0,$0,$0,No,No,No,No,No,No,No,,
1944 Iuka Avenue Unit 1D,https://offcampus.osu.edu/search-housing.aspx?property=16554&pricefrom=0&sort=1&alllandlords=0,000040AA,"$1,250.00",08/16/2026,08/06/2027,356 Days,No,Yes,$1250,Pella Company,Apartment,University District: Central,Above Ground,"Columbus, OH",2,"1 full, 0 half",3,No,No,Laundry facilities in the building,Yes,2,Yes,n/a,$100,Yes,,No,n/a,n/a,No,No,Central A/C,No,Yes,Yes,No,No,No,,$0,$0,$0,$0,No,No,No,No,No,No,No,,
133 East Lane Avenue Unit 3D,https://offcampus.osu.edu/search-housing.aspx?property=7026&pricefrom=0&sort=1&alllandlords=0,00001B72,"$1,250.00",08/20/2026,08/05/2027,12 Months,No,No,$1250,Buckeye Real Estate,Apartment,University District: Northeast,Ground Level,"Columbus, OH",2,"1 full, 0 half",3,No,No,None,Yes,1,Yes,n/a,n/a,No,No,No,n/a,n/a,No,No,None,No,Yes,Yes,No,No,No,,$250,$0,$0,$0,Yes,Yes,Yes,No,No,No,No,,
257 East Fifteenth Avenue,https://offcampus.osu.edu/search-housing.aspx?property=10121&pricefrom=0&sort=1&alllandlords=0,00002789,"$1,250.00",08-01-2026,07-30-2027,12 mo,No,No,$1250,S&G Properties,Apartment,University District: Central,Above Ground,"Columbus, OH",2,"1 full, 0 half",2,No,No,Laundry facilities in the building,Yes,10,Yes,n/a,$700,Yes,No,No,n/a,n/a,No,No,Central A/C,No,Yes,Yes,No,No,Yes,"YOUTUBE VIDEO WALKTHROUGH BELOW!
https://youtu.be/dAQGNgRJtA0

Please Contact 614-395-2576


Mini blinds, 1 bathroom, new windows, DW, Laundry",$0,$0,$0,$0,No,No,No,No,No,No,No,,
90 East Fourteenth Avenue Unit J,https://offcampus.osu.edu/search-housing.aspx?property=17692&pricefrom=0&sort=1&alllandlords=0,0000451C,"$1,250.00",8/16/25,8/6/26,356 Days,No,Yes,$1250,Pella Company,Apartment,University District: Central,Above Ground,"Columbus, OH",2,"1 full, 0 half",3,No,No,Laundry facilities in the building,Yes,1,Yes,n/a,$100,Yes,,No,n/a,n/a,No,No,Window A/C,No,Yes,Yes,No,No,No,,$0,$0,$0,$0,No,No,No,No,No,No,No,,
188 West Patterson Avenue Unit F,https://offcampus.osu.edu/search-housing.aspx?property=16970&pricefrom=0&sort=1&alllandlords=0,0000424A,"$1,250.00","August 9th, 2025","July 31st, 2026",356 Days,No,Yes,$1250,Pella Company,Apartment,University District: Northwest,Above Ground,"Columbus, OH",2,"1 full, 0 half",3,No,No,Laundry facilities in the building,Yes,2,Yes,n/a,$100,Yes,,No,n/a,n/a,No,No,Central A/C,No,Yes,Yes,No,No,No,,$0,$0,$0,$0,No,No,No,No,No,No,No,,
180 West Patterson Avenue Unit K,https://offcampus.osu.edu/search-housing.aspx?property=16966&pricefrom=0&sort=1&alllandlords=0,00004246,"$1,250.00","August 9th, 2025","July 31st, 2026",356 Days,No,Yes,$1250,Pella Company,Apartment,University District: Northwest,Above Ground,"Columbus, OH",2,"1 full, 0 half",3,No,No,Laundry facilities in the building,Yes,2,Yes,n/a,$100,Yes,,No,$ 0,n/a,No,No,Central A/C,Yes,Yes,Yes,No,No,No,,$0,$0,$0,$0,No,No,No,No,No,No,No,,
180 West Patterson Avenue Unit A,https://offcampus.osu.edu/search-housing.aspx?property=12135&pricefrom=0&sort=1&alllandlords=0,00002F67,"$1,250.00","August 9th, 2025","July 31st, 2026",356 Days,No,Yes,$1250,Pella Company,Apartment,University District: Northwest,Ground Level,"Columbus, OH",2,"1 full, 0 half",3,No,No,Laundry facilities in the building,Yes,2,Yes,n/a,$100,No,No,No,n/a,n/a,No,No,Central A/C,Yes,Yes,Yes,No,No,No,,$0,$0,$0,$0,No,No,No,No,No,No,No,,
"1206 N. 4th StreetColumbus, OH 43201",https://offcampus.osu.edu/search-housing.aspx?property=22041&pricefrom=0&sort=1&alllandlords=0,00005619,"$1,252.00 - $2,150.00",02-18-2026,Any,6-18 Months,No,No,$$99 or Full Month Rent,Grant Commons Apartments,Duplex/Town House,University District: Southeast,Above Ground,"Columbus, OH",1,"1 full, 0 half",1,No,No,Laundry facilities in the unit,Yes,1,Yes,n/a,n/a,Yes,,No,n/a,n/a,No,No,Central A/C,Yes,Yes,Yes,No,No,No,,$300,$50,$50,$50,Yes,Yes,Yes,No,No,No,No,Irelynn Coy,380-800-6934
1694 North High Street Unit C,https://offcampus.osu.edu/search-housing.aspx?property=13678&pricefrom=0&sort=1&alllandlords=0,0000356E,"$1,255.00",8/20/2026,8/05/2027,12 Months,No,Yes,$1255,Buckeye Real Estate,Apartment,University District: Southeast,Above Ground,"Columbus, OH",1,"1 full, 0 half",2,No,No,Laundry facilities in the unit,Yes,0,No,n/a,n/a,Yes,No,No,n/a,n/a,No,No,Central A/C,Yes,Yes,Yes,Yes,No,No,Recently remodeled with ceiling fans!,$250,$0,$0,$0,Yes,Yes,Yes,No,Yes,No,No,,
"1206 N. 4th StreetColumbus, OH 43201",https://offcampus.osu.edu/search-housing.aspx?property=22029&pricefrom=0&sort=1&alllandlords=0,0000560D,"$1,256.00 - $2,309.00",03-01-2026,06-06-2027,6 through 18,No,No,$99 OR Full Month of Rent,Grant Commons Apartments,Duplex/Town House,University District: Southeast,Above Ground,"Columbus, OH",1,"1 full, 0 half",2,No,No,Laundry facilities in the unit,Yes,1,Yes,$0.00,n/a,Yes,,No,$0.00,$0.00,No,No,Central A/C,Yes,Yes,Yes,Yes,No,No,,$300,$50,$50,$50,Yes,Yes,Yes,No,No,No,No,Irelynn Coy,380-800-6934
1702 North High Street Unit B,https://offcampus.osu.edu/search-housing.aspx?property=13683&pricefrom=0&sort=1&alllandlords=0,00003573,"$1,265.00",8/20/2026,8/5/2027,50 weeks,No,Yes,$1265,Buckeye Real Estate,Apartment,University District: Southeast,Above Ground,"Columbus, OH",1,"1 full, 0 half",2,No,No,Laundry facilities in the unit,Yes,0,No,n/a,n/a,Yes,No,No,n/a,n/a,No,No,Central A/C,Yes,Yes,Yes,Yes,No,Yes,Recently remodeled with ceiling fans!,$250,$0,$0,$0,Yes,Yes,Yes,No,Yes,No,No,,
"34 W. 9th Ave.Columbus, OH 43201",https://offcampus.osu.edu/search-housing.aspx?property=21367&pricefrom=0&sort=1&alllandlords=0,00005377,"$1,270.00",08/20/26,8/05/27,50 Weeks,No,No,$1270,Buckeye Real Estate,Apartment,University District: Central,Above Ground,"Columbus, OH",0,"1 full, 0 half",0,No,No,Laundry facilities in the unit,Yes,0,Yes,n/a,n/a,No,,No,n/a,n/a,No,No,Central A/C,Yes,Yes,Yes,No,No,No,"These spacious flats are perfect for those looking for a modern and convenient living space. The kitchen is equipped with stainless steel appliances, granite countertops, and a dishwasher for easy meal prep. Enjoy the comfort of central air and heating, as well as ceiling fans for added circulation. In-unit laundry makes chores a breeze, while the rooftop terrace offers a relaxing outdoor space. Take advantage of the study lounge for work or relaxation, and grab a coffee at the Global Gallery Coffee Shop located on the premises. Don't miss out on this opportunity to rent today!

Special off street parking arrangements available through neighboring lot to student residents.",$250,$0,$0,$0,Yes,Yes,Yes,No,No,No,No,Buckeye Real Estate,614-294-5511
168 East 12th Avenue,https://offcampus.osu.edu/search-housing.aspx?property=10307&pricefrom=0&sort=1&alllandlords=0,00002843,"$1,274.00",08-19-2026,07-31-2027,12 months,No,No,$1274,Hometeam,Apartment,University District: Central,Ground Level,"Columbus, OH",2,"1 full, 0 half",2,No,No,Laundry facilities in the building,Yes,0,Yes,$Ask us about our pricing,n/a,Yes,Yes,No,n/a,n/a,No,No,Central A/C,Yes,Yes,Yes,No,No,Yes,,$0,$0,$0,$0,Yes,Yes,Yes,No,No,No,No,,
1292 Courtland Avenue,https://offcampus.osu.edu/search-housing.aspx?property=17586&pricefrom=0&sort=1&alllandlords=0,000044B2,"$1,275.00",07/28/2026,7/12/2027,12 months,No,Yes,$1275,Peak Property Group,Apartment,University District: Southeast,Above Ground,"Columbus, OH",1,"1 full, 0 half",2,No,No,Laundry facilities in the unit,Yes,1,Yes,n/a,n/a,Yes,,No,n/a,n/a,No,No,Central A/C,Yes,Yes,Yes,No,No,No,TO SCHEDULE A SHOWING: www.peakpropertygroup.com,$250,$35,$35,$35,Yes,Yes,Yes,No,No,No,No,,
1304 Courtland Avenue,https://offcampus.osu.edu/search-housing.aspx?property=19657&pricefrom=0&sort=1&alllandlords=0,00004CC9,"$1,275.00",08/01/2026,07/01/2027,12 months,No,Yes,$1275,Peak Property Group,Apartment,University District: Southeast,Above Ground,"Columbus, OH",1,"1 full, 0 half",2,No,No,Laundry facilities in the unit,Yes,1,Yes,n/a,n/a,Yes,,No,n/a,n/a,No,No,Central A/C,Yes,Yes,Yes,No,No,No,TO SCHEDULE A SHOWING:  www.peakpropertygroup.com,$250,$35,$35,$35,Yes,Yes,Yes,No,No,No,No,,
"75 S. High StDublin, OH 43017",https://offcampus.osu.edu/search-housing.aspx?property=15671&pricefrom=0&sort=1&alllandlords=0,00003D37,"$1,275.00",08/01/2026,07/15/2027,1 Year,No,Yes,$1275,DPG Properties,Apartment,University District: Northeast,Ground Level,"Columbus, OH",2,"1 full, 0 half",2,Yes,No,Laundry facilities in the unit,Yes,1,Yes,n/a,n/a,Yes,No,No,n/a,n/a,No,No,Central A/C,Yes,Yes,Yes,No,No,No,,$500,$50,$50,$50,Yes,Yes,Yes,No,No,No,No,David Galbreath,614-360-8400
"10 E. 17th Av enueColumbus, OH 43201",https://offcampus.osu.edu/search-housing.aspx?property=21782&pricefrom=0&sort=1&alllandlords=0&sublet=true,00005516,"$1,275.00",7/15/2025,6/30/2026,50 weeks,No,Yes,$First month’s rent,"NorthSteppe Realty, Inc.",Duplex/Town House,Outside University District: Clintonville,Above Ground,"Columbus , OH",2,"1 full, 0 half",2,No,Yes,Laundry facilities in the unit,Yes,0,No,n/a,n/a,Yes,,No,n/a,n/a,No,No,Central A/C,Yes,Yes,Yes,No,Yes,Yes,,$250,$25,$0,$0,Yes,Yes,Yes,No,No,No,No,NorthSteppe Realty,614-299-4110
"1206 N. 4th StreetColumbus, OH 43201",https://offcampus.osu.edu/search-housing.aspx?property=22047&pricefrom=0&sort=1&alllandlords=0,0000561F,"$1,280.00 - $1,719.00",07-09-2026,Any,6-18 Months,No,No,$$99 or Full Month Rent,Grant Commons Apartments,Duplex/Town House,University District: Southeast,Above Ground,"Columbus, OH",1,"1 full, 0 half",1,No,No,Laundry facilities in the unit,Yes,1,Yes,n/a,n/a,Yes,,No,n/a,n/a,No,No,Central A/C,Yes,Yes,Yes,No,No,No,,$300,$50,$50,$50,Yes,Yes,Yes,No,No,No,No,Irelynn Coy,380-800-6934
213 East Hudson Avenue,https://offcampus.osu.edu/search-housing.aspx?property=17595&pricefrom=0&sort=1&alllandlords=0,000044BB,"$1,285.00",8/4/2026,7/19/2027,12 months,No,Yes,$1285,Peak Property Group,Duplex/Town House,University District: Northeast,Above Ground,"Columbus, OH",2,"1 full, 0 half",3,No,Yes,Laundry Hookup,Yes,0,No,n/a,n/a,Yes,,No,n/a,n/a,No,No,Central A/C,No,Yes,Yes,No,Yes,Yes,"TO SCHEDULE A SHOWING: (380) 212-2639 or 207-215-e-hudson-st@rent.dynasty.com

WEBSITE: www.peakpropertygroup.com",$250,$35,$35,$35,Yes,Yes,Yes,No,No,No,No,,
161 West Maynard Avenue Unit 3K,https://offcampus.osu.edu/search-housing.aspx?property=13224&pricefrom=0&sort=1&alllandlords=0,000033A8,"$1,290.00",8/20/26,8/5/27,12 months,No,Yes,$1290,Buckeye Real Estate,Duplex/Town House,University District: Northwest,Above Ground,"Columbus, OH",2,"1 full, 0 half",3,Yes,No,Laundry facilities in the building,Yes,1,Yes,n/a,n/a,Yes,No,No,n/a,n/a,No,No,Central A/C,Yes,Yes,Yes,No,No,No,,$250,$0,$0,$0,Yes,Yes,Yes,No,No,No,No,,
191 Chittenden Avenue Unit D,https://offcampus.osu.edu/search-housing.aspx?property=18942&pricefrom=0&sort=1&alllandlords=0,000049FE,"$1,295.00",08/04/2026,07/19/2027,12 months,No,Yes,$1295,Peak Property Group,Apartment,University District: Central,Ground Level,"Columbus, OH",2,"1 full, 0 half",3,No,No,Laundry facilities in the unit,Yes,2,Yes,n/a,n/a,Yes,,No,n/a,n/a,No,No,Central A/C,Yes,Yes,Yes,No,No,No,TO SCHEDULE A SHOWING: (380) 212-2422 or 191-chittenden-ave@rent.dynasty.com,$250,$35,$35,$35,Yes,Yes,Yes,No,No,No,No,,
"PO Box 12788Columbus, OH 43212",https://offcampus.osu.edu/search-housing.aspx?property=22032&pricefrom=0&sort=1&alllandlords=0,00005610,"$1,295.00",3/1/2026,7/27/2026,5 months,Yes,Yes,$99,Peak Property Group,Apartment,University District: Northeast,Above Ground,"Columbus, OH",2,"1 full, 0 half",4,No,No,Laundry facilities in the unit,Yes,0,Yes,n/a,n/a,Yes,,No,n/a,n/a,No,No,Central A/C,Yes,Yes,Yes,No,No,No,,$250,$35,$0,$0,Yes,Yes,Yes,No,No,No,No,Chelsie Flores,614-360-2020
"2844 Atoll DrLewis Center, OH 43035",https://offcampus.osu.edu/search-housing.aspx?property=6813&pricefrom=0&sort=1&alllandlords=0,00001A9D,"$1,295.00 - $1,395.00",08-01-2026,07-31-2027,12 month,No,No,$SAME AS THE MONTH'S RENT,C.E. Investments,Duplex/Town House,University District: Southwest,Above Ground,"Columbus, OH",3,"1 full, 0 half",3,No,Yes,Laundry facilities in the building,Yes,0,No,n/a,n/a,Yes,No,No,n/a,n/a,No,No,Window A/C,Yes,Yes,Yes,No,Yes,Yes,"Deal directy with the owner.  24/7 maintenance.
Two remaining at this price !  Fenced private back yard, great lighting and 24/7 maintenance   Thanks!",$0,$0,$0,$0,No,No,No,No,No,No,No,Jerry Einsiedel,330-692-3200
33 West 8th Avenue Unit B,https://offcampus.osu.edu/search-housing.aspx?property=6824&pricefrom=0&sort=1&alllandlords=0,00001AA8,"$1,295.00 - $1,395.00",08-01-2026,07-31-2027,12 months,No,No,$$1295,C.E. Investments,Apartment,University District: Southwest,Above Ground,"Columbus, OH",3,"1 full, 0 half",3,No,No,Laundry facilities in the building,Yes,1,Yes,n/a,n/a,Yes,No,No,n/a,n/a,No,No,Window A/C,Yes,Yes,Yes,No,Yes,Yes,,$0,$0,$0,$0,No,No,No,No,No,No,No,,
31 West 8th Avenue Unit B,https://offcampus.osu.edu/search-housing.aspx?property=6827&pricefrom=0&sort=1&alllandlords=0,00001AAB,"$1,295.00 - $1,395.00",08-01-2026,07-31-2027,12 months,No,No,$one months rent,C.E. Investments,Apartment,University District: Southwest,Above Ground,"Columbus, OH",3,"1 full, 0 half",3,No,No,Laundry facilities in the building,Yes,1,Yes,n/a,$Free,Yes,No,No,n/a,n/a,No,No,Window A/C,Yes,Yes,Yes,No,Yes,Yes,"Close to everything, bus, Kroger, Gateway etc. Water is 30 per month.   Your best bang for the buck !   24 hr maintenance !!  Talk to residents privately !!!",$0,$0,$0,$0,No,No,No,No,No,No,No,,
67 1/2 Euclid Avenue,https://offcampus.osu.edu/search-housing.aspx?property=6815&pricefrom=0&sort=1&alllandlords=0,00001A9F,"$1,295.00 - $1,395.00",8-1-2026,07-31-2027,12 month,No,No,$Same as months rent,C.E. Investments,Duplex/Town House,University District: Southeast,Above Ground,"Columbus, OH",3,"1 full, 0 half",3,No,Yes,Laundry facilities in the building,Yes,0,No,n/a,n/a,Yes,No,No,n/a,n/a,No,No,Window A/C,Yes,Yes,Yes,No,Yes,Yes,"Apartment also includes FREE washer and dryer units in basement. 24/7 maintenance, great fenced backyard with plenty of lighting.",$0,$0,$0,$0,No,No,No,No,No,No,No,,
1513 North High Street Unit D,https://offcampus.osu.edu/search-housing.aspx?property=17540&pricefrom=0&sort=1&alllandlords=0,00004484,"$1,295.00",8/20/2026,8/05/2027,12 Months,No,Yes,$1295,Buckeye Real Estate,Apartment,University District: Southwest,Above Ground,"Columbus, OH",1,"1 full, 1 half",2,No,No,Laundry facilities in the unit,No,0,No,n/a,n/a,No,,No,n/a,n/a,No,No,Central A/C,Yes,Yes,Yes,Yes,No,No,,$250,$0,$0,$0,Yes,Yes,Yes,No,No,No,No,,
"PO Box 12788Columbus, OH 43212",https://offcampus.osu.edu/search-housing.aspx?property=21956&pricefrom=0&sort=1&alllandlords=0,000055C4,"$1,299.00",08/20/2026,07/29/2027,12 month,No,Yes,$1299,Peak Property Group,Apartment,University District: Southwest,Ground Level,"Columbus, OH",2,"1 full, 0 half",4,No,No,Laundry facilities in the unit,Yes,0,Yes,n/a,n/a,No,,No,n/a,n/a,No,No,Central A/C,Yes,Yes,Yes,No,No,No,,$250,$35,$0,$0,Yes,Yes,Yes,No,No,No,No,Chelsie Flores,614-360-2020
"PO Box 27Powell, OH 43065",https://offcampus.osu.edu/search-housing.aspx?property=20903&pricefrom=0&sort=1&alllandlords=0,000051A7,"$1,300.00",03-01-2026,07-31-2027,16 Months,No,No,$300,Kiehle Management,Duplex/Town House,University District: Northeast,Above Ground,"Columbus, OH",3,"1 full, 0 half",3,No,Yes,Laundry facilities in the building,Yes,0,No,n/a,n/a,Yes,,No,n/a,n/a,No,No,None,No,Yes,Yes,No,No,Yes,,$200-300,$0,$0,$0,No,No,Yes,Yes,Yes,No,No,Jamie Cerrienne,614-596-2296
421 East 13th Avenue,https://offcampus.osu.edu/search-housing.aspx?property=19131&pricefrom=0&sort=1&alllandlords=0,00004ABB,"$1,300.00",08-15-2026,07-31-2027,12 months,No,Yes,$1300,Arch City Properties LLC,Duplex/Town House,University District: Central,Above Ground,"Columbus, OH",4,"1 full, 0 half",4,No,Yes,Laundry facilities in the unit,Yes,4,Yes,n/a,n/a,Yes,,No,n/a,n/a,No,Yes,Central A/C,Yes,Yes,Yes,No,Yes,Yes,"Renovations include:
6’ tall privacy fence in back
Kitchen with all new appliances
3 piece bathroom
4 dedicated off street parking spots
Refinished oak hardwood floors
2nd floor laundry with washer / dryer
Covered front porch & open back deck
Lots of common areas
Storage in private basement
3 floors totaling 1,764 square feet",$100,$0,$0,$0,Yes,Yes,Yes,No,No,No,No,,
100 Chittenden Avenue,https://offcampus.osu.edu/search-housing.aspx?property=15181&pricefrom=0&sort=1&alllandlords=0,00003B4D,"$1,300.00",08-01-2026,07-30-2027,350 days,No,No,$1300,S&G Properties,Apartment,University District: Central,Above Ground,"Columbus, OH",2,"1 full, 0 half",2,No,No,Laundry facilities in the building,Yes,27,Yes,n/a,n/a,Yes,No,No,n/a,n/a,No,No,Central A/C,Yes,Yes,Yes,No,No,Yes,"www.100chit.com video, floorplan etc
$1300/$650 per person
Really a great two bedroom....
call 614-395-2576.
Modern and nice.....Full kitchen with all appliances.
Central Air
On Site Laundry",$0,$0,$0,$0,No,No,No,No,No,No,No,,
1457 Hunter Avenue,https://offcampus.osu.edu/search-housing.aspx?property=8083&pricefrom=0&sort=1&alllandlords=0,00001F93,"$1,300.00",8/15/2026,7/31/2027,11.5 month,No,Yes,$1300,"Kohr Royer Griffith, Inc.",Duplex/Town House,University District: Southwest,Ground Level,"Columbus, OH",2,"1 full, 0 half",4,No,Yes,Laundry Hookup,No,0,No,n/a,n/a,No,No,No,n/a,n/a,No,No,Central A/C,Yes,Yes,Yes,No,No,No,,$0,$0,$0,$0,No,No,No,No,No,No,No,,
1455 Hunter Avenue,https://offcampus.osu.edu/search-housing.aspx?property=7681&pricefrom=0&sort=1&alllandlords=0,00001E01,"$1,300.00",08-15-2026,07-31-2027,11.5 months,No,Yes,$1300,"Kohr Royer Griffith, Inc.",Duplex/Town House,University District: Southwest,Ground Level,"Columbus, OH",2,"1 full, 0 half",4,No,No,Laundry Hookup,Yes,0,No,n/a,n/a,Yes,No,No,n/a,n/a,No,No,Central A/C,Yes,Yes,Yes,No,No,No,Washer/Dryer,$0,$0,$0,$0,No,No,No,No,No,No,No,,
400 East 15th Avenue B2,https://offcampus.osu.edu/search-housing.aspx?property=15725&pricefrom=0&sort=1&alllandlords=0,00003D6D,"$1,300.00",08/01/2026,07/15/2027,12 months,No,Yes,$1300,DPG Properties,Duplex/Town House,University District: Central,Above Ground,"Columbus, OH",2,"1 full, 0 half",2,No,No,Laundry facilities in the unit,Yes,2,Yes,n/a,n/a,Yes,No,No,n/a,n/a,No,No,Central A/C,Yes,Yes,Yes,No,No,No,,$500,$50,$0,$0,Yes,No,No,No,No,No,No,,
390 East 15th Avenue,https://offcampus.osu.edu/search-housing.aspx?property=15663&pricefrom=0&sort=1&alllandlords=0,00003D2F,"$1,300.00",8/1/2026,07/15/2027,12 Months,No,Yes,$1300,DPG Properties,Duplex/Town House,University District: Central,Above Ground,"Columbus, OH",2,"1 full, 0 half",2,No,No,Laundry facilities in the unit,Yes,1,Yes,n/a,n/a,Yes,No,No,n/a,n/a,No,No,Central A/C,Yes,Yes,Yes,No,No,Yes,,$500,$50,$0,$0,Yes,Yes,Yes,No,No,No,No,,
42 West 8th Avenue Unit 2,https://offcampus.osu.edu/search-housing.aspx?property=7473&pricefrom=0&sort=1&alllandlords=0,00001D31,"$1,300.00",08-19-2026,07-31-2027,12 months,No,No,$1300,Hometeam,Apartment,University District: Southwest,Above Ground,"Columbus, OH",2,"1 full, 0 half",2,No,No,Laundry facilities in the unit,Yes,0,Yes,$Ask us about our pricing,n/a,Yes,No,No,n/a,n/a,No,No,None,Yes,Yes,Yes,No,No,No,,$0,$0,$0,$0,Yes,Yes,Yes,No,No,No,No,,
88 East 11th Avenue,https://offcampus.osu.edu/search-housing.aspx?property=11816&pricefrom=0&sort=1&alllandlords=0,00002E28,"$1,300.00",08-19-2026,07-31-2027,12 months,No,No,$1300,Hometeam,Apartment,University District: Southeast,Ground Level,"Columbus, OH",2,"1 full, 0 half",2,No,No,Laundry facilities in the unit,Yes,2,Yes,$Ask us about our pricing,n/a,Yes,Yes,No,n/a,n/a,No,No,Central A/C,Yes,Yes,Yes,No,No,No,,$0,$0,$0,$0,Yes,Yes,Yes,No,No,No,No,,
419 East 17th Avenue Rear,https://offcampus.osu.edu/search-housing.aspx?property=12610&pricefrom=0&sort=1&alllandlords=0,00003142,"$1,300.00",11/01/2025,07/20/2025,8.5 Months,No,No,$1300,"Dwine Properties, LLC",House,University District: Central,Above Ground,"Columbus, OH",2,"1 full, 0 half",2,No,Yes,Laundry Hookup,Yes,2,Yes,n/a,n/a,Yes,No,No,n/a,n/a,No,No,Central A/C,Yes,Yes,Yes,No,No,Yes,"Microwave, 1 Full Bath, (2) Parking spots are off-street parking and directly next house (part of the lot for house)",$0,$0,$0,$0,No,No,No,No,Yes,No,No,,
198 East 16th Avenue Unit B3,https://offcampus.osu.edu/search-housing.aspx?property=16797&pricefrom=0&sort=1&alllandlords=0,0000419D,"$1,300.00",8/9/2026,7/31/2027,11.5 Months,No,Yes,$1300,Pella Company,Duplex/Town House,University District: Central,Above Ground,"Columbus, OH",2,"1 full, 0 half",3,No,No,Laundry facilities in the building,Yes,2,Yes,n/a,$100,Yes,,No,n/a,n/a,No,No,Central A/C,Yes,Yes,Yes,No,No,No,,$0,$0,$0,$0,No,No,No,No,No,No,Yes,,
144 East Norwich Avenue,https://offcampus.osu.edu/search-housing.aspx?property=13137&pricefrom=0&sort=1&alllandlords=0,00003351,"$1,300.00 - $1,400.00",08-01-2026,07-30-2027,12 months,No,No,$1300,S&G Properties,Apartment,University District: Northwest,Above Ground,"Columbus, OH",2,"1 full, 0 half",2,No,No,Laundry facilities in the building,Yes,2,Yes,n/a,$700,Yes,No,No,n/a,n/a,No,No,Central A/C,Yes,Yes,Yes,No,No,Yes,"YOUTUBE VIDEO WALKTHROUGH BELOW!
https://youtu.be/j3CtiBxxvSE

Please Contact 614-395-1993

Central air, large, updated....parking available.
Great location....",$0,$0,$0,$0,No,No,No,No,No,No,No,,
18 West Norwich Road,https://offcampus.osu.edu/search-housing.aspx?property=14986&pricefrom=0&sort=1&alllandlords=0,00003A8A,"$1,300.00",08/24/2025,07/26/2026,"August 24, 2025- July 26, 2026",No,Yes,$1300,"Locations, Ltd",Duplex/Town House,University District: Northwest,Ground Level,"Columbus, OH",2,"1 full, 0 half",2,No,Yes,Laundry Hookup,Yes,0,No,n/a,n/a,Yes,No,No,n/a,n/a,No,No,None,Yes,Yes,Yes,No,No,Yes,https://www.osulive.com/listings/detail/27a66f88-9111-4ec3-811f-64054166decc,$500,$0,$0,$0,No,Yes,Yes,No,No,No,No,,
1545 Indianola Avenue Unit 1D,https://offcampus.osu.edu/search-housing.aspx?property=13457&pricefrom=0&sort=1&alllandlords=0,00003491,"$1,302.00 - $1,320.00",08-19-2026,07-31-2027,12 months,No,No,$1302-1320,Hometeam,Apartment,University District: Southeast,Above Ground,"Columbus, OH",3,"1 full, 0 half",3,No,No,Laundry facilities in the building,Yes,2,Yes,$Ask us about our pricing,n/a,Yes,No,No,n/a,n/a,No,No,Central A/C,Yes,Yes,Yes,No,No,No,,$0,$0,$0,$0,Yes,Yes,Yes,No,No,No,No,,
1355 N High St - The Rich North High Street,https://offcampus.osu.edu/search-housing.aspx?property=21309&pricefrom=0&sort=1&alllandlords=0,0000533D,"$1,319.00",08-20-2026,07-31-2027,12-month,No,Yes,$0,VERVE Columbus,Apartment,University District: Central,Above Ground,"Columbus, OH",2,"2 full, 0 half",2,Yes,No,Laundry facilities in the unit,Yes,132,Yes,n/a,n/a,Yes,,Yes,$160,n/a,Yes,No,Central A/C,Yes,Yes,Yes,Yes,No,No,,$300,$30,$0,$0,Yes,Yes,Yes,Yes,No,No,No,,
"PO Box 12788Columbus, OH 43212",https://offcampus.osu.edu/search-housing.aspx?property=21961&pricefrom=0&sort=1&alllandlords=0,000055C9,"$1,320.00",08/20/2026,07/29/2027,12,No,Yes,$1320,Peak Property Group,Apartment,University District: Southeast,Ground Level,"Columbus, OH",2,"1 full, 0 half",4,No,No,Laundry facilities in the unit,Yes,0,Yes,n/a,n/a,Yes,,No,n/a,n/a,No,No,Central A/C,Yes,Yes,Yes,No,No,No,"Located near the Short North Arts District and just a short walk to shopping, restaurants and night life!

Key Features Include:
- Hardwood floors
- Sky Lights
- Air conditioning
- Off-street parking available

Professionally managed by Peak Property Group. We are proud to offer friendly professional service, 24/7 maintenance, online rent payment, online resident portals for easy communications, and of course we are pet friendly!",$250,$35,$0,$0,Yes,Yes,Yes,No,No,No,No,Chelsie Flores,614-360-2020
171 West Maynard Avenue Unit 4C,https://offcampus.osu.edu/search-housing.aspx?property=13255&pricefrom=0&sort=1&alllandlords=0,000033C7,"$1,320.00",8/20/2026,8/05/2027,12 Months,No,Yes,$1320,Buckeye Real Estate,Apartment,University District: Northwest,Above Ground,"Columbus, OH",2,"1 full, 0 half",3,No,No,Laundry facilities in the unit,Yes,1,Yes,n/a,n/a,Yes,No,No,n/a,n/a,No,No,Central A/C,Yes,Yes,Yes,No,No,Yes,Microhood,$250,$0,$0,$0,Yes,Yes,Yes,No,No,No,No,,
171 West Maynard Avenue Unit 3C,https://offcampus.osu.edu/search-housing.aspx?property=13253&pricefrom=0&sort=1&alllandlords=0,000033C5,"$1,320.00",8/20/2026,8/05/2027,12 Months,No,Yes,$1320,Buckeye Real Estate,Apartment,University District: Northwest,Above Ground,"Columbus, OH",2,"1 full, 0 half",3,No,No,Laundry facilities in the unit,Yes,1,Yes,n/a,n/a,Yes,No,No,n/a,n/a,No,No,Central A/C,Yes,Yes,Yes,No,No,Yes,,$250,$0,$0,$0,Yes,Yes,Yes,No,No,No,No,,
170 West Maynard Avenue Unit 3D,https://offcampus.osu.edu/search-housing.aspx?property=13235&pricefrom=0&sort=1&alllandlords=0,000033B3,"$1,320.00",8/20/2026,8/05/2027,50 weeks,No,Yes,$1320,Buckeye Real Estate,Apartment,University District: Northwest,Above Ground,"Columbus, OH",2,"1 full, 0 half",3,No,No,Laundry facilities in the unit,Yes,1,Yes,n/a,n/a,Yes,No,No,n/a,n/a,No,No,Central A/C,Yes,Yes,Yes,No,No,Yes,Microhood,$250,$0,$0,$0,Yes,Yes,Yes,No,No,No,No,,
170 West Maynard Avenue Unit 2D,https://offcampus.osu.edu/search-housing.aspx?property=13234&pricefrom=0&sort=1&alllandlords=0,000033B2,"$1,320.00",8/20/2026,08/05/2027,12 Months,No,Yes,$1320,Buckeye Real Estate,Apartment,University District: Northwest,Above Ground,"Columbus, OH",2,"1 full, 0 half",3,No,No,Laundry facilities in the unit,Yes,1,Yes,n/a,n/a,Yes,No,No,n/a,n/a,No,No,Central A/C,Yes,Yes,Yes,No,No,Yes,,$250,$0,$0,$0,Yes,Yes,Yes,No,No,No,No,,
170 West Maynard Avenue 2C,https://offcampus.osu.edu/search-housing.aspx?property=13233&pricefrom=0&sort=1&alllandlords=0,000033B1,"$1,320.00",8/20/2026,8/05/2027,50 weeks,No,Yes,$1320,Buckeye Real Estate,Apartment,University District: Northwest,Above Ground,"Columbus, OH",2,"1 full, 0 half",3,No,No,Laundry facilities in the unit,Yes,1,Yes,n/a,n/a,Yes,No,No,n/a,n/a,No,No,Central A/C,Yes,Yes,Yes,No,No,Yes,Microhood,$250,$0,$0,$0,Yes,Yes,Yes,No,No,No,No,,
170 West Maynard Avenue Unit 2B,https://offcampus.osu.edu/search-housing.aspx?property=13232&pricefrom=0&sort=1&alllandlords=0,000033B0,"$1,320.00",08/20/2026,08/05/2027,12 Months,No,Yes,$1320,Buckeye Real Estate,Apartment,University District: Northwest,Above Ground,"Columbus, OH",2,"1 full, 0 half",3,No,No,Laundry facilities in the unit,Yes,1,Yes,n/a,n/a,Yes,No,No,n/a,n/a,No,No,Central A/C,Yes,Yes,Yes,No,No,Yes,Microhood,$250,$0,$0,$0,Yes,Yes,Yes,No,No,No,No,,
170 West Maynard Avenue Unit 2A,https://offcampus.osu.edu/search-housing.aspx?property=13231&pricefrom=0&sort=1&alllandlords=0,000033AF,"$1,320.00",08/20/2026,08/05/2027,50 Weeks,No,Yes,$1320,Buckeye Real Estate,Apartment,University District: Northwest,Above Ground,"Columbus, OH",2,"1 full, 0 half",3,No,No,Laundry facilities in the unit,Yes,1,Yes,n/a,n/a,Yes,No,No,n/a,n/a,No,No,Central A/C,Yes,Yes,Yes,No,No,Yes,"Chestnut Hill Apartments! Spacious two bedroom, one bath flat features fully renovated kitchen and bath and washer/dryer in unit! Well appointed kitchen includes dishwasher and microhood. Upper units have balconies! Off Street parking available!

Each resident may buy one permit for the open lot areas, these spaces could potentially be oversold. Optional reserved covered parking available for purchase at the beginning of the term available first come, first serve until they are sold out.

View our Leasing Procedure and a copy of our Lease Agreement at BuckeyeRealEstate.com > Future Residents > FAQs/Documents

Available Matterport tours may be from another, yet similar unit.
https://my.matterport.com/show/?m=ZcGgSaYBoJ8",$250,$0,$0,$0,Yes,Yes,Yes,No,No,No,No,,
"PO Box 12788Columbus, OH 43212",https://offcampus.osu.edu/search-housing.aspx?property=21840&pricefrom=0&sort=1&alllandlords=0,00005550,"$1,325.00",8/13/2026,7/26/2027,12 months,No,Yes,$1325,Peak Property Group,Duplex/Town House,University District: Central,Ground Level,"Columbus, OH",2,"1 full, 0 half",0,No,Yes,Laundry Hookup,Yes,0,No,n/a,n/a,Yes,,No,n/a,n/a,No,No,Central A/C,Yes,Yes,Yes,No,No,Yes,TO SCHEDULE A SHOWING: www.peakpropertygroup.com,$250,$35,$35,$35,Yes,Yes,Yes,No,No,No,No,Chelsie Flores,614-360-2020
"PO Box 12788Columbus, OH 43212",https://offcampus.osu.edu/search-housing.aspx?property=21415&pricefrom=0&sort=1&alllandlords=0,000053A7,"$1,325.00",8/13/2026,7/26/2027,12 mo.,No,Yes,$1325,Peak Property Group,Duplex/Town House,University District: Central,Ground Level,"Columbus, OH",2,"1 full, 0 half",3,No,Yes,Laundry Hookup,Yes,0,Yes,n/a,n/a,Yes,,No,n/a,n/a,No,No,Central A/C,Yes,Yes,Yes,No,No,Yes,TO SCHEDULE A SHOWING: www.peakpropertygroup.com,$250,$35,$35,$35,Yes,Yes,Yes,No,No,No,No,Chelsie Flores,614-360-2020
202 East 9th Avenue,https://offcampus.osu.edu/search-housing.aspx?property=20635&pricefrom=0&sort=1&alllandlords=0,0000509B,"$1,325.00",08/01/2026,07/01/2027,12 months,No,Yes,$1325,Peak Property Group,Duplex/Town House,University District: Central,Ground Level,"Columbus, OH",2,"1 full, 0 half",4,No,Yes,Laundry Hookup,Yes,0,No,n/a,n/a,Yes,,No,n/a,n/a,No,No,Central A/C,Yes,Yes,Yes,No,Yes,Yes,TO SCHEDULE A SHOWING: www.peakpropertygroup.com,$250,$35,$35,$35,Yes,Yes,Yes,No,No,No,No,,
1355 N. High St. - The Scioto North High Street,https://offcampus.osu.edu/search-housing.aspx?property=21565&pricefrom=0&sort=1&alllandlords=0,0000543D,"$1,329.00",08-20-2026,07-31-2027,12-month,No,Yes,$0,VERVE Columbus,Apartment,University District: Central,Above Ground,"Columbus, OH",2,"2 full, 0 half",2,Yes,No,Laundry facilities in the unit,Yes,132,Yes,n/a,n/a,Yes,,Yes,$160,n/a,Yes,No,Central A/C,Yes,Yes,Yes,Yes,No,No,,$300,$30,$0,$0,Yes,Yes,Yes,Yes,No,No,No,,
"900 Nettle DriveColumbus, OH 43221",https://offcampus.osu.edu/search-housing.aspx?property=19912&pricefrom=0&sort=1&alllandlords=0&sublet=true,00004DC8,"$1,330.00",2/1/2026,7/29/2026,7 months,No,Yes,$1330,Fisher Commons,Apartment,Other,Above Ground,"Columbus, OH",1,"1 full, 0 half",2,No,No,Laundry facilities in the unit,Yes,1,No,n/a,n/a,Yes,,No,n/a,n/a,No,No,Central A/C,Yes,Yes,Yes,No,No,No,,$N/A,$00,$40,$40,Yes,Yes,Yes,No,No,No,No,Ingrid Stevens,614-487-9008
34 East 13th Avenue E,https://offcampus.osu.edu/search-housing.aspx?property=17881&pricefrom=0&sort=1&alllandlords=0,000045D9,"$1,330.00",08-14-2026,07-30-2027,350 days,No,Yes,$1330,G.A.S. PROPERTIES,Apartment,University District: Central,Above Ground,"Columbus, OH",2,"1 full, 0 half",2,No,No,Laundry facilities in the building,Yes,2,Yes,n/a,$350,Yes,,No,n/a,n/a,No,No,Central A/C,Yes,Yes,Yes,No,No,No,,$250,$35,$35,$25,Yes,Yes,Yes,No,No,No,No,,
34 East 13th Avenue Unit B,https://offcampus.osu.edu/search-housing.aspx?property=17884&pricefrom=0&sort=1&alllandlords=0,000045DC,"$1,330.00",08-14-2026,07-30-2027,350 days,No,Yes,$1330,G.A.S. PROPERTIES,Apartment,University District: Central,Above Ground,"Columbus, OH",2,"1 full, 0 half",2,No,No,Laundry facilities in the building,Yes,2,Yes,n/a,$350,Yes,,No,n/a,n/a,No,No,Central A/C,Yes,Yes,Yes,No,No,No,"-Off street parking
-Security Lighting
-Smoke detectors
-Fire extinguisher
-Garbage disposal",$250,$25,$25,$25,Yes,Yes,Yes,No,No,No,No,,
1395 Summit Street,https://offcampus.osu.edu/search-housing.aspx?property=19770&pricefrom=0&sort=1&alllandlords=0,00004D3A,"$1,345.00",08/01/2026,07/01/2027,12 months,No,Yes,$1345,Peak Property Group,Apartment,University District: Southeast,Above Ground,"Columbus, OH",2,"1 full, 0 half",3,No,No,Laundry facilities in the unit,Yes,0,Yes,n/a,n/a,Yes,,No,n/a,n/a,No,No,Central A/C,Yes,Yes,Yes,No,No,No,"TO SCHEDULE A SHOWING: 614-360-2020/peakpropertygroup.com

WEBSITE: www.peakpropertygroup.com",$250,$35,$35,$35,Yes,Yes,Yes,No,No,No,No,,
1393 Summit Street,https://offcampus.osu.edu/search-housing.aspx?property=19485&pricefrom=0&sort=1&alllandlords=0,00004C1D,"$1,345.00",08/01/2026,07/01/2027,12 months,No,Yes,$1345,Peak Property Group,Apartment,University District: Southeast,Above Ground,"Columbus, OH",2,"1 full, 0 half",3,No,No,Laundry facilities in the unit,Yes,2,Yes,n/a,n/a,Yes,,No,n/a,n/a,No,No,Central A/C,Yes,Yes,Yes,No,No,No,"TO SCHEDULE A SHOWING: 614-360-2020/peakpropertygroup.com

WEBSITE: www.peakpropertygroup.com

View our 3D Tour Here: https://my.matterport.com/show/?m=exJSTfcBuSi",$250,$35,$35,$35,Yes,Yes,Yes,No,No,No,No,,
1372 Forsythe Avenue,https://offcampus.osu.edu/search-housing.aspx?property=12328&pricefrom=0&sort=1&alllandlords=0,00003028,"$1,345.00",7/25,7/20,12 months,No,No,$1 month rent,JB Properties,Duplex/Town House,University District: Southwest,Above Ground,"Columbus, OH",2,"1 full, 0 half",2,No,No,Laundry facilities in the unit,Yes,2,Yes,n/a,n/a,Yes,Yes,No,n/a,n/a,No,No,Central A/C,Yes,Yes,Yes,No,No,No,"washer dryer in apt, 2 off street parking spots, dishwasher and breakfast bar.",$0,$0,$0,$0,No,No,No,No,No,No,No,,
253 East 19th Avenue Unit B,https://offcampus.osu.edu/search-housing.aspx?property=21117&pricefrom=0&sort=1&alllandlords=0,0000527D,"$1,350.00",08-19-2026,07-31-2027,12 months,No,No,$1350,Hometeam,Apartment,University District: Northeast,Ground Level,"Columbus, OH",2,"1 full, 0 half",2,No,No,Laundry facilities in the unit,Yes,1,Yes,$Ask us about our pricing,n/a,Yes,,No,n/a,n/a,No,No,Central A/C,No,Yes,Yes,No,No,No,,$0,$0,$0,$0,Yes,Yes,Yes,No,No,No,No,,
253 East 19th Avenue Unit G,https://offcampus.osu.edu/search-housing.aspx?property=21118&pricefrom=0&sort=1&alllandlords=0,0000527E,"$1,350.00",08-19-2026,07-31-2027,12 months,No,No,$1350,Hometeam,Apartment,University District: Northeast,Ground Level,"Columbus, OH",2,"1 full, 0 half",2,No,No,Laundry facilities in the unit,Yes,1,Yes,$Ask us about our pricing,n/a,Yes,,No,n/a,n/a,No,No,Central A/C,No,Yes,Yes,No,No,No,,$0,$0,$0,$0,Yes,Yes,Yes,No,No,No,No,,
1470 Indianola Avenue D,https://offcampus.osu.edu/search-housing.aspx?property=9756&pricefrom=0&sort=1&alllandlords=0,0000261C,"$1,350.00",1/1/2026,7/15/2027,12 Months,No,Yes,$1350,DPG Properties,Apartment,University District: Southeast,Above Ground,"Columbus, OH",2,"1 full, 0 half",2,Yes,No,Laundry facilities in the unit,Yes,2,Yes,n/a,n/a,Yes,No,No,n/a,n/a,No,No,Central A/C,Yes,Yes,Yes,Yes,No,No,,$500,$50,$50,$50,Yes,Yes,Yes,No,No,No,No,,
1660 North 4th Street 3B,https://offcampus.osu.edu/search-housing.aspx?property=15846&pricefrom=0&sort=1&alllandlords=0,00003DE6,"$1,350.00",8/1/2026,7/15/2027,1 year,No,Yes,$1350,DPG Properties,Apartment,University District: Central,Above Ground,"Columbus, OH",2,"1 full, 0 half",2,No,No,Laundry facilities in the building,Yes,1,Yes,n/a,n/a,Yes,,No,n/a,n/a,Yes,No,Central A/C,Yes,Yes,Yes,No,No,No,"No Pets at this property, however we are pet friendly at most of our other properties.

New laundry facility in the building that is free to the tenants.",$0,$0,$0,$0,No,No,No,No,No,No,No,,
1470 Indianola Avenue A,https://offcampus.osu.edu/search-housing.aspx?property=9679&pricefrom=0&sort=1&alllandlords=0,000025CF,"$1,350.00",8/1/2026,7/15/2027,12 months,No,Yes,$1350,DPG Properties,Apartment,University District: Southeast,Ground Level,"Columbus, OH",2,"1 full, 0 half",2,No,No,Laundry facilities in the unit,Yes,1,Yes,n/a,n/a,Yes,No,No,n/a,n/a,No,No,Central A/C,Yes,Yes,Yes,No,No,No,,$500,$50,$50,$50,Yes,Yes,Yes,No,No,No,No,,
400 East 15th Avenue B3,https://offcampus.osu.edu/search-housing.aspx?property=15726&pricefrom=0&sort=1&alllandlords=0,00003D6E,"$1,350.00",1/1/2026,7/15/2027,12 months,No,Yes,$1350,DPG Properties,Duplex/Town House,University District: Central,Above Ground,"Columbus, OH",2,"1 full, 0 half",2,No,No,Laundry facilities in the unit,Yes,2,Yes,n/a,n/a,Yes,No,No,n/a,n/a,No,No,Central A/C,Yes,Yes,Yes,No,No,Yes,,$500,$50,$0,$0,Yes,Yes,Yes,No,No,No,No,,
400 East 15th Avenue Unit B1,https://offcampus.osu.edu/search-housing.aspx?property=15724&pricefrom=0&sort=1&alllandlords=0,00003D6C,"$1,350.00",08/01/2026,07/15/2027,12 months,No,Yes,$1350,DPG Properties,Duplex/Town House,University District: Central,Above Ground,"Columbus, OH",2,"1 full, 0 half",0,No,No,Laundry facilities in the unit,Yes,2,Yes,n/a,n/a,Yes,No,No,n/a,n/a,No,No,Central A/C,Yes,Yes,Yes,No,No,No,,$500,$50,$0,$0,Yes,Yes,No,No,No,No,No,,
"75 S. High StDublin, OH 43017",https://offcampus.osu.edu/search-housing.aspx?property=15662&pricefrom=0&sort=1&alllandlords=0,00003D2E,"$1,350.00",08/01/2026,07/15/2027,12 Months,No,Yes,$1350,DPG Properties,Duplex/Town House,University District: Central,Above Ground,"Columbus, OH",2,"1 full, 0 half",2,No,No,None,Yes,2,Yes,n/a,n/a,Yes,No,No,n/a,n/a,No,No,Central A/C,No,Yes,Yes,No,No,Yes,,$500,$50,$0,$0,No,No,No,No,No,No,No,David Galbreath,614-360-8400
"75 S. High StDublin, OH 43017",https://offcampus.osu.edu/search-housing.aspx?property=11997&pricefrom=0&sort=1&alllandlords=0,00002EDD,"$1,350.00",08/01/2026,07/15/2027,12 month,No,Yes,$1350,DPG Properties,Duplex/Town House,University District: Central,Above Ground,"Columbus, OH",2,"1 full, 0 half",2,No,No,Laundry facilities in the unit,Yes,1,Yes,n/a,n/a,Yes,No,No,n/a,n/a,No,No,Central A/C,Yes,Yes,Yes,No,No,Yes,,$500,$50,$0,$0,Yes,Yes,Yes,No,No,No,No,David Galbreath,614-360-8400
188 West Patterson Avenue Unit K,https://offcampus.osu.edu/search-housing.aspx?property=16973&pricefrom=0&sort=1&alllandlords=0,0000424D,"$1,350.00",08/09/2026,07/31/2027,11.5 Month,No,Yes,$1350,Pella Company,Apartment,University District: Northwest,Above Ground,"Columbus, OH",2,"1 full, 0 half",3,No,No,Laundry facilities in the building,Yes,2,Yes,n/a,$100,Yes,,No,n/a,n/a,No,No,Central A/C,Yes,Yes,Yes,No,No,No,,$0,$0,$0,$0,No,No,No,No,No,No,No,,
130 East Woodruff Avenue Unit 2A,https://offcampus.osu.edu/search-housing.aspx?property=16532&pricefrom=0&sort=1&alllandlords=0,00004094,"$1,350.00",08/16/2026,08/06/2027,356 Days,No,Yes,$1350,Pella Company,Apartment,University District: Central,Above Ground,"Columbus, OH",2,"1 full, 0 half",3,No,No,Laundry facilities in the building,Yes,1,Yes,n/a,$100,Yes,,No,n/a,n/a,No,No,Central A/C,No,Yes,Yes,No,No,No,,$0,$0,$0,$0,No,No,No,No,No,No,No,,
56 East Lane Avenue Unit B1,https://offcampus.osu.edu/search-housing.aspx?property=17659&pricefrom=0&sort=1&alllandlords=0,000044FB,"$1,350.00",08/09/2026,07/31/2027,356 Days,No,Yes,$1350,Pella Company,Duplex/Town House,University District: Northeast,Ground Level,"Columbus, OH",2,"1 full, 0 half",3,No,No,Laundry facilities in the building,Yes,2,Yes,n/a,$100,No,,No,n/a,n/a,No,No,Central A/C,Yes,Yes,Yes,No,No,No,,$0,$0,$0,$0,No,No,No,No,No,No,No,,
2233 Neil  Avenue Unit G,https://offcampus.osu.edu/search-housing.aspx?property=17339&pricefrom=0&sort=1&alllandlords=0,000043BB,"$1,350.00",08-16-2026,08-09-2027,12 Months,No,Yes,$one month's rent,"OSU Apartments & Rentals, Inc.",House,University District: Northwest,Above Ground,"Columbus, OH",3,"1 full, 0 half",3,No,No,Laundry facilities in the unit,Yes,0,No,n/a,n/a,Yes,,No,n/a,n/a,No,Yes,Window A/C,Yes,Yes,Yes,Yes,Yes,Yes,"This is a beautiful house, one block from OSU's north campus.  Nearby amenities include a park, tennis courts, and shopping.  The house also boasts two fireplaces, bay windows, and sun room.  Flooring includes:  wooden floors in the kitchen, marble floors in the bathroom, and carpeting throughout the bedrooms.   

Washer / dryer and dishwasher included. Local area network, satellite dish, high speed internet access, and security system are also available/pre-wired but not included in rent. 

This house also includes a large fenced-in backyard with picnic table.  

Permit parking area; on-street parking available.",$$0,$0,$0,$0,No,No,No,Yes,No,No,No,,
2233 Neil Avenue Unit C,https://offcampus.osu.edu/search-housing.aspx?property=20885&pricefrom=0&sort=1&alllandlords=0,00005195,"$1,350.00",08-16-2026,08-09-2027,"August 16, 2026 - August 9, 2027",No,No,$1350,"OSU Apartments & Rentals, Inc.",House,University District: Northwest,Above Ground,"Columbus, OH",3,"1 full, 0 half",3,No,No,Laundry facilities in the unit,Yes,0,No,n/a,n/a,Yes,,No,n/a,n/a,No,Yes,Central A/C,Yes,Yes,Yes,Yes,Yes,Yes,"This is a beautiful house, one block from OSU's north campus.  Nearby amenities include a park, tennis courts, and shopping.  The house also boasts two fireplaces, bay windows, and sun room.  Flooring includes:  wooden floors in the kitchen, marble floors in the bathroom, and carpeting throughout the bedrooms.   

Washer / dryer and dishwasher included. Local area network, satellite dish, high speed internet access, and security system are also available/pre-wired but not included in rent. 

This house also includes a large fenced-in backyard with picnic table.  

Permit parking area; on-street parking available.   Please call to reserve your viewing time today!",$0,$0,$0,$0,No,No,No,No,No,No,No,,
396 East Northwood Avenue,https://offcampus.osu.edu/search-housing.aspx?property=19415&pricefrom=0&sort=1&alllandlords=0,00004BD7,"$1,365.00",7/28/2026,7/12/2027,12 months,No,Yes,$1365,Peak Property Group,Duplex/Town House,University District: Northeast,Above Ground,"Columbus, OH",3,"1 full, 0 half",4,No,Yes,Laundry Hookup,Yes,0,No,n/a,n/a,Yes,,No,n/a,n/a,No,No,Central A/C,Yes,Yes,Yes,No,No,Yes,TO SCHEDULE A SHOWING: www.peakpropertygroup.com,$250,$35,$35,$35,Yes,Yes,Yes,No,No,No,No,,
133 East Lane Avenue Unit 1A,https://offcampus.osu.edu/search-housing.aspx?property=7016&pricefrom=0&sort=1&alllandlords=0,00001B68,"$1,370.00",8/20/2026,8/05/2027,12 Months,No,No,$1370,Buckeye Real Estate,Apartment,University District: Northeast,Ground Level,"Columbus, OH",2,"1 full, 0 half",3,No,No,None,Yes,1,Yes,n/a,n/a,No,No,No,n/a,n/a,No,No,None,No,Yes,Yes,No,No,No,,$250,$0,$0,$0,Yes,Yes,Yes,No,No,No,No,,
"1206 N. 4th StreetColumbus, OH 43201",https://offcampus.osu.edu/search-housing.aspx?property=22040&pricefrom=0&sort=1&alllandlords=0,00005618,"$1,375.00 - $2,052.00",02-18-2026,Any,6-18 Months,No,No,$$99 or Full Month Rent,Grant Commons Apartments,Duplex/Town House,University District: Southeast,Above Ground,"Columbus, OH",2,"1 full, 0 half",2,No,No,Laundry facilities in the unit,Yes,2,Yes,n/a,n/a,Yes,,No,n/a,n/a,No,No,Central A/C,Yes,Yes,Yes,No,No,No,,$300,$50,$50,$50,Yes,Yes,Yes,No,No,No,No,Irelynn Coy,380-800-6934
"1206 N. 4th StreetColumbus, OH 43201",https://offcampus.osu.edu/search-housing.aspx?property=22039&pricefrom=0&sort=1&alllandlords=0,00005617,"$1,375.00 - $2,052.00",02-18-2026,Any,6-18 Months,No,No,$$99 or Full Month Rent,Grant Commons Apartments,Duplex/Town House,University District: Southeast,Above Ground,"Columbus, OH",2,"1 full, 0 half",2,No,No,Laundry facilities in the unit,Yes,2,Yes,n/a,n/a,Yes,,No,n/a,n/a,No,No,Central A/C,Yes,Yes,Yes,Yes,No,No,,$300,$50,$50,$50,Yes,Yes,Yes,No,No,No,No,Irelynn Coy,380-800-6934
"1206 N. 4th StreetColumbus, OH 43201",https://offcampus.osu.edu/search-housing.aspx?property=22038&pricefrom=0&sort=1&alllandlords=0,00005616,"$1,375.00 - $2,052.00",02-18-2026,Any,6-18 Months,No,No,$$99 or Full Month Rent,Grant Commons Apartments,Duplex/Town House,University District: Southwest,Above Ground,"Columbus, OH",2,"1 full, 0 half",4,No,No,Laundry facilities in the unit,Yes,2,Yes,n/a,n/a,Yes,,No,n/a,n/a,No,No,Central A/C,Yes,Yes,Yes,Yes,No,No,,$300,$50,$50,$50,Yes,Yes,Yes,No,No,No,No,Irelynn Coy,380-800-6934
1533 Worthington Street,https://offcampus.osu.edu/search-housing.aspx?property=13396&pricefrom=0&sort=1&alllandlords=0,00003454,"$1,380.00",8/20/26,8/5/27,50 weeks,No,Yes,$1380,Buckeye Real Estate,Duplex/Town House,University District: Southwest,Above Ground,"Columbus, OH",2,"2 full, 0 half",2,No,No,Laundry facilities in the building,Yes,2,Yes,n/a,n/a,Yes,No,No,n/a,n/a,No,No,Central A/C,Yes,Yes,Yes,No,No,No,Microhood,$$250,$0,$0,$0,Yes,Yes,Yes,No,No,No,No,,
1531 Worthington Street,https://offcampus.osu.edu/search-housing.aspx?property=13395&pricefrom=0&sort=1&alllandlords=0,00003453,"$1,380.00",8/20/26,8/5/27,50 weeks,No,Yes,$1380,Buckeye Real Estate,Duplex/Town House,University District: Southwest,Above Ground,"Columbus, OH",2,"2 full, 0 half",2,No,No,Laundry facilities in the building,Yes,2,Yes,n/a,n/a,Yes,No,No,n/a,n/a,No,No,Central A/C,Yes,Yes,Yes,No,No,No,Microhood,$$250,$0,$0,$0,Yes,Yes,Yes,No,No,No,No,,
1529 Worthington Street,https://offcampus.osu.edu/search-housing.aspx?property=13392&pricefrom=0&sort=1&alllandlords=0,00003450,"$1,380.00",8/20/26,8/5/27,50 Weeks,No,Yes,$1380,Buckeye Real Estate,Duplex/Town House,University District: Southwest,Above Ground,"Columbus, OH",2,"2 full, 0 half",2,No,No,Laundry facilities in the building,Yes,2,Yes,n/a,n/a,Yes,No,No,n/a,n/a,No,No,Central A/C,Yes,Yes,Yes,No,No,No,Microhood,$$250,$0,$0,$0,Yes,Yes,Yes,No,No,No,No,,
1525 Worthington Street,https://offcampus.osu.edu/search-housing.aspx?property=13389&pricefrom=0&sort=1&alllandlords=0,0000344D,"$1,380.00",8/20/26,8/5/27,50 weeks,No,Yes,$1380,Buckeye Real Estate,Duplex/Town House,University District: Southwest,Above Ground,"Columbus, OH",2,"2 full, 0 half",2,No,No,Laundry facilities in the building,Yes,2,Yes,n/a,n/a,Yes,No,No,n/a,n/a,No,No,Central A/C,Yes,Yes,Yes,No,No,No,Microhood,$$250,$0,$0,$0,Yes,Yes,Yes,No,No,No,No,,
1523 Worthington Street,https://offcampus.osu.edu/search-housing.aspx?property=13387&pricefrom=0&sort=1&alllandlords=0,0000344B,"$1,380.00",8/20/26,8/5/27,50 weeks,No,Yes,$1380,Buckeye Real Estate,Duplex/Town House,University District: Southwest,Above Ground,"Columbus, OH",2,"2 full, 0 half",2,No,No,Laundry facilities in the building,Yes,2,Yes,n/a,n/a,Yes,No,No,n/a,n/a,No,No,Central A/C,Yes,Yes,Yes,No,No,No,,$$250,$0,$0,$0,Yes,Yes,Yes,No,No,No,No,,
1541 Worthington Street,https://offcampus.osu.edu/search-housing.aspx?property=13399&pricefrom=0&sort=1&alllandlords=0,00003457,"$1,380.00",08/20/2026,08/05/2027,50 weeks,No,Yes,$1380,Buckeye Real Estate,Duplex/Town House,University District: Southwest,Above Ground,"Columbus, OH",2,"2 full, 0 half",2,No,No,Laundry facilities in the building,Yes,2,Yes,n/a,n/a,Yes,No,No,n/a,n/a,No,No,Central A/C,Yes,Yes,Yes,No,No,No,,$$250,$0,$0,$0,Yes,Yes,Yes,No,No,No,No,,
1537 Worthington Street,https://offcampus.osu.edu/search-housing.aspx?property=13397&pricefrom=0&sort=1&alllandlords=0,00003455,"$1,380.00",08/20/2026,08/05/2027,50 weeks,No,Yes,$1380,Buckeye Real Estate,Duplex/Town House,University District: Southwest,Above Ground,"Columbus, OH",2,"2 full, 0 half",2,No,No,Laundry facilities in the building,Yes,2,Yes,n/a,n/a,Yes,No,No,n/a,n/a,No,No,Central A/C,Yes,Yes,Yes,No,No,No,Microhood,$$250,$0,$0,$0,Yes,Yes,Yes,No,No,No,No,,
2304 1/2 North High Street,https://offcampus.osu.edu/search-housing.aspx?property=9673&pricefrom=0&sort=1&alllandlords=0,000025C9,"$1,385.00",8/20/2026,8/05/2027,12 months,No,Yes,$1385,Buckeye Real Estate,Apartment,University District: Northeast,Above Ground,"Columbus, OH",2,"1 full, 0 half",3,No,Yes,Laundry facilities in the building,Yes,2,Yes,$45,n/a,Yes,Yes,No,n/a,n/a,No,No,Window A/C,No,Yes,Yes,No,No,No,,$250,$0,$0,$0,Yes,Yes,Yes,No,No,No,No,,
1531 Neil Avenue Unit C,https://offcampus.osu.edu/search-housing.aspx?property=16015&pricefrom=0&sort=1&alllandlords=0,00003E8F,"$1,390.00 - $1,440.00",8/01/26,7/20/2027,1 year,No,No,$1390-1440,Wolf Properties Apartments LLC,Apartment,University District: Southwest,Above Ground,"Columbus, OH",2,"1 full, 0 half",2,No,No,Laundry facilities in the building,Yes,1,Yes,n/a,n/a,Yes,,No,n/a,n/a,No,No,Central A/C,Yes,Yes,Yes,No,No,Yes,We will issue 1 permit to park in the Lot at NO additional charge.  We will also reimburse Tenant for the cost of 1 on-street parking permit for each Unit to compliment the 1 off-street parking space that is included with each Unit. The unit has a nice large deck overlooking Neil Ave.,$200,$30,$0,$30,Yes,No,Yes,Yes,No,No,No,,
"PO Box 12788Columbus, OH 43212",https://offcampus.osu.edu/search-housing.aspx?property=21357&pricefrom=0&sort=1&alllandlords=0,0000536D,"$1,395.00",02/20/2026,7/01/26,5 months,Yes,Yes,$99,Peak Property Group,Apartment,University District: Central,Above Ground,"Columbus, OH",3,"2 full, 0 half",4,No,No,Laundry facilities in the unit,Yes,0,No,n/a,n/a,Yes,,No,n/a,n/a,No,No,Central A/C,Yes,Yes,Yes,No,No,No,TO SCHEDULE A SHOWING: www.peakpropertygroup.com,$250,$35,$35,$35,Yes,Yes,Yes,No,No,No,No,Chelsie Flores,614-360-2020
1332 Courtland Avenue,https://offcampus.osu.edu/search-housing.aspx?property=18563&pricefrom=0&sort=1&alllandlords=0,00004883,"$1,395.00",08/4/2026,7/19/2027,12 months,No,Yes,$1395,Peak Property Group,Apartment,University District: Southeast,Above Ground,"Columbus, OH",2,"1 full, 0 half",4,No,No,Laundry facilities in the unit,Yes,1,Yes,n/a,n/a,Yes,,No,n/a,n/a,No,No,Central A/C,Yes,Yes,Yes,No,No,No,TO SCHEDULE A SHOWING:  www.peakpropertygroup.com,$250,$35,$35,$35,Yes,Yes,Yes,No,No,No,No,,
"PO Box 12788Columbus, OH 43212",https://offcampus.osu.edu/search-housing.aspx?property=21438&pricefrom=0&sort=1&alllandlords=0,000053BE,"$1,395.00",2/1/2026,2/1/2027,12,No,Yes,$99.00,Peak Property Group,Duplex/Town House,Outside University District: Victorian Village,Above Ground,"Columbus, OH",2,"1 full, 0 half",3,No,Yes,Laundry Hookup,Yes,0,No,n/a,n/a,Yes,,No,n/a,n/a,No,No,Central A/C,Yes,Yes,Yes,No,No,Yes,TO SCHEDULE A SHOWING: www.peakpropertygroup.com,$250.00,$35,$35,$35,Yes,Yes,Yes,No,No,No,No,Chelsie Flores,614-360-2020
250 Chittenden Avenue Unit-2,https://offcampus.osu.edu/search-housing.aspx?property=20484&pricefrom=0&sort=1&alllandlords=0,00005004,"$1,395.00",08/01/2026,07/01/2027,12 months,No,Yes,$99,Peak Property Group,Apartment,University District: Central,Above Ground,"Columbus, OH",2,"1 full, 0 half",3,No,No,Laundry facilities in the unit,Yes,2,Yes,$$95/spot; $150/stall,n/a,Yes,,No,n/a,n/a,No,No,Central A/C,Yes,Yes,Yes,No,No,No,TO SCHEDULE A SHOWING: 614-360-2020/peakpropertygroup.com,$250,$35,$35,$35,Yes,Yes,Yes,No,No,No,No,,
24 Chittenden Avenue B,https://offcampus.osu.edu/search-housing.aspx?property=14597&pricefrom=0&sort=1&alllandlords=0,00003905,"$1,395.00",1/15/2026,7/26/2026,6 months,Yes,Yes,$1395,Peak Property Group,Apartment,University District: Central,Above Ground,"Columbus, OH",5,"2 full, 0 half",6,No,No,Laundry facilities in the unit,Yes,0,No,$95.00,n/a,Yes,No,No,n/a,n/a,No,No,Central A/C,Yes,Yes,Yes,No,No,Yes,"TO SCHEDULE A SHOWING: 614-360-2020 peakpropertygroup.com 

Close-by parking available for an additional charge!",$250,$35,$35,$35,Yes,Yes,Yes,No,No,No,No,,
380 East Chittenden Avenue,https://offcampus.osu.edu/search-housing.aspx?property=14600&pricefrom=0&sort=1&alllandlords=0,00003908,"$1,400.00",08-15-2026,07-31-2027,12,No,No,$1400,Arch City Properties LLC,Duplex/Town House,University District: Central,Above Ground,"Columbus, OH",3,"2 full, 0 half",3,No,Yes,Laundry facilities in the unit,Yes,3,Yes,n/a,n/a,Yes,No,No,n/a,n/a,No,Yes,Central A/C,No,Yes,Yes,Yes,Yes,Yes,"The 1st floor includes 2 common living areas along with the kitchen and a full bathroom.  The 3 bedrooms are located on the 2nd floor and each has a big closet.  Another full bathroom is also on this floor.  The onsite Laundry facility is in the basement.  Behind the house you will enjoy green space along with dedicated off street parking spaces.

Please visit http://archcityproperties.weebly.com to schedule a showing and view the lease.",$100,$30,$30,$30,Yes,Yes,Yes,No,No,No,No,,
"No Local OfficeColumbus, OH 43201",https://offcampus.osu.edu/search-housing.aspx?property=18872&pricefrom=0&sort=1&alllandlords=0,000049B8,"$1,400.00",08-15-2026,07-25-2027,11.5 Months,No,Yes,$One Month's Rent,"OSU Properties, George Kanellopoulos",Apartment,University District: Northwest,Above Ground,"Columbus, OH",2,"1 full, 0 half",4,No,No,Laundry facilities in the building,Yes,2,Yes,n/a,$250,No,,No,n/a,n/a,No,No,Central A/C,Yes,Yes,Yes,No,No,No,"For full listing details, including a floor plan and extensive pictures, see our website below:

https://osuproperties.com/propview.asp?cat=twobed#164-west-oakland-twobed",$0,$0,$0,$0,No,No,No,No,Yes,No,No,Alek Kanellopoulos,614-546-9760
"No Local OfficeColumbus, OH 43201",https://offcampus.osu.edu/search-housing.aspx?property=15601&pricefrom=0&sort=1&alllandlords=0,00003CF1,"$1,400.00",08-15-2026,07-25-2027,11.5 Months,No,Yes,$One Month's Rent,"OSU Properties, George Kanellopoulos",Apartment,University District: Northwest,Above Ground,"Columbus, OH",2,"1 full, 0 half",4,No,No,Laundry facilities in the building,Yes,2,Yes,n/a,$250,No,No,No,n/a,n/a,No,No,Central A/C,Yes,Yes,Yes,No,No,No,"For full listing details, including a floor plan and extensive pictures, see our website:

https://osuproperties.com/propview.asp?cat=twobed#164-west-oakland-twobed",$0,$0,$0,$0,No,No,No,No,Yes,No,No,Alek Kanellopoulos,614-546-9760
"No Local OfficeColumbus, OH 43201",https://offcampus.osu.edu/search-housing.aspx?property=15597&pricefrom=0&sort=1&alllandlords=0,00003CED,"$1,400.00 - $700.00",08-15-2026,07-25-2027,11.5 Months,No,Yes,$One Month's Rent,"OSU Properties, George Kanellopoulos",Apartment,University District: Northwest,Above Ground,"Columbus, OH",2,"1 full, 0 half",4,No,No,Laundry facilities in the building,Yes,2,Yes,n/a,$250,No,No,No,n/a,n/a,No,No,Central A/C,Yes,Yes,Yes,No,No,No,"For full listing details, including a floor plan and extensive pictures, see our website:

https://osuproperties.com/propview.asp?cat=twobed#164-west-oakland-twobed",$0,$0,$0,$0,No,No,No,No,Yes,No,No,Alek Kanellopoulos,614-546-9760
2344 Neil  Avenue,https://offcampus.osu.edu/search-housing.aspx?property=10766&pricefrom=0&sort=1&alllandlords=0,00002A0E,"$1,400.00",8/15/2026,7/31/2027,11.5 Month lease,No,Yes,$1400,"Kohr Royer Griffith, Inc.",Apartment,University District: Northwest,Above Ground,"Columbus, OH",2,"1 full, 0 half",2,No,Yes,Laundry Hookup,Yes,1,Yes,n/a,n/a,Yes,Yes,No,n/a,n/a,No,No,Central A/C,Yes,Yes,Yes,No,No,Yes,,$200,$20,$20,$0,Yes,Yes,Yes,Yes,No,No,No,,
"75 S. High StDublin, OH 43017",https://offcampus.osu.edu/search-housing.aspx?property=15668&pricefrom=0&sort=1&alllandlords=0,00003D34,"$1,400.00",02-06-2026,7/15/2026,1 year,Yes,Yes,$1400,DPG Properties,Duplex/Town House,University District: Northeast,Above Ground,"Columbus, OH",2,"1 full, 0 half",4,No,Yes,Laundry facilities in the unit,Yes,0,No,n/a,n/a,Yes,No,No,n/a,n/a,No,Yes,Central A/C,Yes,Yes,Yes,No,No,Yes,,$500,$50,$50,$50,Yes,Yes,Yes,No,No,No,No,David Galbreath,614-360-8400
"P.O. Box 20467Columbus, OH 43220",https://offcampus.osu.edu/search-housing.aspx?property=16479&pricefrom=0&sort=1&alllandlords=0,0000405F,"$1,400.00",08-01-2026,07-30-2027,350 days,No,No,$1400,S&G Properties,Apartment,University District: Central,Above Ground,"Columbus, OH",2,"1 full, 0 half",3,No,No,Laundry facilities in the building,Yes,25,Yes,n/a,$700,Yes,,No,n/a,n/a,No,No,Central A/C,Yes,Yes,Yes,No,No,No,"New Website  www.65east18th.com

Brand new Granite kitchens.  Great Central campus location.  This secure building is 150 feet behind McDonalds.  We have secure coded entry locks, AC, and large living areas.  2 & 3 bedroom apartments available.  Text or call to show-614-395-2576.",$0,$0,$0,$0,No,No,No,No,No,No,No,Phil Crawford,614-395-1993
423 East 13th Avenue,https://offcampus.osu.edu/search-housing.aspx?property=17727&pricefrom=0&sort=1&alllandlords=0,0000453F,"$1,400.00",08-15-2026,07-31-2027,12 Months,No,Yes,$1400,Arch City Properties LLC,Duplex/Town House,University District: Central,Above Ground,"Columbus, OH",4,"1 full, 0 half",4,No,Yes,Laundry facilities in the unit,Yes,4,Yes,n/a,n/a,Yes,,No,n/a,n/a,No,Yes,Central A/C,Yes,Yes,Yes,No,Yes,Yes,"A front porch welcomes you and the 1st floor includes 2 common living areas along with the kitchen and pantry. There are 2 bedrooms on the 2nd level along with the full bathroom and laundry room. The 3rd level has another 2 bedrooms along with another common area. Just outside the back door you will find dedicated off-street parking, enough room for 4 cars. 

Please visit http://archcityproperties.weebly.com to schedule a showing and view the lease.",$100,$30,$0,$0,Yes,Yes,Yes,No,No,No,No,,
"1816 N. High StreetColumbus, OH 43201",https://offcampus.osu.edu/search-housing.aspx?property=21948&pricefrom=0&sort=1&alllandlords=0,000055BC,"$1,400.00",08/16/2026,08/06/2027,356 Days,No,Yes,$1400,Pella Company,Apartment,University District: Northwest,Above Ground,"COLUMBUS, OH",1,"1 full, 0 half",2,No,No,Laundry facilities in the unit,Yes,1,Yes,n/a,n/a,Yes,,Yes,n/a,n/a,No,No,Central A/C,Yes,Yes,Yes,No,No,No,,$0,$0,$0,$0,No,No,No,No,No,No,No,George Ypsilantis,614-291-2002
"1816 N. High StreetColumbus, OH 43201",https://offcampus.osu.edu/search-housing.aspx?property=21947&pricefrom=0&sort=1&alllandlords=0,000055BB,"$1,400.00",08/16/2026,08/06/2027,356 Days,No,Yes,$1400,Pella Company,Apartment,University District: Northwest,Above Ground,"COLUMBUS, OH",1,"1 full, 0 half",2,No,No,Laundry facilities in the unit,Yes,1,Yes,n/a,n/a,Yes,,Yes,n/a,n/a,No,No,Central A/C,Yes,Yes,Yes,No,No,No,,$0,$0,$0,$0,No,No,No,No,No,No,No,George Ypsilantis,614-291-2002
"1816 N. High StreetColumbus, OH 43201",https://offcampus.osu.edu/search-housing.aspx?property=21946&pricefrom=0&sort=1&alllandlords=0,000055BA,"$1,400.00",08/16/2026,08/06/2027,356 Days,No,No,$1400,Pella Company,Apartment,University District: Northwest,Above Ground,"COLUMBUS, OH",1,"1 full, 0 half",2,No,No,Laundry facilities in the unit,Yes,1,Yes,n/a,n/a,Yes,,Yes,n/a,n/a,No,No,Central A/C,Yes,Yes,Yes,No,No,No,,$0,$0,$0,$0,No,No,No,No,No,No,No,George Ypsilantis,614-291-2002
100 West Oakland Avenue Unit 2E,https://offcampus.osu.edu/search-housing.aspx?property=17010&pricefrom=0&sort=1&alllandlords=0,00004272,"$1,400.00",08/16/2026,08/06/2027,356 days,No,Yes,$1400,Pella Company,Apartment,University District: Northwest,Above Ground,"Columbus, OH",1,"1 full, 0 half",2,No,No,Laundry facilities in the unit,Yes,1,Yes,n/a,n/a,Yes,,Yes,n/a,n/a,No,No,Central A/C,Yes,Yes,Yes,No,No,No,,$0,$0,$0,$0,No,No,No,No,No,No,No,,
100 West Oakland Avenue Unit 2D,https://offcampus.osu.edu/search-housing.aspx?property=17009&pricefrom=0&sort=1&alllandlords=0,00004271,"$1,400.00",08/16/2026,08/06/2027,356 Days,No,Yes,$1400,Pella Company,Apartment,University District: Northwest,Above Ground,"Columbus, OH",1,"1 full, 0 half",2,No,No,Laundry facilities in the unit,Yes,1,Yes,n/a,n/a,Yes,,Yes,n/a,n/a,No,No,Central A/C,Yes,Yes,Yes,No,No,No,,$0,$0,$0,$0,No,No,No,No,No,No,No,,
100 West Oakland Avenue Unit 2C,https://offcampus.osu.edu/search-housing.aspx?property=17008&pricefrom=0&sort=1&alllandlords=0,00004270,"$1,400.00",08/16/2026,08/06/2027,356 Days,No,Yes,$1400,Pella Company,Apartment,University District: Northwest,Above Ground,"Columbus, OH",1,"1 full, 0 half",2,No,No,Laundry facilities in the unit,Yes,1,Yes,n/a,n/a,Yes,,Yes,n/a,n/a,No,No,Central A/C,Yes,Yes,Yes,No,No,No,,$0,$0,$0,$0,No,No,No,No,No,No,No,,
100 West Oakland Avenue Unit 2B,https://offcampus.osu.edu/search-housing.aspx?property=16858&pricefrom=0&sort=1&alllandlords=0,000041DA,"$1,400.00",08/16/2026,08/06/2027,356 Days,No,Yes,$1400,Pella Company,Apartment,University District: Northwest,Above Ground,"Columbus, OH",1,"1 full, 0 half",2,No,No,Laundry facilities in the unit,Yes,1,Yes,n/a,n/a,Yes,,Yes,n/a,n/a,No,No,Central A/C,Yes,Yes,Yes,No,No,No,,$0,$0,$0,$0,No,No,No,No,No,No,No,,
100 West Oakland Avenue Unit 1H,https://offcampus.osu.edu/search-housing.aspx?property=16499&pricefrom=0&sort=1&alllandlords=0,00004073,"$1,400.00",08/16/2026,08/06/2027,356 Days,No,Yes,$1400,Pella Company,Apartment,University District: Northwest,Ground Level,"Columbus, OH",1,"1 full, 0 half",2,No,No,Laundry facilities in the unit,Yes,1,Yes,n/a,n/a,Yes,,Yes,n/a,n/a,No,No,Central A/C,Yes,Yes,Yes,No,No,No,,$0,$0,$0,$0,No,No,No,No,No,No,No,,
100 West Oakland Avenue Unit 1G,https://offcampus.osu.edu/search-housing.aspx?property=16497&pricefrom=0&sort=1&alllandlords=0,00004071,"$1,400.00",08/16/2026,08/06/2027,356 Days,No,Yes,$1400,Pella Company,Apartment,University District: Northwest,Ground Level,"Columbus, OH",1,"1 full, 0 half",2,No,No,Laundry facilities in the unit,Yes,1,Yes,n/a,n/a,Yes,,Yes,n/a,n/a,No,No,Central A/C,Yes,Yes,Yes,No,No,No,,$0,$0,$0,$0,No,No,No,No,No,No,No,,
100 West Oakland Avenue Unit 1F,https://offcampus.osu.edu/search-housing.aspx?property=16496&pricefrom=0&sort=1&alllandlords=0,00004070,"$1,400.00",08/16/2026,08/06/2027,356 Days,No,Yes,$1400,Pella Company,Apartment,University District: Northwest,Ground Level,"Columbus, OH",1,"1 full, 0 half",2,No,No,Laundry facilities in the unit,Yes,1,Yes,n/a,n/a,Yes,,Yes,n/a,n/a,No,No,Central A/C,Yes,Yes,Yes,No,No,No,,$0,$0,$0,$0,No,No,No,No,No,No,No,,
100 West Oakland Avenue Unit 1E,https://offcampus.osu.edu/search-housing.aspx?property=16495&pricefrom=0&sort=1&alllandlords=0,0000406F,"$1,400.00",08/16/2026,08/06/2027,356 Days,No,Yes,$1400,Pella Company,Apartment,University District: Northwest,Ground Level,"Columbus, OH",1,"1 full, 0 half",2,No,No,Laundry facilities in the unit,Yes,1,Yes,n/a,n/a,Yes,,Yes,n/a,n/a,No,No,Central A/C,Yes,Yes,Yes,No,No,No,,$0,$0,$0,$0,No,No,No,No,No,No,No,,
100 West Oakland Avenue Unit 1D,https://offcampus.osu.edu/search-housing.aspx?property=11161&pricefrom=0&sort=1&alllandlords=0,00002B99,"$1,400.00",08/16/2026,08/06/2027,356 Days,No,Yes,$1400,Pella Company,Apartment,University District: Northwest,Ground Level,"COLUMBUS, OH",1,"1 full, 0 half",2,No,No,Laundry facilities in the unit,Yes,1,Yes,n/a,n/a,No,No,Yes,n/a,n/a,No,No,Central A/C,Yes,Yes,Yes,No,No,No,,$0,$0,$0,$0,No,No,No,No,No,No,No,,
100 West Oakland Avenue Unit 1C,https://offcampus.osu.edu/search-housing.aspx?property=17011&pricefrom=0&sort=1&alllandlords=0,00004273,"$1,400.00",08/16/2026,08/06/2027,356 Days,No,Yes,$1400,Pella Company,Apartment,University District: Northwest,Ground Level,"Columbus, OH",1,"1 full, 0 half",2,No,No,Laundry facilities in the unit,Yes,1,Yes,n/a,n/a,Yes,,Yes,n/a,n/a,No,No,Central A/C,Yes,Yes,Yes,No,No,No,,$0,$0,$0,$0,No,No,No,No,No,No,No,,
"75 S. High StDublin, OH 43017",https://offcampus.osu.edu/search-housing.aspx?property=15667&pricefrom=0&sort=1&alllandlords=0,00003D33,"$1,400.00",01-01-2026,7/15/2025,1 year,Yes,Yes,$1400,DPG Properties,Duplex/Town House,University District: Northeast,Above Ground,"Columbus, OH",2,"1 full, 0 half",4,No,Yes,Laundry facilities in the unit,Yes,0,No,n/a,n/a,Yes,No,No,n/a,n/a,No,Yes,Central A/C,Yes,Yes,Yes,No,No,Yes,,$500,$50,$50,$50,Yes,Yes,Yes,No,No,No,No,David Galbreath,614-360-8400
"2244 Neil AvenueColumbus, OH 43201",https://offcampus.osu.edu/search-housing.aspx?property=9355&pricefrom=0&sort=1&alllandlords=0,0000248B,"$1,400.00",08/15/2026,07/31/2027,11.5 months,No,Yes,$1400,"Kohr Royer Griffith, Inc.",Duplex/Town House,University District: Northwest,Ground Level,"Columbus, OH",2,"1 full, 0 half",2,No,Yes,Laundry Hookup,Yes,1,Yes,n/a,n/a,Yes,Yes,No,n/a,n/a,No,No,Central A/C,Yes,Yes,Yes,No,No,No,,$0,$0,$0,$0,No,No,No,No,No,No,No,Pat Steane,614-291-8000
138 West Norwich Avenue,https://offcampus.osu.edu/search-housing.aspx?property=10752&pricefrom=0&sort=1&alllandlords=0,00002A00,"$1,400.00",8/15/2026,7/31/2027,11.5 months,No,Yes,$1400,"Kohr Royer Griffith, Inc.",Half Double,University District: Northwest,Ground Level,"Columbus, OH",2,"1 full, 0 half",2,No,Yes,Laundry Hookup,Yes,1,Yes,n/a,n/a,Yes,Yes,No,n/a,n/a,No,Yes,Central A/C,Yes,Yes,Yes,No,No,No,,$0,$0,$0,$0,No,No,No,No,No,No,No,,
"75 S. High StDublin, OH 43017",https://offcampus.osu.edu/search-housing.aspx?property=9754&pricefrom=0&sort=1&alllandlords=0,0000261A,"$1,400.00",8/1/2026,7/15/2027,12 Months,No,Yes,$1400,DPG Properties,Apartment,University District: Southeast,Above Ground,"Columbus, OH",2,"1 full, 0 half",4,No,No,Laundry facilities in the unit,Yes,1,Yes,n/a,n/a,Yes,No,No,n/a,n/a,No,No,Central A/C,Yes,Yes,Yes,Yes,No,No,,$500,$50,$50,$50,Yes,Yes,Yes,No,No,No,No,David Galbreath,614-360-8400
2298 North 4th Street 5,https://offcampus.osu.edu/search-housing.aspx?property=15672&pricefrom=0&sort=1&alllandlords=0,00003D38,"$1,400.00",8/1/2026,7/15/2027,1 Year,No,Yes,$1400,DPG Properties,Apartment,University District: Northeast,Above Ground,"Columbus, OH",2,"1 full, 0 half",2,No,No,Laundry facilities in the unit,Yes,1,Yes,n/a,n/a,Yes,No,No,n/a,n/a,No,No,Central A/C,Yes,Yes,Yes,No,No,No,,$500,$50,$50,$50,Yes,Yes,Yes,No,No,No,No,,
1470 Indianola Avenue C,https://offcampus.osu.edu/search-housing.aspx?property=9755&pricefrom=0&sort=1&alllandlords=0,0000261B,"$1,400.00",8/1/2026,7/15/2027,12 Months,No,Yes,$1400,DPG Properties,Apartment,University District: Southeast,Above Ground,"Columbus, OH",2,"1 full, 0 half",2,No,No,Laundry facilities in the unit,Yes,2,Yes,n/a,n/a,Yes,No,No,n/a,n/a,No,No,Central A/C,Yes,Yes,Yes,Yes,No,No,,$500,$50,$50,$50,Yes,Yes,Yes,No,No,No,No,,
2298 North 4th Street Unit 2,https://offcampus.osu.edu/search-housing.aspx?property=15670&pricefrom=0&sort=1&alllandlords=0,00003D36,"$1,400.00",08/10/2026,7/25/2027,1 Year,No,Yes,$1400,DPG Properties,Duplex/Town House,University District: Northeast,Above Ground,"Columbus, OH",2,"1 full, 0 half",2,No,No,Laundry facilities in the unit,Yes,1,Yes,n/a,n/a,Yes,No,No,n/a,n/a,No,No,Central A/C,Yes,Yes,Yes,No,No,No,,$500,$50,$50,$50,Yes,Yes,Yes,No,No,No,No,,
2298 North 4th Street Unit 1,https://offcampus.osu.edu/search-housing.aspx?property=11685&pricefrom=0&sort=1&alllandlords=0,00002DA5,"$1,400.00",8/1/2026,07/15/2027,1 Year,No,Yes,$1400,DPG Properties,Duplex/Town House,University District: Northeast,Above Ground,"Columbus, OH",2,"1 full, 0 half",2,No,No,Laundry facilities in the unit,Yes,1,Yes,n/a,n/a,Yes,No,No,n/a,n/a,No,No,Central A/C,Yes,Yes,Yes,No,No,No,This apartment is gorgeous!,$500,$50,$50,$50,Yes,Yes,Yes,No,No,No,No,,
29 West 9th Avenue Unit 5,https://offcampus.osu.edu/search-housing.aspx?property=15784&pricefrom=0&sort=1&alllandlords=0,00003DA8,"$1,400.00",08-19-2026,07-31-2027,12 months,No,No,$1400,Hometeam,Apartment,University District: Southwest,Below Ground,"Columbus, OH",1,"1 full, 0 half",2,No,No,Laundry facilities in the unit,Yes,1,Yes,$Ask us about our pricing,n/a,Yes,No,No,n/a,n/a,No,No,Central A/C,No,Yes,Yes,No,No,Yes,,$0,$0,$0,$0,Yes,Yes,Yes,No,No,No,No,,
419 East 17th Avenue Front,https://offcampus.osu.edu/search-housing.aspx?property=12925&pricefrom=0&sort=1&alllandlords=0,0000327D,"$1,400.00",11/01/2025,07/20/2026,8.5 Months,No,No,$1400,"Dwine Properties, LLC",House,University District: Central,Above Ground,"Columbus, OH",2,"1 full, 0 half",2,No,Yes,Laundry Hookup,Yes,2,Yes,n/a,n/a,Yes,No,No,n/a,n/a,No,No,Central A/C,Yes,Yes,Yes,No,Yes,Yes,"Microwave Included, One Full bathroom,  2 Off street parking spots",$0,$0,$0,$0,No,No,No,No,Yes,No,No,,
67 West E Tompkins  Street  (Sublet),https://offcampus.osu.edu/search-housing.aspx?property=21900&pricefrom=0&sort=1&alllandlords=0&sublet=true,0000558C,$500.00,8/1/2026,5/1/2027,12 months,No,Yes,$One months rent,,House,University District: Northeast,Ground Level,"Columbus, OH",4,"1 full, 1 half",4,No,Yes,Laundry facilities in the building,Yes,4,No,n/a,n/a,Yes,,No,n/a,n/a,No,Yes,Central A/C,Yes,Yes,Yes,Yes,Yes,Yes,,$300,$50,$50,$50,Yes,Yes,Yes,Yes,No,No,No,,
40 East Lane Avenue Unit 2D,https://offcampus.osu.edu/search-housing.aspx?property=16494&pricefrom=0&sort=1&alllandlords=0,0000406E,"$1,400.00",08/09/2026,07/31/2027,356 Days,No,Yes,$1400,Pella Company,Apartment,University District: Northeast,Above Ground,"Columbus, OH",2,"1 full, 0 half",3,No,No,Laundry facilities in the building,Yes,2,Yes,n/a,$100,No,,No,n/a,n/a,No,No,Central A/C,No,Yes,Yes,No,No,No,,$0,$0,$0,$0,No,No,No,No,No,No,No,,
154  East Norwich Avenue Unit-C,https://offcampus.osu.edu/search-housing.aspx?property=16504&pricefrom=0&sort=1&alllandlords=0,00004078,"$1,400.00",08/16/2026,08/06/2027,356 Days,No,Yes,$1400,Pella Company,Apartment,University District: Northeast,Ground Level,"Columbus, OH",2,"1 full, 0 half",3,No,No,Laundry facilities in the unit,Yes,2,Yes,n/a,$100,Yes,,No,n/a,n/a,No,No,Central A/C,Yes,Yes,Yes,No,No,No,,$0,$0,$0,$0,No,No,No,No,No,No,No,,
40 East Lane Avenue Unit 2B,https://offcampus.osu.edu/search-housing.aspx?property=16493&pricefrom=0&sort=1&alllandlords=0,0000406D,"$1,400.00",08/09/2026,07/31/2027,356 Days,No,Yes,$1400,Pella Company,Apartment,University District: Northeast,Above Ground,"Columbus, OH",2,"1 full, 0 half",1,No,No,Laundry facilities in the building,Yes,2,Yes,n/a,$100,No,,No,n/a,n/a,No,No,Central A/C,No,Yes,Yes,No,No,No,,$0,$0,$0,$0,No,No,No,No,No,No,No,,
40 East Lane Avenue Unit 1D,https://offcampus.osu.edu/search-housing.aspx?property=16997&pricefrom=0&sort=1&alllandlords=0,00004265,"$1,400.00",8/9/2026,7/31/2027,356 Days,No,Yes,$1400,Pella Company,Apartment,University District: Northeast,Ground Level,"Columbus, OH",2,"1 full, 0 half",3,No,No,Laundry facilities in the building,Yes,2,Yes,n/a,$100,No,,No,n/a,n/a,No,No,Central A/C,No,Yes,Yes,No,No,No,,$0,$0,$0,$0,No,No,No,No,No,No,No,,
269 East 15th Avenue,https://offcampus.osu.edu/search-housing.aspx?property=10361&pricefrom=0&sort=1&alllandlords=0,00002879,"$1,400.00",08-01-2026,07-30-2027,12 months,No,No,$1400,S&G Properties,Duplex/Town House,University District: Central,Ground Level,"Columbus, OH",2,"2 full, 0 half",2,No,Yes,Laundry facilities in the building,Yes,0,Yes,n/a,$700,Yes,No,No,n/a,n/a,No,No,Central A/C,No,Yes,Yes,No,No,Yes,"TEXT to SHOW 614-395-1993
This is a MASSIVE two bedroom apartment.  Newer windows, new kitchen very large living areas and two Bathrooms.  You gotta see this one...It is great.",$0,$0,$0,$0,No,No,No,No,No,No,No,,
90 East Fourteenth Avenue R,https://offcampus.osu.edu/search-housing.aspx?property=17699&pricefrom=0&sort=1&alllandlords=0,00004523,"$1,400.00",8/16,8/6,356 Days,No,Yes,$1400,Pella Company,Apartment,University District: Central,Ground Level,"Columbus, OH",2,"1 full, 0 half",3,No,No,Laundry facilities in the building,Yes,1,Yes,n/a,$100,Yes,,No,n/a,n/a,No,No,Window A/C,Yes,Yes,Yes,No,No,No,,$0,$0,$0,$0,No,No,No,No,No,No,No,,
1433 Worthington Street Unit 2,https://offcampus.osu.edu/search-housing.aspx?property=7438&pricefrom=0&sort=1&alllandlords=0,00001D0E,"$1,401.00",08-19-2026,07-31-2027,12 months,No,No,$1401,Hometeam,Duplex/Town House,University District: Southwest,Above Ground,"Columbus, OH",3,"1 full, 0 half",3,No,No,None,Yes,0,No,$Ask us about our pricing,n/a,Yes,No,No,n/a,n/a,No,No,None,Yes,Yes,Yes,No,No,Yes,,$0,$0,$0,$0,Yes,Yes,Yes,No,No,No,No,,
"PO Box 12788Columbus, OH 43212",https://offcampus.osu.edu/search-housing.aspx?property=21192&pricefrom=0&sort=1&alllandlords=0,000052C8,"$1,425.00",02-01-2026,07-27-2026,7 Months,Yes,Yes,$99.00,Peak Property Group,Duplex/Town House,University District: Southeast,Above Ground,"Columbus, OH",2,"1 full, 0 half",3,Yes,Yes,Laundry Hookup,Yes,2,Yes,n/a,n/a,Yes,,No,n/a,n/a,No,Yes,Central A/C,Yes,Yes,Yes,No,No,Yes,,$250.00,$35,$35,$35,Yes,Yes,Yes,No,No,No,No,Chelsie Flores,614-360-2020
"50E 7th AveColumbus, OH 43201",https://offcampus.osu.edu/search-housing.aspx?property=21193&pricefrom=0&sort=1&alllandlords=0&sublet=true,000052C9,"$1,550.00",1/1/2026,7/31/2026,12 Months,No,Yes,$$0,Peer on 7th,Apartment,University District: Southeast,Above Ground,"Columbus, OH",3,"3 full, 0 half",3,Yes,No,Laundry facilities in the unit,Yes,77,Yes,n/a,n/a,Yes,,Yes,$125,n/a,Yes,No,Central A/C,Yes,Yes,Yes,Yes,No,No,,$350,$35,$35,$35,Yes,Yes,Yes,No,No,No,Yes,Kristopher Gaba,380-300-4114
180 East 13th Avenue Unit B,https://offcampus.osu.edu/search-housing.aspx?property=8799&pricefrom=0&sort=1&alllandlords=0,0000225F,"$1,440.00",08/20/2026,08/05/2027,50 weeks,No,No,$1440,Buckeye Real Estate,Apartment,University District: Central,Above Ground,"Columbus, OH",2,"1 full, 0 half",2,No,No,None,Yes,0,Yes,n/a,n/a,No,No,No,n/a,n/a,No,No,Central A/C,Yes,Yes,Yes,No,No,No,Your gas and water bills are included in your rent! No laundry hookups or laundry facility on site. No pets allowed.,$0,$0,$0,$0,No,No,No,No,Yes,No,Yes,,
100 West Oakland Avenue Unit 1A,https://offcampus.osu.edu/search-housing.aspx?property=17633&pricefrom=0&sort=1&alllandlords=0,000044E1,"$1,450.00",08/16/2026,08/06/2027,356 Days,No,Yes,$1450,Pella Company,Apartment,University District: Northwest,Ground Level,"Columbus, OH",1,"1 full, 0 half",2,No,No,Laundry facilities in the unit,Yes,1,Yes,n/a,n/a,Yes,,Yes,n/a,n/a,No,No,Central A/C,Yes,Yes,Yes,No,No,Yes,,$0,$0,$0,$0,No,No,No,No,No,No,No,,
100 West Oakland Avenue Unit 1B,https://offcampus.osu.edu/search-housing.aspx?property=16498&pricefrom=0&sort=1&alllandlords=0,00004072,"$1,450.00",08/09/2026,07/31/2027,11.5 Months,No,Yes,$1450,Pella Company,Apartment,University District: Northwest,Ground Level,"Columbus, OH",1,"1 full, 0 half",2,No,No,Laundry facilities in the unit,Yes,1,Yes,n/a,n/a,Yes,,Yes,n/a,n/a,No,No,Central A/C,Yes,Yes,Yes,No,No,Yes,,$0,$0,$0,$0,No,No,No,No,No,No,No,,
198 East 16th Avenue Unit A3,https://offcampus.osu.edu/search-housing.aspx?property=16789&pricefrom=0&sort=1&alllandlords=0,00004195,"$1,450.00",08/09/2026,07/31/2027,11.5 Month,No,Yes,$1450,Pella Company,Apartment,University District: Central,Ground Level,"Columbus, OH",2,"1 full, 0 half",3,No,No,Laundry facilities in the building,Yes,2,Yes,n/a,$100,Yes,,No,n/a,n/a,No,No,Central A/C,Yes,Yes,Yes,No,No,No,,$0,$0,$0,$0,No,No,No,No,No,No,Yes,,
198 East 16th Avenue Unit A6 (Sublet),https://offcampus.osu.edu/search-housing.aspx?property=11209&pricefrom=0&sort=1&alllandlords=0&sublet=true,00002BC9,"$1,350.00",12/15/2025,7/31/2026,11.5 Month,No,Yes,$1450,Pella Company,Apartment,University District: Central,Ground Level,"Columbus, OH",2,"1 full, 0 half",0,No,No,Laundry facilities in the building,Yes,2,Yes,n/a,$100,Yes,No,No,n/a,n/a,No,No,Central A/C,Yes,Yes,Yes,No,No,No,,$0,$0,$0,$0,No,No,No,No,No,No,Yes,,
198 East 16th Avenue Unit A6,https://offcampus.osu.edu/search-housing.aspx?property=11209&pricefrom=0&sort=1&alllandlords=0,00002BC9,"$1,450.00",8/9/2026,7/31/2027,11.5 Month,No,Yes,$1450,Pella Company,Apartment,University District: Central,Ground Level,"Columbus, OH",2,"1 full, 0 half",0,No,No,Laundry facilities in the building,Yes,2,Yes,n/a,$100,Yes,No,No,n/a,n/a,No,No,Central A/C,Yes,Yes,Yes,No,No,No,,$0,$0,$0,$0,No,No,No,No,No,No,Yes,,
198 East 16th Avenue Unit B9,https://offcampus.osu.edu/search-housing.aspx?property=16802&pricefrom=0&sort=1&alllandlords=0,000041A2,"$1,450.00",8/9/2026,7/31/2027,11.5 Months,No,Yes,$1450,Pella Company,Apartment,University District: Central,Above Ground,"Columbus, OH",2,"1 full, 0 half",3,No,No,Laundry facilities in the building,Yes,2,Yes,n/a,$100,Yes,,No,n/a,n/a,No,No,Central A/C,Yes,Yes,Yes,No,No,No,,$0,$0,$0,$0,No,No,No,No,No,No,Yes,,
198 East 16th Avenue C2,https://offcampus.osu.edu/search-housing.aspx?property=16809&pricefrom=0&sort=1&alllandlords=0,000041A9,"$1,450.00",8/9/2026,7/31/2027,11.5 Months,No,Yes,$1450,Pella Company,Apartment,University District: Central,Above Ground,"Columbus, OH",2,"1 full, 0 half",2,No,No,Laundry facilities in the building,Yes,2,Yes,n/a,$100,Yes,,No,n/a,n/a,No,No,Central A/C,Yes,Yes,Yes,No,No,No,,$0,$0,$0,$0,No,No,No,No,No,No,Yes,,
198 East 16th Avenue Unit C3,https://offcampus.osu.edu/search-housing.aspx?property=16810&pricefrom=0&sort=1&alllandlords=0,000041AA,"$1,450.00",08/09/2026,07/31/2027,11.5 Months,No,Yes,$1450,Pella Company,Apartment,University District: Central,Above Ground,"Columbus, OH",2,"1 full, 0 half",3,No,No,Laundry facilities in the building,Yes,2,Yes,n/a,$100,Yes,,No,n/a,n/a,No,No,Central A/C,Yes,Yes,Yes,No,No,No,,$0,$0,$0,$0,No,No,No,No,No,No,Yes,,
198 East 16th Avenue Unit C6,https://offcampus.osu.edu/search-housing.aspx?property=16813&pricefrom=0&sort=1&alllandlords=0,000041AD,"$1,450.00",08/09/2026,07/31/2027,11.5 Months,Yes,Yes,$1450,Pella Company,Apartment,University District: Central,Above Ground,"Columbus, OH",2,"1 full, 0 half",3,No,No,Laundry facilities in the building,Yes,2,Yes,n/a,$100,Yes,,No,n/a,n/a,No,No,Central A/C,Yes,Yes,Yes,No,No,No,,$0,$0,$0,$0,No,No,No,No,No,No,Yes,,
198 East 16th Avenue Unit C7,https://offcampus.osu.edu/search-housing.aspx?property=16814&pricefrom=0&sort=1&alllandlords=0,000041AE,"$1,450.00",08/09/2026,07/31/2027,11.5 Months,No,Yes,$1450,Pella Company,Apartment,University District: Central,Above Ground,"Columbus, OH",2,"1 full, 0 half",3,No,No,Laundry facilities in the building,Yes,2,Yes,n/a,$100,Yes,,No,n/a,n/a,No,No,Central A/C,Yes,Yes,Yes,No,No,No,,$0,$0,$0,$0,No,No,No,No,No,No,Yes,,
1400 Indianola Avenue Unit A,https://offcampus.osu.edu/search-housing.aspx?property=20972&pricefrom=0&sort=1&alllandlords=0,000051EC,"$1,450.00",08-19-2026,07-31-2027,12 months,No,No,$1450,Hometeam,Duplex/Town House,University District: Southeast,Ground Level,"Columbus, OH",2,"1 full, 0 half",2,No,Yes,Laundry facilities in the unit,Yes,0,No,$Ask us about our pricing,n/a,Yes,,No,n/a,n/a,No,No,Window A/C,Yes,Yes,Yes,No,No,No,,$0,$0,$0,$0,Yes,Yes,Yes,No,No,No,No,,
95 McMillen Avenue,https://offcampus.osu.edu/search-housing.aspx?property=11801&pricefrom=0&sort=1&alllandlords=0,00002E19,"$1,452.00",08-19-2026,07-31-2027,12 months,No,No,$1452,Hometeam,House,University District: Southwest,Ground Level,"Columbus, OH",4,"2 full, 0 half",4,No,No,None,Yes,0,Yes,$Ask us about our pricing,n/a,Yes,No,No,n/a,n/a,No,No,Central A/C,Yes,Yes,Yes,No,Yes,Yes,,$0,$0,$0,$0,Yes,Yes,Yes,No,No,No,No,,
"PO Box 12788Columbus, OH 43212",https://offcampus.osu.edu/search-housing.aspx?property=21958&pricefrom=0&sort=1&alllandlords=0,000055C6,"$1,470.00",08-20-2026,07-29-2027,12 Months,No,No,$1470,Peak Property Group,Duplex/Town House,University District: Central,Ground Level,"Columbus, OH",4,"2 full, 0 half",0,No,No,Laundry facilities in the unit,Yes,0,Yes,n/a,n/a,No,,No,n/a,n/a,No,No,Central A/C,Yes,Yes,Yes,No,No,Yes,"Available Fall 2026! Located close to OSU campus, downtown Columbus, and the Short North!

Key Features Include:
- Dishwasher
- Air conditioning
- Hardwood floors
- Washer and dryer
- Off-street parking
- Pet Friendly  

Professionally managed by Peak Property Group. We are proud to offer friendly professional service, 24/7 maintenance, online rent payment, and online resident portals for easy communications.",$250,$35,$35,$35,Yes,Yes,Yes,No,No,No,No,Chelsie Flores,614-360-2020
"1206 N. 4th StreetColumbus, OH 43201",https://offcampus.osu.edu/search-housing.aspx?property=22050&pricefrom=0&sort=1&alllandlords=0,00005622,"$1,475.00 - $2,189.00",10-04-2026,Any,6-18 Months,No,No,$$99 or Full Month Rent,Grant Commons Apartments,Duplex/Town House,University District: Southeast,Above Ground,"Columbus, OH",2,"1 full, 1 half",2,No,No,Laundry facilities in the unit,Yes,2,Yes,n/a,n/a,Yes,,No,n/a,n/a,No,No,Central A/C,Yes,Yes,Yes,No,No,No,,$300,$50,$50,$50,Yes,Yes,Yes,No,No,No,No,Irelynn Coy,380-800-6934
"1206 N. 4th StreetColumbus, OH 43201",https://offcampus.osu.edu/search-housing.aspx?property=22043&pricefrom=0&sort=1&alllandlords=0,0000561B,"$1,475.00 - $2,193.00",02-18-2026,Any,6-18 Months,No,No,$$99 or Full Month Rent,Grant Commons Apartments,Duplex/Town House,University District: Southeast,Above Ground,"Columbus, OH",2,"1 full, 1 half",2,No,No,Laundry facilities in the unit,Yes,2,Yes,n/a,n/a,No,,No,n/a,n/a,No,No,Central A/C,Yes,Yes,Yes,No,No,No,,$300,$50,$50,$50,Yes,Yes,Yes,No,No,No,No,Irelynn Coy,380-800-6934
"1206 N. 4th StreetColumbus, OH 43201",https://offcampus.osu.edu/search-housing.aspx?property=22042&pricefrom=0&sort=1&alllandlords=0,0000561A,"$1,475.00 - $2,193.00",02-18-2026,Any,6-18 Months,No,No,$$99 or Full Month Rent,Grant Commons Apartments,Duplex/Town House,University District: Southeast,Above Ground,"Columbus, OH",2,"1 full, 1 half",2,No,No,Laundry facilities in the unit,Yes,2,Yes,n/a,n/a,Yes,,No,n/a,n/a,No,No,Central A/C,Yes,Yes,Yes,No,No,No,,$300,$50,$50,$50,Yes,Yes,Yes,Yes,No,No,No,Irelynn Coy,380-800-6934
900 Nettle Drive,https://offcampus.osu.edu/search-housing.aspx?property=15196&pricefrom=0&sort=1&alllandlords=0,00003B5C,"$1,475.00 - $1,495.00",08-10-2026,07-25-2027,12 month,No,Yes,$Waived,Edwards Student Housing Management Company,Apartment,University District: Northwest,Above Ground,"Columbus, OH",1,"1 full, 0 half",2,Yes,No,Laundry facilities in the unit,Yes,160,Yes,n/a,$265,No,No,Yes,$125.00,n/a,No,No,Central A/C,Yes,Yes,Yes,Yes,No,No,"WiFi cafe with flat screen TV's, cafe, and conference/study room. Grad student/professional community.

Specials: Waived security deposit, Waived administrative fee, $1000 Gift Card at move in!",$300.00,$40,$40,$40,Yes,Yes,Yes,No,No,No,No,,
1660 North 4th Street 2C,https://offcampus.osu.edu/search-housing.aspx?property=15844&pricefrom=0&sort=1&alllandlords=0,00003DE4,"$1,475.00",8/1/2026,7/15/2027,1 year,No,Yes,$1475,DPG Properties,Apartment,University District: Central,Above Ground,"Columbus, OH",2,"1 full, 0 half",2,No,No,Laundry facilities in the building,Yes,1,Yes,n/a,n/a,Yes,,No,n/a,n/a,Yes,No,Central A/C,Yes,Yes,Yes,No,No,No,"No Pets at this property, however we are pet friendly at most of our other properties. 

Amazing price for a this large of an apartment.   New laundry facility in the building that is free to the tenants.",$0,$0,$0,$0,No,No,No,No,No,No,No,,
50 Chittenden Avenue D,https://offcampus.osu.edu/search-housing.aspx?property=13719&pricefrom=0&sort=1&alllandlords=0,00003597,"$1,475.00",08/20/2026,08/05/2027,12 Months,No,Yes,$1475,Buckeye Real Estate,Apartment,University District: Southeast,Above Ground,"Columbus, OH",2,"1 full, 0 half",3,No,No,Laundry facilities in the unit,Yes,2,Yes,n/a,$$300,Yes,No,No,n/a,n/a,No,No,Central A/C,Yes,Yes,Yes,Yes,No,No,"Remodeled two bedroom, one bath flat with fully equipped kitchen (including dishwasher and microhood), washer/dryer, and central air. Off Street parking available.

Unit residents may purchase two permits.",$$250,$0,$0,$0,Yes,Yes,Yes,No,Yes,No,No,,
50 Chittenden Avenue Unit C,https://offcampus.osu.edu/search-housing.aspx?property=13718&pricefrom=0&sort=1&alllandlords=0,00003596,"$1,475.00",8/20/26,8/06/27,50 weeks,No,Yes,$1475,Buckeye Real Estate,Apartment,University District: Southeast,Ground Level,"Columbus, OH",2,"1 full, 0 half",3,Yes,No,Laundry facilities in the unit,Yes,2,Yes,n/a,n/a,Yes,No,No,n/a,n/a,No,No,Central A/C,Yes,Yes,Yes,Yes,No,No,"Previously reconstructed two bedroom, one bath flat with fully equipped kitchen (including dishwasher and microhood), washer/dryer, and central air. Off Street parking available.

Unit residents may purchase two permits.

View our Leasing Procedure and a copy of our Lease Agreement at BuckeyeRealEstate.com > Future Residents > FAQs/Documents

https://my.matterport.com/show/?m=mHSGbQPXHUG

**information on this flyer subject to change**",$$250,$0,$0,$0,Yes,Yes,Yes,No,Yes,No,No,,
"1206 N. 4th StreetColumbus, OH 43201",https://offcampus.osu.edu/search-housing.aspx?property=22045&pricefrom=0&sort=1&alllandlords=0,0000561D,"$1,479.00 - $2,323.00",3/7/2026,Any,6-18 Months,No,No,$$99 or Full Month Rent,Grant Commons Apartments,Duplex/Town House,University District: Southeast,Above Ground,"Columbus, OH",2,"1 full, 1 half",2,No,No,Laundry facilities in the unit,Yes,2,Yes,n/a,n/a,Yes,,No,n/a,n/a,No,No,Central A/C,Yes,Yes,Yes,No,No,No,,$300,$50,$50,$50,Yes,Yes,Yes,No,No,No,No,Irelynn Coy,380-800-6934
2311 North High Street,https://offcampus.osu.edu/search-housing.aspx?property=8191&pricefrom=0&sort=1&alllandlords=0,00001FFF,"$1,485.00",8/20/2026,8/05/2027,12 months,No,Yes,$1485,Buckeye Real Estate,Apartment,University District: Northwest,Above Ground,"Columbus, OH",2,"1 full, 0 half",3,No,Yes,Laundry facilities in the building,Yes,0,Yes,$45,n/a,Yes,Yes,No,n/a,n/a,No,No,None,No,Yes,Yes,No,No,Yes,,$250,$0,$0,$0,Yes,Yes,Yes,No,No,No,No,,
"PO Box 12788Columbus, OH 43212",https://offcampus.osu.edu/search-housing.aspx?property=21968&pricefrom=0&sort=1&alllandlords=0,000055D0,"$1,486.00",08-20-2026,07-29-2027,12 Months,No,No,$1486,Peak Property Group,Duplex/Town House,University District: Central,Ground Level,"Columbus, OH",3,"1 full, 0 half",0,No,No,Laundry facilities in the unit,Yes,1,Yes,n/a,n/a,No,,No,n/a,n/a,No,No,Central A/C,Yes,Yes,Yes,No,No,Yes,"This 3-bedroom features off-street parking and stainless-steel appliances located near downtown Columbus and the Short North!

Key Features Include:
- Off-Street Parking
- Dishwasher
- Air Conditioning
- Washer & Dryer
- Hardwood Flooring
- Pet Friendly

Professionally managed by Peak Property Group. We are proud to offer friendly professional service, 24/7 maintenance, online rent payment, and online resident portals for easy communications.",$250,$35,$35,$35,Yes,Yes,Yes,No,No,No,No,Chelsie Flores,614-360-2020
"1206 N. 4th StreetColumbus, OH 43201",https://offcampus.osu.edu/search-housing.aspx?property=22046&pricefrom=0&sort=1&alllandlords=0,0000561E,"$1,488.00 - $2,214.00",3/7/2026,Any,6-18 Months,No,No,$$99 or Full Month Rent,Grant Commons Apartments,Duplex/Town House,University District: Southeast,Above Ground,"Columbus, OH",3,"1 full, 1 half",2,No,No,Laundry facilities in the unit,Yes,2,Yes,n/a,n/a,Yes,,No,n/a,n/a,No,No,Central A/C,Yes,Yes,Yes,No,No,No,,$300,$50,$50,$50,Yes,Yes,Yes,No,No,No,No,Irelynn Coy,380-800-6934
"PO Box 12788Columbus, OH 43212",https://offcampus.osu.edu/search-housing.aspx?property=21945&pricefrom=0&sort=1&alllandlords=0,000055B9,"$1,500.00",2/20/2026,07/12/2027,6 months,Yes,Yes,$99.00,Peak Property Group,Duplex/Town House,University District: Central,Above Ground,"Columbus, OH",3,"1 full, 0 half",4,No,Yes,Laundry facilities in the unit,Yes,3,Yes,n/a,n/a,Yes,,No,n/a,n/a,No,No,Central A/C,Yes,Yes,Yes,No,Yes,Yes,"This 3-bedroom duplex features off street parking and is conveniently located near the Short Noth and downtown Columbus!

Key Features Include:
- Dishwasher
- Air conditioning
- Hardwood floors
- Washer and dryer
- Off-street parking

Professionally managed by Peak Property Group. We are proud to offer friendly professional service, 24/7 maintenance, online rent payment and online resident portals for easy communications.

To schedule a showing, call 614-360-2020 or go to peakpropertygroup.com

The visit our website, go to www.peakpropertygroup.com",$250,$35,$35,$35,Yes,Yes,Yes,No,No,No,No,Chelsie Flores,614-360-2020
"PO Box 12788Columbus, OH 43212",https://offcampus.osu.edu/search-housing.aspx?property=21974&pricefrom=0&sort=1&alllandlords=0,000055D6,"$1,500.00",08-20-2026,07-29-2027,12 Months,No,No,$1500,Peak Property Group,Duplex/Town House,University District: Central,Ground Level,"Columbus, OH",3,"1 full, 0 half",6,No,No,Laundry facilities in the unit,Yes,1,Yes,n/a,n/a,No,,No,n/a,n/a,No,No,Central A/C,Yes,Yes,Yes,No,No,Yes,,$250,$35,$35,$35,Yes,Yes,Yes,No,No,No,No,Chelsie Flores,614-360-2020
"PO Box 12788Columbus, OH 43212",https://offcampus.osu.edu/search-housing.aspx?property=21952&pricefrom=0&sort=1&alllandlords=0,000055C0,"$1,500.00",08/20/2026,07/31/2027,12 months,No,Yes,$1500,Peak Property Group,Duplex/Town House,University District: Southwest,Above Ground,"Columbus, OH",3,"1 full, 0 half",0,No,No,Laundry facilities in the building,Yes,0,No,n/a,n/a,Yes,,No,n/a,n/a,No,No,Central A/C,Yes,Yes,Yes,No,No,Yes,,$250,$35,$0,$0,Yes,Yes,Yes,No,No,No,No,Chelsie Flores,614-360-2020
"PO Box 12788Columbus, OH 43212",https://offcampus.osu.edu/search-housing.aspx?property=21954&pricefrom=0&sort=1&alllandlords=0,000055C2,"$1,500.00",08/20/2026,07/29/2027,12,No,Yes,$1500,Peak Property Group,Duplex/Town House,University District: Southeast,Ground Level,"Columbus, OH",3,"1 full, 0 half",3,No,No,Laundry facilities in the building,No,0,No,n/a,n/a,No,,No,n/a,n/a,No,No,Central A/C,Yes,Yes,Yes,No,No,Yes,,$250,$35,$0,$0,Yes,Yes,Yes,No,No,No,No,Chelsie Flores,614-360-2020
"1206 N. 4th StreetColumbus, OH 43201",https://offcampus.osu.edu/search-housing.aspx?property=22049&pricefrom=0&sort=1&alllandlords=0,00005621,"$1,500.00 - $2,214.00",05-16-2026,Any,6-18 Months,No,No,$$99 or Full Month Rent,Grant Commons Apartments,Duplex/Town House,University District: Southeast,Above Ground,"Columbus, OH",2,"1 full, 1 half",2,No,No,Laundry facilities in the unit,Yes,2,Yes,n/a,n/a,Yes,,No,n/a,n/a,No,No,Central A/C,Yes,Yes,Yes,No,No,No,,$300,$50,$50,$50,Yes,Yes,Yes,No,No,No,No,Irelynn Coy,380-800-6934
"2490 N High StApt-100Columbus, OH 43202",https://offcampus.osu.edu/search-housing.aspx?property=22024&pricefrom=0&sort=1&alllandlords=0,00005608,"$1,500.00 - $2,350.00",02-11-2026,07-31-2027,12 months,Yes,Yes,$1900,Verge Developments LLC,Apartment,University District: Northeast,Above Ground,"Columbus, OH",2,"2 full, 0 half",5,Yes,No,Laundry facilities in the unit,Yes,1,Yes,$80,n/a,Yes,,No,n/a,n/a,No,No,Central A/C,Yes,Yes,Yes,Yes,No,Yes,"we have other amenities, such as Covered Parking, security system and a lot of high end upgrades.",$0,$40,$40,$30,Yes,Yes,Yes,Yes,No,No,No,Vic Chen,614-843-7333
352 King Avenue Unit 2,https://offcampus.osu.edu/search-housing.aspx?property=7436&pricefrom=0&sort=1&alllandlords=0,00001D0C,"$1,500.00",08-19-2026,07-31-2027,12 months,No,No,$1500,Hometeam,Apartment,University District: Southwest,Above Ground,"Columbus, OH",2,"1 full, 0 half",3,No,No,Laundry facilities in the building,Yes,0,Yes,$Ask us about our pricing,n/a,Yes,Yes,No,n/a,n/a,No,No,Window A/C,No,Yes,Yes,No,No,No,,$0,$0,$0,$0,Yes,Yes,Yes,No,No,No,No,,
292 East 15th Avenue Unit 1A,https://offcampus.osu.edu/search-housing.aspx?property=19006&pricefrom=0&sort=1&alllandlords=0,00004A3E,"$1,500.00",08-19-2026,07-31-2027,12 months,No,No,$1500,Hometeam,Apartment,University District: Central,Above Ground,"Columbus, OH",2,"1 full, 0 half",2,No,No,Laundry facilities in the unit,Yes,1,Yes,$Ask us about our pricing,n/a,Yes,,No,n/a,n/a,No,No,Central A/C,Yes,Yes,Yes,No,No,No,,$0,$0,$0,$0,Yes,Yes,Yes,No,No,No,No,,
253 East 19th Avenue Unit D,https://offcampus.osu.edu/search-housing.aspx?property=6869&pricefrom=0&sort=1&alllandlords=0,00001AD5,"$1,500.00",08-19-2026,07-31-2027,12 months,No,No,$1500,Hometeam,Apartment,University District: Northeast,Ground Level,"Columbus, OH",3,"1 full, 0 half",3,No,No,Laundry facilities in the unit,Yes,2,Yes,$Ask us about our pricing,n/a,Yes,No,No,n/a,n/a,No,No,Central A/C,Yes,Yes,Yes,No,No,No,,$0,$0,$0,$0,Yes,Yes,Yes,No,No,No,No,,
189 King Avenue Unit 1,https://offcampus.osu.edu/search-housing.aspx?property=8073&pricefrom=0&sort=1&alllandlords=0,00001F89,"$1,500.00",08-19-2026,07-31-2027,12 months,No,No,$1500,Hometeam,Apartment,University District: Southwest,Ground Level,"Columbus, OH",2,"1 full, 1 half",3,No,No,Laundry facilities in the unit,Yes,0,Yes,$Ask us about our pricing,n/a,Yes,No,No,n/a,n/a,No,No,Central A/C,Yes,Yes,Yes,No,No,Yes,,$0,$0,$0,$0,Yes,Yes,Yes,No,No,No,No,,
1548 Hunter Avenue Unit 1548,https://offcampus.osu.edu/search-housing.aspx?property=8852&pricefrom=0&sort=1&alllandlords=0,00002294,"$1,500.00",08-19-2026,07-31-2027,12 months,No,No,$1500,Hometeam,Duplex/Town House,University District: Southwest,Ground Level,"Columbus, OH",2,"1 full, 0 half",2,No,No,None,Yes,0,Yes,$Ask us about our pricing,n/a,No,No,No,n/a,n/a,No,No,None,No,Yes,Yes,Yes,No,Yes,,$0,$0,$0,$0,Yes,Yes,Yes,No,No,No,No,,
366 King Avenue Unit 368,https://offcampus.osu.edu/search-housing.aspx?property=11351&pricefrom=0&sort=1&alllandlords=0,00002C57,"$1,500.00",08-19-2026,07-31-2027,12 months,No,No,$1500,Hometeam,Apartment,University District: Southwest,Ground Level,"Columbus, OH",2,"1 full, 0 half",2,No,Yes,None,Yes,0,Yes,$Ask us about our pricing,n/a,Yes,No,No,n/a,n/a,No,No,Central A/C,Yes,Yes,Yes,No,Yes,Yes,,$0,$0,$0,$0,Yes,Yes,Yes,No,No,No,No,,
168 East 12th Avenue Unit D,https://offcampus.osu.edu/search-housing.aspx?property=11475&pricefrom=0&sort=1&alllandlords=0,00002CD3,"$1,500.00",08-19-2026,07-31-2027,12 months,No,No,$1500,Hometeam,Duplex/Town House,University District: Central,Above Ground,"Columbus, OH",3,"1 full, 0 half",3,No,No,Laundry facilities in the building,Yes,0,Yes,$Ask us about our pricing,n/a,Yes,Yes,No,n/a,n/a,No,No,Central A/C,Yes,Yes,Yes,No,No,Yes,,$0,$0,$0,$0,Yes,Yes,Yes,No,No,No,No,,
188 West Patterson Avenue Unit G (Sublet),https://offcampus.osu.edu/search-housing.aspx?property=16971&pricefrom=0&sort=1&alllandlords=0&sublet=true,0000424B,"$1,350.00",2/15/2026,7/31/2026,11.5 Month,No,Yes,$1500,Pella Company,Apartment,University District: Northwest,Above Ground,"Columbus, OH",2,"1 full, 0 half",3,No,No,Laundry facilities in the building,Yes,2,Yes,n/a,$100,Yes,,No,n/a,n/a,No,No,Central A/C,Yes,Yes,Yes,No,No,No,,$0,$0,$0,$0,No,No,No,No,No,No,No,,
188 West Patterson Avenue Unit G,https://offcampus.osu.edu/search-housing.aspx?property=16971&pricefrom=0&sort=1&alllandlords=0,0000424B,"$1,500.00",08/09/2026,07/31/2027,11.5 Month,No,Yes,$1500,Pella Company,Apartment,University District: Northwest,Above Ground,"Columbus, OH",2,"1 full, 0 half",3,No,No,Laundry facilities in the building,Yes,2,Yes,n/a,$100,Yes,,No,n/a,n/a,No,No,Central A/C,Yes,Yes,Yes,No,No,No,,$0,$0,$0,$0,No,No,No,No,No,No,No,,
30 East Frambes Avenue Unit C3,https://offcampus.osu.edu/search-housing.aspx?property=16775&pricefrom=0&sort=1&alllandlords=0,00004187,"$1,500.00",08/16/2026,08/06/2027,356 Days,No,Yes,$1500,Pella Company,Apartment,University District: Central,Above Ground,"Columbus, OH",2,"1 full, 0 half",3,No,No,Laundry facilities in the building,Yes,2,Yes,n/a,$100,No,,Yes,n/a,n/a,No,No,Central A/C,Yes,Yes,Yes,No,No,No,,$0,$0,$0,$0,No,No,No,No,No,No,No,,
198 East 16th Avenue Unit B8,https://offcampus.osu.edu/search-housing.aspx?property=11210&pricefrom=0&sort=1&alllandlords=0,00002BCA,"$1,500.00",08/09/2026,07/31/2027,11.5 Months,No,Yes,$1500,Pella Company,Duplex/Town House,University District: Central,Ground Level,"Columbus, OH",2,"1 full, 0 half",1,No,No,Laundry facilities in the building,Yes,2,Yes,n/a,$100,Yes,No,No,n/a,n/a,No,No,Central A/C,Yes,Yes,Yes,No,No,No,,$0,$0,$0,$0,No,No,No,No,No,No,Yes,,
198 East 16th Avenue Unit C1,https://offcampus.osu.edu/search-housing.aspx?property=16808&pricefrom=0&sort=1&alllandlords=0,000041A8,"$1,500.00",08/09/2026,07/31/2027,11.5 Months,No,Yes,$1500,Pella Company,Apartment,University District: Central,Above Ground,"Columbus, OH",2,"1 full, 0 half",3,No,No,Laundry facilities in the building,Yes,2,Yes,n/a,$100,Yes,,No,n/a,n/a,No,No,Central A/C,Yes,Yes,Yes,No,No,No,,$0,$0,$0,$0,No,No,No,No,No,No,Yes,,
198 East 16th Avenue Unit C5,https://offcampus.osu.edu/search-housing.aspx?property=16812&pricefrom=0&sort=1&alllandlords=0,000041AC,"$1,500.00",08/09/2026,07/31/2027,11.5 Months,No,Yes,$1500,Pella Company,Apartment,University District: Central,Above Ground,"Columbus, OH",2,"1 full, 0 half",3,No,No,Laundry facilities in the building,Yes,2,Yes,n/a,$100,Yes,,No,n/a,n/a,No,No,Central A/C,Yes,Yes,Yes,No,No,No,,$0,$0,$0,$0,No,No,No,No,No,No,Yes,,
198 East 16th Avenue Unit C8,https://offcampus.osu.edu/search-housing.aspx?property=16815&pricefrom=0&sort=1&alllandlords=0,000041AF,"$1,500.00",8/9/2026,7/31/2027,11.5 Months,No,Yes,$1500,Pella Company,Apartment,University District: Central,Above Ground,"Columbus, OH",2,"1 full, 0 half",3,No,No,Laundry facilities in the building,Yes,2,Yes,n/a,$100,Yes,,No,n/a,n/a,No,No,Central A/C,Yes,Yes,Yes,No,No,No,,$0,$0,$0,$0,No,No,No,No,No,No,Yes,,
112 West Lane Avenue Unit 2B,https://offcampus.osu.edu/search-housing.aspx?property=16523&pricefrom=0&sort=1&alllandlords=0,0000408B,"$1,500.00",08/16/2026,08/06/2027,356 Days,No,Yes,$1500,Pella Company,Apartment,University District: Northwest,Above Ground,"Columbus, OH",2,"1 full, 0 half",3,No,No,Laundry facilities in the building,Yes,2,Yes,n/a,$100,No,,No,n/a,n/a,No,No,Central A/C,No,Yes,Yes,No,No,No,,$0,$0,$0,$0,No,No,No,No,No,No,No,,
112 West Lane Avenue Unit 2A,https://offcampus.osu.edu/search-housing.aspx?property=16522&pricefrom=0&sort=1&alllandlords=0,0000408A,"$1,500.00",08/16/2026,08/06/2027,356 Days,No,Yes,$1500,Pella Company,Apartment,University District: Northwest,Above Ground,"Columbus, OH",2,"1 full, 0 half",3,No,No,Laundry facilities in the building,Yes,2,Yes,n/a,$100,No,,No,n/a,n/a,No,No,Central A/C,No,Yes,Yes,No,No,No,,$0,$0,$0,$0,No,No,No,No,No,No,No,,
90 East Fourteenth Avenue Unit Q,https://offcampus.osu.edu/search-housing.aspx?property=17698&pricefrom=0&sort=1&alllandlords=0,00004522,"$1,500.00",8/16/2026,8/6/2027,356 Days,No,Yes,$1500,Pella Company,Apartment,University District: Central,Ground Level,"Columbus, OH",2,"1 full, 0 half",3,No,No,Laundry facilities in the building,Yes,1,Yes,n/a,$100,Yes,,No,n/a,n/a,No,No,Window A/C,Yes,Yes,Yes,No,No,No,,$0,$0,$0,$0,No,No,No,No,No,No,No,,
90 East 14th  Avenue Unit O,https://offcampus.osu.edu/search-housing.aspx?property=17696&pricefrom=0&sort=1&alllandlords=0,00004520,"$1,500.00",8/16/2026,8/6/2027,356 Days,No,Yes,$1500,Pella Company,Apartment,University District: Central,Above Ground,"Columbus, OH",2,"1 full, 0 half",3,No,No,Laundry facilities in the building,Yes,1,Yes,n/a,$100,Yes,,No,n/a,n/a,No,No,Window A/C,Yes,Yes,Yes,No,No,No,,$0,$0,$0,$0,No,No,No,No,No,No,No,,
90 East Fourteenth Avenue Unit M,https://offcampus.osu.edu/search-housing.aspx?property=17694&pricefrom=0&sort=1&alllandlords=0,0000451E,"$1,500.00",8/16/2026,8/6/2027,356 Days,No,Yes,$1500,Pella Company,Apartment,University District: Central,Above Ground,"Columbus, OH",2,"1 full, 0 half",3,No,No,Laundry facilities in the building,Yes,1,Yes,n/a,$100,Yes,,No,n/a,n/a,No,No,Window A/C,Yes,Yes,Yes,No,No,No,,$0,$0,$0,$0,No,No,No,No,No,No,No,,
90 East Fourteenth Avenue Unit L,https://offcampus.osu.edu/search-housing.aspx?property=17693&pricefrom=0&sort=1&alllandlords=0,0000451D,"$1,500.00",8/16/2026,8/6/2027,356 Days,No,Yes,$1500,Pella Company,Apartment,University District: Central,Ground Level,"Columbus, OH",2,"1 full, 0 half",3,No,No,Laundry facilities in the building,Yes,1,Yes,n/a,$100,Yes,,No,n/a,n/a,No,No,Window A/C,Yes,Yes,Yes,No,No,No,,$0,$0,$0,$0,No,No,No,No,No,No,No,,
90 East Fourteenth Avenue Unit G,https://offcampus.osu.edu/search-housing.aspx?property=17690&pricefrom=0&sort=1&alllandlords=0,0000451A,"$1,500.00",8/16/2026,8/6/2027,356 Days,No,Yes,$1500,Pella Company,Apartment,University District: Central,Ground Level,"Columbus, OH",2,"1 full, 0 half",3,No,No,Laundry facilities in the building,Yes,1,Yes,n/a,$100,Yes,,No,n/a,n/a,No,No,Window A/C,Yes,Yes,Yes,No,No,No,,$0,$0,$0,$0,No,No,No,No,No,No,No,,
30 East Frambes Avenue Unit-B3,https://offcampus.osu.edu/search-housing.aspx?property=16984&pricefrom=0&sort=1&alllandlords=0,00004258,"$1,500.00",08/16/2026,08/06/2027,356 Days,No,Yes,$1500,Pella Company,Apartment,University District: Central,Above Ground,"Columbus, OH",2,"1 full, 0 half",3,No,No,Laundry facilities in the building,Yes,2,Yes,n/a,$100,No,,No,n/a,n/a,No,No,Central A/C,Yes,Yes,Yes,No,No,No,,$0,$0,$0,$0,No,No,No,No,No,No,No,,
63 East 14th Avenue Unit A,https://offcampus.osu.edu/search-housing.aspx?property=11150&pricefrom=0&sort=1&alllandlords=0,00002B8E,"$1,500.00",08/09/2026,7/31/2027,356 Days,No,Yes,$1500,Pella Company,Apartment,University District: Central,Ground Level,"COLUMBUS, OH",2,"1 full, 0 half",2,No,No,None,Yes,2,Yes,n/a,$100,Yes,No,No,n/a,n/a,No,No,Central A/C,Yes,Yes,Yes,No,No,No,,$0,$0,$0,$0,No,No,No,No,No,No,No,,
112 West Lane Avenue Unit 2D,https://offcampus.osu.edu/search-housing.aspx?property=16525&pricefrom=0&sort=1&alllandlords=0,0000408D,"$1,500.00",08/16/2026,08/06/2027,356 Days,No,Yes,$1500,Pella Company,Apartment,University District: Northwest,Above Ground,"Columbus, OH",2,"1 full, 0 half",3,No,No,Laundry facilities in the building,Yes,2,Yes,n/a,$100,No,,No,n/a,n/a,No,No,Central A/C,No,Yes,Yes,No,No,No,,$0,$0,$0,$0,No,No,No,No,No,No,No,,
112 West Lane Avenue Unit 1C,https://offcampus.osu.edu/search-housing.aspx?property=16520&pricefrom=0&sort=1&alllandlords=0,00004088,"$1,500.00",8/16/2026,8/06/27,356 Days,No,Yes,$1500,Pella Company,Apartment,University District: Northwest,Ground Level,"Columbus, OH",2,"1 full, 0 half",3,No,No,Laundry facilities in the building,Yes,2,Yes,n/a,$100,No,,No,n/a,n/a,No,No,Central A/C,No,Yes,Yes,No,No,No,,$0,$0,$0,$0,No,No,No,No,No,No,No,,
90 East Fourteenth Avenue Unit U,https://offcampus.osu.edu/search-housing.aspx?property=17702&pricefrom=0&sort=1&alllandlords=0,00004526,"$1,500.00",8/16/2026,8/6/2027,356 Days,No,Yes,$1500,Pella Company,Apartment,University District: Central,Above Ground,"Columbus, OH",2,"1 full, 0 half",3,No,No,Laundry facilities in the building,Yes,1,Yes,n/a,$100,Yes,,No,n/a,n/a,No,No,Window A/C,Yes,Yes,Yes,No,No,No,,$0,$0,$0,$0,No,No,No,No,No,No,No,,
90 East 14th  Avenue F,https://offcampus.osu.edu/search-housing.aspx?property=17689&pricefrom=0&sort=1&alllandlords=0,00004519,"$1,500.00",8/16/26,8/6/2027,356 Days,No,Yes,$1500,Pella Company,Apartment,University District: Central,Above Ground,"Columbus, OH",2,"1 full, 0 half",3,No,No,Laundry facilities in the building,Yes,1,Yes,n/a,$100,Yes,,No,n/a,n/a,No,No,Window A/C,Yes,Yes,Yes,No,No,No,,$0,$0,$0,$0,No,No,No,No,No,No,No,,
64 West 9th Avenue Unit F,https://offcampus.osu.edu/search-housing.aspx?property=10659&pricefrom=0&sort=1&alllandlords=0,000029A3,"$1,500.00",08-19-2026,07-31-2027,12 months,No,No,$1500,Hometeam,Apartment,University District: Southwest,Ground Level,"Columbus, OH",2,"1 full, 0 half",2,No,No,None,Yes,0,Yes,$Ask us about our pricing,n/a,Yes,No,No,n/a,n/a,No,No,Window A/C,Yes,Yes,Yes,No,No,No,,$0,$0,$0,$0,Yes,Yes,Yes,No,No,No,No,,
23 West 10th Avenue Unit 23B,https://offcampus.osu.edu/search-housing.aspx?property=8353&pricefrom=0&sort=1&alllandlords=0,000020A1,"$1,500.00",08-19-2026,07-31-2027,12 months,No,No,$1500,Hometeam,Apartment,University District: Southwest,Above Ground,"Columbus, OH",2,"1 full, 0 half",2,No,No,Laundry facilities in the unit,Yes,0,Yes,$Ask us about our pricing,n/a,Yes,Yes,No,n/a,n/a,No,No,Central A/C,Yes,Yes,Yes,No,No,No,,$0,$0,$0,$0,Yes,Yes,Yes,No,No,No,No,,
160 East Norwich Avenue #6,https://offcampus.osu.edu/search-housing.aspx?property=16988&pricefrom=0&sort=1&alllandlords=0,0000425C,"$1,500.00",August 9th,July 31st,356 Days,No,Yes,$1500,Pella Company,Duplex/Town House,University District: Central,Ground Level,"Columbus, OH",2,"1 full, 0 half",3,No,Yes,Laundry facilities in the unit,Yes,2,Yes,n/a,$100,Yes,,No,n/a,n/a,No,No,Central A/C,Yes,Yes,Yes,No,No,No,,$0,$0,$0,$0,No,No,No,No,No,No,No,,
160 East Norwich Avenue #5,https://offcampus.osu.edu/search-housing.aspx?property=16511&pricefrom=0&sort=1&alllandlords=0,0000407F,"$1,500.00",August 16th,August 6th,356 Days,No,Yes,$1500,Pella Company,Duplex/Town House,University District: Northeast,Ground Level,"Columbus, OH",2,"1 full, 0 half",3,No,Yes,Laundry facilities in the unit,Yes,2,Yes,n/a,$100,Yes,,No,n/a,n/a,No,No,Central A/C,Yes,Yes,Yes,No,No,No,,$0,$0,$0,$0,No,No,No,No,No,No,No,,
114 East Lane Avenue Unit D,https://offcampus.osu.edu/search-housing.aspx?property=13577&pricefrom=0&sort=1&alllandlords=0,00003509,"$1,505.00",8/20/26,8/5/27,50 weeks,No,No,$1505,Buckeye Real Estate,Duplex/Town House,University District: Northeast,Above Ground,"Columbus, OH",2,"1 full, 1 half",3,No,Yes,None,Yes,1,Yes,n/a,n/a,Yes,No,No,n/a,n/a,No,No,Central A/C,Yes,Yes,Yes,No,No,No,microhood,$$250,$0,$0,$0,Yes,Yes,Yes,No,No,No,No,,
106 East lane Avenue Unit F,https://offcampus.osu.edu/search-housing.aspx?property=13568&pricefrom=0&sort=1&alllandlords=0,00003500,"$1,505.00",8/20/2026,8/05/2027,12 Months,No,Yes,$1505,Buckeye Real Estate,Duplex/Town House,University District: Northeast,Above Ground,"Columbus, OH",2,"1 full, 1 half",3,No,Yes,Laundry facilities in the unit,Yes,1,Yes,n/a,n/a,Yes,No,No,n/a,n/a,No,No,Central A/C,Yes,Yes,Yes,No,No,No,microhood,$$250,$0,$0,$0,Yes,Yes,Yes,No,No,No,No,,
"PO Box 12788Columbus, OH 43212",https://offcampus.osu.edu/search-housing.aspx?property=21962&pricefrom=0&sort=1&alllandlords=0,000055CA,"$1,525.00",08-20-2026,07-29-2027,12 Months,No,No,$1525,Peak Property Group,Duplex/Town House,University District: Central,Ground Level,"Columbus, OH",2,"2 full, 0 half",4,No,No,Laundry facilities in the unit,Yes,0,Yes,n/a,n/a,No,,No,n/a,n/a,No,No,Central A/C,Yes,Yes,Yes,No,No,Yes,"Located just a short walk to the Ohio Union, Gateway Film Center, and all North High Street has to offer!

Key Features Include:
- Off-Street Parking
- Air Conditioning
- Granite Countertops
- Dishwasher
- Hardwood Flooring
- Spacious Bedrooms
- Lots of Natural Light
- Washer & Dryer Hookups
- Front Porch
- Back Deck & Yard
- Pet Friendly

Professionally managed by Peak Property Group. We are proud to offer friendly professional service, 24/7 maintenance, online rent payment, and online resident portals for easy communications.",$250,$35,$35,$35,Yes,Yes,Yes,No,No,No,No,Chelsie Flores,614-360-2020
"PO Box 12788Columbus, OH 43212",https://offcampus.osu.edu/search-housing.aspx?property=21963&pricefrom=0&sort=1&alllandlords=0,000055CB,"$1,525.00",08-20-2026,07-29-2027,12 Months,No,No,$1525,Peak Property Group,Duplex/Town House,University District: Central,Ground Level,"Columbus, OH",2,"2 full, 0 half",4,No,No,Laundry facilities in the unit,Yes,0,Yes,n/a,n/a,No,,No,n/a,n/a,No,No,Central A/C,Yes,Yes,Yes,No,No,Yes,"Located just a short walk to the Ohio Union, Gateway Film Center, and all North High Street has to offer!

Key Features Include:
- Off-Street Parking
- Air Conditioning
- Granite Countertops
- Dishwasher
- Hardwood Flooring
- Spacious Bedrooms
- Lots of Natural Light
- Washer & Dryer Hookups
- Front Porch
- Back Deck & Yard
- Pet Friendly

Professionally managed by Peak Property Group. We are proud to offer friendly professional service, 24/7 maintenance, online rent payment, and online resident portals for easy communications.",$250,$35,$35,$35,Yes,Yes,Yes,No,No,No,No,Chelsie Flores,614-360-2020
"1455 North High StreetColumbus, OH 43201",https://offcampus.osu.edu/search-housing.aspx?property=20855&pricefrom=0&sort=1&alllandlords=0,00005177,"$1,535.00 - $2,800.00",01-12-2026,07-31-2027,5 - 17 months,Yes,No,$$0 - 2 months' rent,8th and High Apartments,Apartment,University District: Southwest,Above Ground,"Columbus, OH",1,"1 full, 0 half",2,Yes,No,Laundry facilities in the unit,Yes,0,No,n/a,n/a,Yes,,Yes,$135,n/a,No,No,Central A/C,Yes,Yes,Yes,No,No,No,,$300,$35,$35,$35,Yes,Yes,Yes,No,No,No,No,Beth Sexton,380-900-8454
1355 N High St - The Goodale North High Street,https://offcampus.osu.edu/search-housing.aspx?property=21314&pricefrom=0&sort=1&alllandlords=0,00005342,"$1,539.00",08-20-2026,07-31-2027,12-month,No,Yes,$0,VERVE Columbus,Apartment,University District: Central,Above Ground,"Columbus, OH",0,"1 full, 0 half",1,Yes,No,Laundry facilities in the unit,Yes,132,Yes,n/a,n/a,Yes,,Yes,$160,n/a,Yes,No,Central A/C,Yes,Yes,Yes,Yes,No,No,,$300,$30,$0,$0,Yes,Yes,Yes,Yes,No,No,No,,
90 West 9th Avenue Unit 5,https://offcampus.osu.edu/search-housing.aspx?property=13369&pricefrom=0&sort=1&alllandlords=0,00003439,"$1,540.00",8/20/26,8/5/27,50 weeks,No,Yes,$1540,Buckeye Real Estate,Duplex/Town House,University District: Southwest,Ground Level,"Columbus, OH",2,"1 full, 0 half",3,No,No,Laundry facilities in the unit,Yes,1,Yes,n/a,n/a,Yes,No,No,n/a,n/a,No,No,Central A/C,Yes,Yes,Yes,No,No,No,,$250,$0,$0,$0,Yes,Yes,Yes,No,No,No,No,,
90 West 9th Avenue Unit 3,https://offcampus.osu.edu/search-housing.aspx?property=13367&pricefrom=0&sort=1&alllandlords=0,00003437,"$1,540.00",8/20/26,8/5/27,12 Months,No,Yes,$1540,Buckeye Real Estate,Duplex/Town House,University District: Southwest,Ground Level,"Co, OH",2,"1 full, 0 half",3,No,No,Laundry facilities in the unit,Yes,1,Yes,n/a,n/a,Yes,No,No,n/a,n/a,No,No,Central A/C,Yes,Yes,Yes,No,No,No,,$250,$0,$0,$0,Yes,Yes,Yes,No,No,No,No,,
105 West 8th Avenue,https://offcampus.osu.edu/search-housing.aspx?property=14289&pricefrom=0&sort=1&alllandlords=0,000037D1,"$1,545.00",7/28/2026,7/12/2027,12 Months,No,Yes,$1545,Peak Property Group,Apartment,University District: Southwest,Ground Level,"Columbus, OH",2,"1 full, 0 half",3,No,No,Laundry facilities in the unit,Yes,2,Yes,n/a,n/a,Yes,No,No,n/a,n/a,No,No,Central A/C,Yes,Yes,Yes,No,No,No,TO SCHEDULE A SHOWING: (380) 212-2649 or 105-w-8th-ave@rent.dynasty.com,$250,$35,$35,$35,Yes,Yes,Yes,No,No,No,No,,
"PO Box 12788Columbus, OH 43212",https://offcampus.osu.edu/search-housing.aspx?property=21972&pricefrom=0&sort=1&alllandlords=0,000055D4,"$1,549.00",08-20-2026,07-29-2027,12 Months,No,No,$1549,Peak Property Group,Duplex/Town House,University District: Central,Ground Level,"Columbus, OH",3,"1 full, 0 half",0,No,No,Laundry facilities in the unit,Yes,1,Yes,n/a,n/a,No,,No,n/a,n/a,No,No,Central A/C,Yes,Yes,Yes,No,No,Yes,"This 3-bedroom comes with off-street parking!

Key Features Include:
- Off-Street Parking
- Stainless Steel Appliances
- Dishwasher
- Updated Bathroom
- Air Conditioning
- Washer & Dryer
- Hardwood Flooring
- Pet Friendly

Professionally managed by Peak Property Group. We are proud to offer friendly professional service, 24/7 maintenance, online rent payment, and online resident portals for easy communications.",$250,$35,$35,$35,Yes,Yes,Yes,No,No,No,No,Chelsie Flores,614-360-2020
"PO Box 12788Columbus, OH 43212",https://offcampus.osu.edu/search-housing.aspx?property=21969&pricefrom=0&sort=1&alllandlords=0,000055D1,"$1,550.00",08-20-2026,07-29-2027,12 Months,No,No,$1550,Peak Property Group,Duplex/Town House,University District: Central,Ground Level,"Columbus, OH",3,"1 full, 0 half",0,No,No,Laundry facilities in the unit,Yes,1,Yes,n/a,n/a,No,,No,n/a,n/a,No,No,Central A/C,Yes,Yes,Yes,No,No,Yes,"This 3-bedroom located near Old North Columbus, features off-street parking!

Key Features Include:
- Off-Street Parking
- Dishwasher
- Air Conditioning
- Washer & Dryer
- Hardwood Flooring
- Pet Friendly

Professionally managed by Peak Property Group. We are proud to offer friendly professional service, 24/7 maintenance, online rent payment, and online resident portals for easy communications.",$250,$35,$35,$35,Yes,Yes,Yes,No,No,No,No,Chelsie Flores,614-360-2020
"PO Box 12788Columbus, OH 43212",https://offcampus.osu.edu/search-housing.aspx?property=21973&pricefrom=0&sort=1&alllandlords=0,000055D5,"$1,550.00",08-20-2026,07-29-2027,12 Months,No,No,$1550,Peak Property Group,Duplex/Town House,University District: Central,Ground Level,"Columbus, OH",3,"1 full, 0 half",0,No,No,Laundry facilities in the unit,Yes,1,Yes,n/a,n/a,No,,No,n/a,n/a,No,No,Central A/C,Yes,Yes,Yes,No,No,Yes,"Located near the Short North Arts District and just a short walk to shopping, restaurants and night life!

Key Features Include:
- Hardwood floors
- Air conditioning
- Skylights
- Off-street parking available

Professionally managed by Peak Property Group. We are proud to offer friendly professional service, 24/7 maintenance, online rent payment, online resident portals for easy communications, and of course we are pet friendly!",$250,$35,$35,$35,Yes,Yes,Yes,No,No,No,No,Chelsie Flores,614-360-2020
"PO Box 12788Columbus, OH 43212",https://offcampus.osu.edu/search-housing.aspx?property=21995&pricefrom=0&sort=1&alllandlords=0,000055EB,"$1,550.00",08/20/2026,07/29/2027,12 month,No,Yes,$1550,Peak Property Group,Duplex/Town House,University District: Southeast,Ground Level,"Columbus, OH",3,"1 full, 1 half",6,No,No,Laundry facilities in the unit,Yes,0,Yes,n/a,n/a,Yes,,No,n/a,n/a,No,No,Central A/C,Yes,Yes,Yes,No,No,Yes,,$250,$35,$35,$35,Yes,Yes,Yes,No,No,No,No,Chelsie Flores,614-360-2020
159 East Lane Avenue Unit D,https://offcampus.osu.edu/search-housing.aspx?property=16995&pricefrom=0&sort=1&alllandlords=0,00004263,"$1,550.00",08/09/2026,07/31/2027,356 Days,No,Yes,$1550,Pella Company,Duplex/Town House,University District: Northeast,Ground Level,"Columbus, OH",2,"1 full, 0 half",3,No,Yes,Laundry facilities in the unit,Yes,2,Yes,n/a,$100,No,,No,n/a,n/a,No,No,Central A/C,Yes,Yes,Yes,No,No,No,,$0,$0,$0,$0,No,No,No,No,No,No,No,,
159 East Lane Avenue Unit-B,https://offcampus.osu.edu/search-housing.aspx?property=16994&pricefrom=0&sort=1&alllandlords=0,00004262,"$1,550.00",08/09/2026,07/31/2027,356 Days,No,Yes,$1550,Pella Company,Duplex/Town House,University District: Northeast,Ground Level,"Columbus, OH",2,"1 full, 0 half",3,No,Yes,Laundry facilities in the unit,Yes,2,Yes,n/a,$100,No,,No,n/a,n/a,No,No,Central A/C,Yes,Yes,Yes,No,No,No,,$0,$0,$0,$0,No,No,No,No,No,No,No,,
"PO Box 12788Columbus, OH 43212",https://offcampus.osu.edu/search-housing.aspx?property=21921&pricefrom=0&sort=1&alllandlords=0,000055A1,"$1,565.00",02-01-2026,7/01/26,5 months,No,Yes,$99,Peak Property Group,Apartment,University District: Central,Above Ground,"Columbus, OH",4,"2 full, 0 half",5,No,No,Laundry facilities in the unit,Yes,4,Yes,$95,n/a,Yes,,No,n/a,n/a,No,No,Central A/C,Yes,Yes,Yes,No,No,No,,$250,$35,$35,$35,Yes,Yes,Yes,No,No,No,No,Chelsie Flores,614-360-2020
"PO Box 12788Columbus, OH 43212",https://offcampus.osu.edu/search-housing.aspx?property=21970&pricefrom=0&sort=1&alllandlords=0,000055D2,"$1,571.00",08-20-2026,07-29-2027,12 Months,No,No,$1571,Peak Property Group,Duplex/Town House,University District: Central,Ground Level,"Columbus, OH",3,"1 full, 0 half",6,No,No,Laundry facilities in the unit,Yes,1,Yes,n/a,n/a,No,,No,n/a,n/a,No,No,Central A/C,Yes,Yes,Yes,No,No,Yes,"This 3-bedroom located near old north Columbus with off-street parking!

Key Features Include:
- Off-Street Parking
- Dishwasher
- Air Conditioning
- Washer & Dryer
- Hardwood Flooring
- Pet Friendly

Professionally managed by Peak Property Group. We are proud to offer friendly professional service, 24/7 maintenance, online rent payment, and online resident portals for easy communications.",$250,$35,$35,$35,Yes,Yes,Yes,No,No,No,No,Chelsie Flores,614-360-2020
"75 S. High StDublin, OH 43017",https://offcampus.osu.edu/search-housing.aspx?property=15669&pricefrom=0&sort=1&alllandlords=0,00003D35,"$1,575.00",8/1/2026,7/15/2027,1 year,No,Yes,$1575,DPG Properties,Duplex/Town House,University District: Northeast,Above Ground,"Columbus, OH",2,"1 full, 0 half",4,No,Yes,Laundry facilities in the unit,Yes,0,No,n/a,n/a,Yes,No,No,n/a,n/a,No,Yes,Central A/C,Yes,Yes,Yes,No,No,Yes,,$500,$50,$50,$50,Yes,Yes,Yes,No,No,No,No,David Galbreath,614-360-8400
1355 N. High St. - The King North High Street,https://offcampus.osu.edu/search-housing.aspx?property=21566&pricefrom=0&sort=1&alllandlords=0,0000543E,"$1,579.00",08-20-2026,07-31-2027,12-month,No,Yes,$0,VERVE Columbus,Apartment,University District: Central,Above Ground,"Columbus, OH",0,"1 full, 0 half",1,Yes,No,Laundry facilities in the unit,Yes,132,Yes,n/a,n/a,Yes,,Yes,$160,n/a,Yes,No,Central A/C,Yes,Yes,Yes,Yes,No,No,,$300,$30,$0,$0,Yes,Yes,Yes,Yes,No,No,No,,
"PO Box 12788Columbus, OH 43212",https://offcampus.osu.edu/search-housing.aspx?property=21953&pricefrom=0&sort=1&alllandlords=0,000055C1,"$1,585.00",08-20-2026,07-29-2027,12 months,No,No,$1585,Peak Property Group,Duplex/Town House,University District: Southeast,Ground Level,"Columbus, OH",3,"1 full, 0 half",2,No,No,Laundry facilities in the unit,Yes,0,No,n/a,n/a,Yes,,No,n/a,n/a,No,No,Central A/C,Yes,Yes,Yes,No,No,No,"Available Fall 2026! Located close to OSU Campus, Downtown Columbus, and the Short North!

Key Features Include:
- Dishwasher
- Air Conditioning
- Hardwood Flooring
- Washer & Dryer
- Off-Street Parking

Professionally managed by Peak Property Group. We are proud to offer friendly professional service, 24/7 maintenance, online rent payment, and online resident portals for easy communications.",$250,$35,$35,$35,Yes,Yes,Yes,No,No,No,No,Chelsie Flores,614-360-2020
131 West 8th Avenue Unit A,https://offcampus.osu.edu/search-housing.aspx?property=19427&pricefrom=0&sort=1&alllandlords=0,00004BE3,"$1,595.00",8/4/2026,7/19/2027,12 months,No,Yes,$1595,Peak Property Group,Apartment,University District: Southwest,Ground Level,"Columbus, OH",2,"1 full, 0 half",3,No,Yes,Laundry facilities in the building,Yes,1,Yes,n/a,n/a,Yes,,No,n/a,n/a,No,No,Central A/C,Yes,Yes,Yes,No,No,Yes,TO SCHEDULE A SHOWING: www.peakpropertygroup.com,$250,$35,$35,$35,Yes,Yes,Yes,No,No,No,No,,
293  East 14th  Avenue,https://offcampus.osu.edu/search-housing.aspx?property=19608&pricefrom=0&sort=1&alllandlords=0,00004C98,"$1,595.00",08/01/2026,07//012027,12 months,No,Yes,$1595,Peak Property Group,Half Double,University District: Central,Ground Level,"Columbus, OH",4,"1 full, 0 half",5,No,Yes,Laundry facilities in the building,Yes,2,Yes,n/a,n/a,Yes,,No,n/a,n/a,No,No,Central A/C,Yes,Yes,Yes,No,No,Yes,TO SCHEDULE A SHOWING: www.peakpropertygroup.com,$250,$35,$35,$35,Yes,Yes,Yes,No,No,No,No,,
1410 Indianola Avenue,https://offcampus.osu.edu/search-housing.aspx?property=18268&pricefrom=0&sort=1&alllandlords=0,0000475C,"$1,595.00",7/28/2026,7/21/2027,12 months,No,Yes,$1595,Peak Property Group,House,University District: Southeast,Above Ground,"Columbus, OH",4,"1 full, 0 half",5,No,Yes,Laundry Hookup,Yes,2,Yes,n/a,n/a,Yes,,No,n/a,n/a,No,No,Central A/C,Yes,Yes,Yes,No,Yes,Yes,"TO SCHEDULE A SHOWING: (380) 888-3627 or 1410-indianola-ave@rent.dynasty.com

WEBSITE: www.peakpropertygroup.com",$250,$35,$35,$35,Yes,Yes,Yes,No,No,No,No,,
92 - 98 West Norwich Avenue,https://offcampus.osu.edu/search-housing.aspx?property=21922&pricefrom=0&sort=1&alllandlords=0,000055A2,"$1,595.00",08/17/2026,08/03/2027,12 Months,No,Yes,$1000,"CBus Best Rentals, Jennifer McLaughlin",Duplex/Town House,University District: Central,Above Ground,"Columbus, OH",2,"1 full, 0 half",2,No,No,None,Yes,2,Yes,n/a,$185,Yes,,No,n/a,n/a,No,No,Central A/C,No,Yes,Yes,No,No,No,,$0,$0,$0,$0,No,No,No,No,Yes,No,No,,
120 West Maynard Avenue,https://offcampus.osu.edu/search-housing.aspx?property=13177&pricefrom=0&sort=1&alllandlords=0,00003379,"$1,595.00",8/20/26,8/5/27,50 weeks,No,Yes,$1595,Buckeye Real Estate,Duplex/Town House,University District: Northwest,Ground Level,"Columbus, OH",2,"1 full, 0 half",3,No,No,Laundry facilities in the building,Yes,2,Yes,n/a,n/a,Yes,No,No,n/a,n/a,No,No,Central A/C,Yes,Yes,Yes,No,No,No,Microhood,$$250.00,$0,$0,$0,Yes,Yes,Yes,No,Yes,No,No,,
"2844 Atoll DrLewis Center, OH 43035",https://offcampus.osu.edu/search-housing.aspx?property=9397&pricefrom=0&sort=1&alllandlords=0,000024B5,"$1,599.00",05-15-2026,07-31-2027,10 Months,No,Yes,$1599,C.E. Investments,Duplex/Town House,University District: Central,Ground Level,"Columbus, OH",2,"1 full, 0 half",2,No,No,Laundry facilities in the unit,Yes,2,Yes,n/a,n/a,No,No,No,n/a,n/a,No,No,Central A/C,No,Yes,Yes,No,No,No,,$280,$35,$0,$0,Yes,Yes,Yes,No,No,No,No,Jerry Einsiedel,330-692-3200
77 McMillen Avenue Unit 77,https://offcampus.osu.edu/search-housing.aspx?property=7490&pricefrom=0&sort=1&alllandlords=0,00001D42,"$1,599.00",08-19-2026,07-31-2027,12 months,No,No,$1599,Hometeam,Half Double,University District: Southwest,Ground Level,"Columbus, OH",3,"1 full, 0 half",4,No,No,None,Yes,0,Yes,$Ask us about our pricing,n/a,Yes,No,No,n/a,n/a,No,No,Central A/C,Yes,Yes,Yes,No,Yes,Yes,,$0,$0,$0,$0,Yes,Yes,Yes,No,No,No,No,,
1351 Hunter Avenue Unit 2,https://offcampus.osu.edu/search-housing.aspx?property=7539&pricefrom=0&sort=1&alllandlords=0,00001D73,"$1,599.00",08-19-2026,07-31-2027,12 months,No,No,$1599,Hometeam,Apartment,University District: Southwest,Above Ground,"Columbus, OH",3,"1 full, 0 half",3,No,No,None,Yes,0,Yes,$Ask us about our pricing,n/a,Yes,No,No,n/a,n/a,No,No,Central A/C,No,Yes,Yes,No,No,Yes,,$0,$0,$0,$0,Yes,Yes,Yes,No,No,No,No,,
192 East 11th Avenue Unit B,https://offcampus.osu.edu/search-housing.aspx?property=20976&pricefrom=0&sort=1&alllandlords=0,000051F0,"$1,599.00",08-19-2026,07-31-2027,12 months,No,No,$1599,Hometeam,Duplex/Town House,University District: Southeast,Ground Level,"Columbus, OH",3,"1 full, 0 half",3,No,No,Laundry facilities in the unit,Yes,0,No,$Ask us about our pricing,n/a,Yes,,No,n/a,n/a,No,No,Window A/C,Yes,Yes,Yes,No,No,Yes,,$0,$0,$0,$0,Yes,Yes,Yes,No,No,No,No,,
127 East 11th Avenue Unit 127,https://offcampus.osu.edu/search-housing.aspx?property=13506&pricefrom=0&sort=1&alllandlords=0,000034C2,"$1,600.00",08-19-2026,07-31-2027,12 months,No,No,$1600,Hometeam,Duplex/Town House,University District: Southeast,Above Ground,"Columbus, OH",2,"1 full, 0 half",2,No,Yes,Laundry Hookup,Yes,0,Yes,$Ask us about our pricing,n/a,Yes,No,No,n/a,n/a,No,No,Central A/C,Yes,Yes,Yes,No,No,Yes,,$0,$0,$0,$0,Yes,Yes,Yes,No,No,No,No,,
"7700 Rivers Edge Dr Suite 100Columbus, OH 43235",https://offcampus.osu.edu/search-housing.aspx?property=21965&pricefrom=0&sort=1&alllandlords=0,000055CD,"$1,600.00",08-15-2026,08-15-2027,1 Year,No,No,$1000.00,Re/Max Revealty,Duplex/Town House,University District: Northeast,Above Ground,"Columbus, OH",3,"1 full, 0 half",3,No,Yes,Laundry facilities in the building,Yes,0,Yes,n/a,n/a,Yes,,No,n/a,n/a,No,No,Central A/C,Yes,Yes,Yes,No,Yes,Yes,,$500,$0,$0,$0,Yes,Yes,No,No,No,No,No,Barbara White,614-560-9124
"7700 Rivers Edge Dr Suite 100Columbus, OH 43235",https://offcampus.osu.edu/search-housing.aspx?property=21966&pricefrom=0&sort=1&alllandlords=0,000055CE,"$1,600.00",08-15-2026,08-15-2027,1 Year,No,No,$1500,Re/Max Revealty,Duplex/Town House,University District: Northeast,Ground Level,"Columbus, OH",3,"1 full, 0 half",0,No,Yes,Laundry facilities in the building,Yes,0,No,n/a,n/a,Yes,,No,n/a,n/a,No,No,Central A/C,Yes,Yes,Yes,No,Yes,Yes,,$500,$0,$0,$0,Yes,Yes,No,Yes,No,No,No,Barbara White,614-560-9124
130 East Woodruff Avenue Unit 3B,https://offcampus.osu.edu/search-housing.aspx?property=17680&pricefrom=0&sort=1&alllandlords=0,00004510,"$1,600.00",8/16/2026,8/6/2027,12-month,No,Yes,$1600,Pella Company,Apartment,University District: Central,Above Ground,"Columbus, OH",2,"1 full, 0 half",3,No,No,Laundry facilities in the building,Yes,1,Yes,n/a,$100,Yes,,No,n/a,n/a,No,No,Central A/C,Yes,Yes,Yes,No,No,No,,$0,$0,$0,$0,No,No,No,No,No,No,No,,
130 East Woodruff Avenue Unit 2C,https://offcampus.osu.edu/search-housing.aspx?property=16534&pricefrom=0&sort=1&alllandlords=0,00004096,"$1,600.00",08/16/2026,08/06/2027,12-month,No,Yes,$1600,Pella Company,Apartment,University District: Central,Above Ground,"Columbus, OH",2,"1 full, 0 half",3,No,No,Laundry facilities in the building,Yes,1,Yes,n/a,$100,No,,Yes,n/a,n/a,No,No,Central A/C,Yes,Yes,Yes,No,No,No,,$0,$0,$0,$0,No,No,No,No,No,No,No,,
130 East Woodruff Avenue Unit 2B,https://offcampus.osu.edu/search-housing.aspx?property=16533&pricefrom=0&sort=1&alllandlords=0,00004095,"$1,600.00",08/09/2026,08/06/2027,12-month,Yes,Yes,$1600,Pella Company,Apartment,University District: Central,Above Ground,"Columbus, OH",2,"1 full, 0 half",3,No,No,Laundry facilities in the building,Yes,1,Yes,n/a,$100,Yes,,No,n/a,n/a,No,No,Central A/C,Yes,Yes,Yes,No,No,No,,$0,$0,$0,$0,No,No,No,No,No,No,No,,
130 East Woodruff Avenue Unit 1C,https://offcampus.osu.edu/search-housing.aspx?property=16531&pricefrom=0&sort=1&alllandlords=0,00004093,"$1,600.00",08/16/2026,08/06/2027,12-month,No,Yes,$1600,Pella Company,Apartment,University District: Central,Above Ground,"Columbus, OH",2,"1 full, 0 half",3,No,No,Laundry facilities in the building,Yes,1,Yes,n/a,$100,Yes,,No,n/a,n/a,No,No,Central A/C,Yes,Yes,Yes,No,No,No,,$0,$0,$0,$0,No,No,No,No,No,No,No,,
130 East Woodruff Avenue Unit 1B,https://offcampus.osu.edu/search-housing.aspx?property=16530&pricefrom=0&sort=1&alllandlords=0,00004092,"$1,600.00",08/16/2026,08/06/2027,12-month,No,Yes,$1600,Pella Company,Apartment,University District: Central,Ground Level,"Columbus, OH",2,"1 full, 0 half",3,No,No,Laundry facilities in the building,Yes,1,Yes,n/a,$100,Yes,,No,n/a,n/a,No,No,Central A/C,Yes,Yes,Yes,No,No,No,,$0,$0,$0,$0,No,No,No,No,No,No,No,,
154  East Norwich Avenue Unit A,https://offcampus.osu.edu/search-housing.aspx?property=16502&pricefrom=0&sort=1&alllandlords=0,00004076,"$1,600.00",08/16/2026,08/06/27,12 months,No,Yes,$1600,Pella Company,Apartment,University District: Northeast,Ground Level,"Columbus, OH",2,"1 full, 0 half",3,No,No,Laundry facilities in the unit,Yes,2,Yes,n/a,$100,Yes,,No,n/a,n/a,No,No,Central A/C,Yes,Yes,Yes,No,No,No,,$0,$0,$0,$0,No,No,No,No,No,No,No,,
160 East Norwich Avenue Unit 4,https://offcampus.osu.edu/search-housing.aspx?property=16510&pricefrom=0&sort=1&alllandlords=0,0000407E,"$1,600.00",08/16/2026,08/06/2027,356 Days,No,Yes,$1600,Pella Company,Duplex/Town House,University District: Northeast,Ground Level,"Columbus, OH",2,"2 full, 0 half",3,No,Yes,Laundry facilities in the unit,Yes,2,Yes,n/a,$100,Yes,,No,n/a,n/a,No,No,Central A/C,Yes,Yes,Yes,No,No,No,,$0,$0,$0,$0,No,No,No,No,No,No,No,,
"1206 N. 4th StreetColumbus, OH 43201",https://offcampus.osu.edu/search-housing.aspx?property=22044&pricefrom=0&sort=1&alllandlords=0,0000561C,"$1,609.00 - $2,217.00",02-18-2026,Any,6-18 Months,No,No,$$99 or Full Month Rent,Grant Commons Apartments,Duplex/Town House,University District: Southeast,Above Ground,"Columbus, OH",3,"2 full, 1 half",3,No,No,Laundry facilities in the unit,Yes,3,Yes,n/a,n/a,Yes,,No,n/a,n/a,No,No,Central A/C,Yes,Yes,Yes,No,No,No,,$300,$50,$50,$50,Yes,Yes,Yes,No,No,No,No,Irelynn Coy,380-800-6934
1234 Steelwood Road Model A1 (Sublet),https://offcampus.osu.edu/search-housing.aspx?property=17489&pricefrom=0&sort=1&alllandlords=0&sublet=true,00004451,"$1,270.00",1/1/2026,7/1/2026,12 Months,No,Yes,$0.00,The Griff,Apartment,University District: Southwest,Above Ground,"Columbus, OH",1,"1 full, 0 half",2,Yes,No,Laundry facilities in the unit,Yes,1,Yes,$$0,$$0,No,,Yes,$50,$600,Yes,No,Central A/C,Yes,Yes,Yes,Yes,No,Yes,"The Griff's off-campus community in Columbus, Ohio, is your ideal place to start a fresh chapter, meet life-long friends, make new memories, and advance your education – all in a convenient neighborhood location near The Ohio State University. When you’re not relaxing in your spacious one, two, three, or four bedroom apartment, you’re enjoying lavish community amenities, studying for your next exam, or out exploring the Grandview Area.",$350,$25,$25,$25,Yes,Yes,Yes,No,Yes,No,Yes,,
1517 Summit Street,https://offcampus.osu.edu/search-housing.aspx?property=19837&pricefrom=0&sort=1&alllandlords=0,00004D7D,"$1,650.00",08-06-2026,7/31/2027,12 months,No,No,$$1650,Trusted Companies,Duplex/Town House,University District: Southeast,Above Ground,"Columbus, OH",3,"1 full, 1 half",3,No,Yes,Laundry facilities in the unit,Yes,3,Yes,n/a,n/a,Yes,,No,n/a,n/a,No,No,Central A/C,Yes,Yes,Yes,No,Yes,No,"*Walkthroughs Now*
LARGE 3 Bedroom 1.5 bath unit available for the 2026 school year!
PERFECT LOCATION for south campus college student or those looking to live VERY close to downtown and the short north.

Additional Details
Address is 1517 Summit St. It's a large 3 bedroom house. The entire ground floor is open shared space with high loft ceilings and hardwood floors.
- 3 bed, 1.5 bath
- Central Air (AC) and central heating.
- Pets allowed (pet fee will be assessed)
- Large backyard for gatherings, cookouts, etc.
- Washer, dryer, and dishwasher included
- Easy access to campus/Ohio Union, the short north and highways (71 and 670)
- 3 dedicated parking spots in back and there's always free open parking out front
- 2 big communal rooms on main floor
- Huge kitchen with a breakfast bar
- Hardwood floors
- Walking distance to many bars and restaurants and OSU campus.

Message me to set up a showing!",$0,$25,$25,$25,Yes,Yes,Yes,Yes,No,No,No,,
2159 Indianola Avenue,https://offcampus.osu.edu/search-housing.aspx?property=10367&pricefrom=0&sort=1&alllandlords=0,0000287F,"$1,650.00 - $1,800.00",08-01-2026,07-30-2027,12 months,No,No,$1650,S&G Properties,Half Double,University District: Central,Ground Level,"Columbus, OH",3,"2 full, 0 half",3,No,Yes,Laundry facilities in the unit,Yes,0,No,n/a,n/a,Yes,No,No,n/a,n/a,No,No,Central A/C,Yes,Yes,Yes,No,Yes,Yes,"2 full bathrooms. mini blinds. Central air.  Fenced yard. Some hardwood floors.
huge backyard patio. Free laundry in basement.
Call 614-395-2576",$0,$0,$0,$0,No,No,No,No,No,No,No,,
"75 S. High StDublin, OH 43017",https://offcampus.osu.edu/search-housing.aspx?property=11919&pricefrom=0&sort=1&alllandlords=0,00002E8F,"$1,650.00",8/1/2026,7/15/2027,1 year,No,Yes,$1650,DPG Properties,Duplex/Town House,University District: Northeast,Above Ground,"Columbus, OH",3,"1 full, 0 half",3,No,No,Laundry facilities in the unit,Yes,2,Yes,n/a,n/a,Yes,No,No,n/a,n/a,No,No,Central A/C,No,Yes,Yes,No,Yes,Yes,,$500,$50,$50,$50,Yes,Yes,Yes,No,No,No,No,David Galbreath,614-360-8400
40 East Lane  Avenue Unit 1B,https://offcampus.osu.edu/search-housing.aspx?property=16491&pricefrom=0&sort=1&alllandlords=0,0000406B,"$1,650.00",08/09/2026,07/31/2027,356 Days,No,Yes,$1650,Pella Company,Apartment,University District: Northeast,Ground Level,"Columbus, OH",2,"1 full, 0 half",3,No,No,Laundry facilities in the building,Yes,2,Yes,n/a,$100,No,,No,n/a,n/a,No,No,Central A/C,Yes,Yes,Yes,No,No,No,,$0,$0,$0,$0,No,No,No,No,No,No,No,,
40 East Lane Avenue Unit 2A,https://offcampus.osu.edu/search-housing.aspx?property=16492&pricefrom=0&sort=1&alllandlords=0,0000406C,"$1,650.00",08/09/2026,07/31/2027,356 Days,No,Yes,$1650,Pella Company,Apartment,University District: Northeast,Above Ground,"Columbus, OH",2,"1 full, 0 half",3,No,No,Laundry facilities in the building,Yes,2,Yes,n/a,$100,No,,No,n/a,n/a,No,No,Central A/C,Yes,Yes,Yes,No,No,No,,$0,$0,$0,$0,No,No,No,No,No,No,No,,
240 East 16th Avenue Unit 240,https://offcampus.osu.edu/search-housing.aspx?property=21108&pricefrom=0&sort=1&alllandlords=0,00005274,"$1,650.00",08-19-2026,07-31-2027,12 months,No,No,$1650,Hometeam,Duplex/Town House,University District: Central,Ground Level,"Columbus, OH",2,"1 full, 0 half",2,No,No,Laundry facilities in the unit,Yes,0,No,$Ask us about our pricing,n/a,Yes,,No,n/a,n/a,No,No,Window A/C,Yes,Yes,Yes,No,No,No,,$0,$0,$0,$0,Yes,Yes,Yes,No,No,No,No,,
2252 West Neil Avenue,https://offcampus.osu.edu/search-housing.aspx?property=14988&pricefrom=0&sort=1&alllandlords=0,00003A8C,"$1,650.00",08/11/2025,07/11/2026,"August 11, 2025- July 11, 2026",No,Yes,$1500,"Locations, Ltd",House,University District: Northwest,Ground Level,"Columbus, OH",3,"1 full, 0 half",3,No,Yes,Laundry Hookup,Yes,1,Yes,$380,n/a,Yes,No,No,n/a,n/a,No,No,None,Yes,Yes,Yes,No,Yes,Yes,,$0,$0,$0,$0,No,No,No,No,No,No,No,,
120 West Blake Avenue,https://offcampus.osu.edu/search-housing.aspx?property=14812&pricefrom=0&sort=1&alllandlords=0,000039DC,"$1,675.00",8/10/26,7/30/27,12 months,No,No,$1675,"Campus Rentals, LLC",House,University District: Northwest,Above Ground,"Columbus, OH",2,"1 full, 0 half",2,No,Yes,Laundry facilities in the building,Yes,2,Yes,n/a,n/a,Yes,No,Yes,n/a,n/a,No,No,Central A/C,No,Yes,Yes,Yes,Yes,Yes,"2BR House - Great West Campus Location!

Nice spot for students! This 2-bedroom, 1-bathroom house is in a great location west of Neil Avenue. Perfect for roommates who want a real house feel close to campus.

What You Get:
- 2 bedrooms, 1 bathroom
- Great location west of Neil Avenue
- Hardwood floors throughout
- New windows and new 90% efficient HVAC
- Good parking: 1 space plus 1-car garage
- Fenced-in backyard for privacy
- Big front porch - great for hanging out
- Washer and dryer included
- Professional security system

This house has character with the front porch and private backyard, plus all the practical stuff you need like good parking and updated systems. The west campus location gives you easy access to everything.

Contact:
John Byrne
(614) 206-5855
johnbyrne5855@gmail.com",$0,$0,$0,$0,No,No,No,No,No,No,No,,
180 West 9th Avenue Unit B,https://offcampus.osu.edu/search-housing.aspx?property=13348&pricefrom=0&sort=1&alllandlords=0,00003424,"$1,680.00",08/20/26,08/05/2027,50 Weeks,No,Yes,$1680,Buckeye Real Estate,Duplex/Town House,University District: Southwest,Above Ground,"Columbus, OH",4,"2 full, 0 half",5,No,No,None,Yes,1,Yes,n/a,n/a,Yes,No,No,n/a,n/a,No,No,Central A/C,Yes,Yes,Yes,No,No,No,Microhood,$$250,$0,$0,$0,Yes,Yes,Yes,No,No,No,No,,
180 West 9th Avenue Unit A,https://offcampus.osu.edu/search-housing.aspx?property=13347&pricefrom=0&sort=1&alllandlords=0,00003423,"$1,680.00",08/20/26,08/05/2027,12 Months,No,Yes,$1680,Buckeye Real Estate,Duplex/Town House,University District: Southwest,Above Ground,"Columbus, OH",4,"2 full, 0 half",5,No,No,None,Yes,1,Yes,n/a,n/a,Yes,No,No,n/a,n/a,No,No,Central A/C,Yes,Yes,Yes,No,No,No,Microhood,$$250,$0,$0,$0,Yes,Yes,Yes,No,No,No,No,,
2353 North High Street Unit 1/2,https://offcampus.osu.edu/search-housing.aspx?property=19831&pricefrom=0&sort=1&alllandlords=0,00004D77,"$1,695.00",08-13-2026,07-26-2027,12 months,No,Yes,$1695,Peak Property Group,Duplex/Town House,University District: Northwest,Above Ground,"Columbus, OH",3,"1 full, 0 half",4,No,No,Laundry facilities in the building,Yes,0,No,n/a,n/a,Yes,,No,n/a,n/a,No,No,Central A/C,No,Yes,Yes,No,Yes,No,WEBSITE: www.peakpropertygroup.com,$250,$35,$35,$35,Yes,Yes,Yes,No,No,No,No,,
"PO Box 12788Columbus, OH 43212",https://offcampus.osu.edu/search-housing.aspx?property=21863&pricefrom=0&sort=1&alllandlords=0,00005567,"$1,695.00",07/28/2026,07/12/2027,12 months,No,Yes,$1695,Peak Property Group,Duplex/Town House,University District: Southeast,Above Ground,"Columbus, OH",3,"2 full, 0 half",4,No,Yes,Laundry Hookup,Yes,2,Yes,n/a,n/a,Yes,,Yes,n/a,n/a,No,No,Central A/C,Yes,Yes,Yes,No,Yes,Yes,,$250,$35,$0,$0,Yes,Yes,Yes,No,No,No,No,Chelsie Flores,614-360-2020
383 East 13th Avenue,https://offcampus.osu.edu/search-housing.aspx?property=12521&pricefrom=0&sort=1&alllandlords=0,000030E9,"$1,695.00",08/13/2026,07/26/2027,12 months,No,Yes,$1695,Peak Property Group,Duplex/Town House,University District: Central,Ground Level,"Columbus, OH",3,"1 full, 0 half",4,No,Yes,Laundry facilities in the unit,Yes,1,Yes,n/a,n/a,Yes,No,No,n/a,n/a,No,No,Central A/C,Yes,Yes,Yes,No,Yes,Yes,TO SCHEDULE A SHOWING: www.peakpropertygroup.com,$250,$35,$35,$35,Yes,Yes,Yes,No,No,No,No,,
2357 North High Street Unit 1/2,https://offcampus.osu.edu/search-housing.aspx?property=20354&pricefrom=0&sort=1&alllandlords=0,00004F82,"$1,695.00",07/28/2026,7/12/2027,12 months,No,Yes,$1695,Peak Property Group,Duplex/Town House,University District: Northwest,Above Ground,"Columbus, OH",3,"1 full, 0 half",4,No,Yes,Laundry facilities in the building,Yes,0,No,n/a,n/a,Yes,,No,n/a,n/a,No,No,None,Yes,Yes,Yes,No,No,No,TO SCHEDULE A SHOWING: www.peakpropertygroup.com,$250,$35,$35,$35,Yes,Yes,Yes,No,No,No,No,,
70 Euclid Avenue,https://offcampus.osu.edu/search-housing.aspx?property=20567&pricefrom=0&sort=1&alllandlords=0,00005057,"$1,695.00",08/20/2026,07/12/2027,12 months,No,Yes,$1695,Peak Property Group,Duplex/Town House,University District: Southeast,Above Ground,"Columbus, OH",3,"1 full, 0 half",4,No,Yes,Laundry Hookup,Yes,1,Yes,n/a,n/a,Yes,,No,n/a,n/a,No,No,Central A/C,Yes,Yes,Yes,No,Yes,Yes,"TO SCHEDULE A SHOWING: (380) 212-2413 or 70-72-euclid-ave@rent.dynasty.com

WEBSITE: www.peakpropertygroup.com",$0,$0,$0,$0,No,No,No,No,No,No,No,,
250 Chittenden Avenue Unit 3,https://offcampus.osu.edu/search-housing.aspx?property=20482&pricefrom=0&sort=1&alllandlords=0,00005002,"$1,695.00",8/01/26,7/01/27,12 months,No,Yes,$99,Peak Property Group,Apartment,University District: Central,Above Ground,"Columbus, OH",3,"2 full, 0 half",4,No,No,Laundry facilities in the unit,Yes,3,Yes,$$95/spot; $150/stall,n/a,Yes,,No,n/a,n/a,No,No,Central A/C,Yes,Yes,Yes,No,No,No,TO SCHEDULE A SHOWING: 614-360-2020/peakpropertygroup.com,$250,$35,$35,$35,Yes,Yes,Yes,No,No,No,No,,
2355 North High Street Unit 1/2,https://offcampus.osu.edu/search-housing.aspx?property=20497&pricefrom=0&sort=1&alllandlords=0,00005011,"$1,695.00",08/04/2026,07-19-2027,12 months,No,Yes,$1695,Peak Property Group,Duplex/Town House,University District: Northwest,Above Ground,"Columbus, OH",4,"1 full, 0 half",5,No,No,Laundry facilities in the unit,Yes,0,No,n/a,n/a,Yes,,No,n/a,n/a,No,No,Central A/C,Yes,Yes,Yes,No,Yes,No,TO SCHEDULE A SHOWING: www.peakpropertygroup.com,$250,$35,$35,$35,Yes,Yes,Yes,No,No,No,No,,
"PO BOX 403Dublin, OH 43017",https://offcampus.osu.edu/search-housing.aspx?property=21543&pricefrom=0&sort=1&alllandlords=0,00005427,"$1,695.00",05-20-2026,05-20-2027,1 Year,No,No,$1695,Simplicity Property Management,Condominium,University District: Southwest,Ground Level,"Columbus, OH",2,"2 full, 0 half",2,No,No,Laundry facilities in the unit,Yes,0,No,n/a,n/a,Yes,,No,n/a,n/a,No,Yes,Central A/C,Yes,Yes,Yes,No,Yes,Yes,,$400,$50,$50,$40,Yes,Yes,Yes,No,No,No,No,Bob Haas,330-328-2993
"PO Box 12788Columbus, OH 43212",https://offcampus.osu.edu/search-housing.aspx?property=21670&pricefrom=0&sort=1&alllandlords=0,000054A6,"$1,696.00 - $1,695.00",08/01/2026,07/01/2027,12 months,No,No,$1695,Peak Property Group,Duplex/Town House,University District: Central,Above Ground,"Columbus, OH",3,"2 full, 0 half",4,No,Yes,Laundry Hookup,Yes,2,Yes,n/a,n/a,Yes,,No,n/a,n/a,No,No,Central A/C,Yes,Yes,Yes,No,Yes,Yes,TO SCHEDULE A SHOWING: (614) 467-0930 or 74-76-euclid-ave@rent.dynasty.com,$99,$35,$0,$0,Yes,Yes,Yes,No,No,No,No,Chelsie Flores,614-360-2020
"PO Box 12788Columbus, OH 43212",https://offcampus.osu.edu/search-housing.aspx?property=21967&pricefrom=0&sort=1&alllandlords=0,000055CF,"$1,700.00",08-20-2026,07-29-2027,12 Months,No,No,$1700,Peak Property Group,Duplex/Town House,University District: Central,Ground Level,"Columbus, OH",4,"1 full, 0 half",0,No,No,Laundry facilities in the unit,Yes,1,Yes,n/a,n/a,No,,No,n/a,n/a,No,No,Central A/C,Yes,Yes,Yes,No,No,Yes,"This 4-bedroom features off-street parking and is located near downtown Columbus and the Short North!

Key Features Include:
- Off-Street Parking
- Dishwasher
- Air Conditioning
- Washer & Dryer
- Hardwood Flooring
- Pet Friendly

Professionally managed by Peak Property Group. We are proud to offer friendly professional service, 24/7 maintenance, online rent payment, and online resident portals for easy communications.",$250,$35,$35,$35,Yes,Yes,Yes,No,No,No,No,Chelsie Flores,614-360-2020
"PO Box 12788Columbus, OH 43212",https://offcampus.osu.edu/search-housing.aspx?property=21964&pricefrom=0&sort=1&alllandlords=0,000055CC,"$1,700.00",08-20-2026,07-29-2027,12 Months,No,No,$1700,Peak Property Group,Duplex/Town House,University District: Central,Ground Level,"Columbus, OH",4,"2 full, 0 half",8,No,No,Laundry facilities in the unit,Yes,0,Yes,n/a,n/a,No,,No,n/a,n/a,No,No,Central A/C,Yes,Yes,Yes,No,No,Yes,"Located just a short walk to the Ohio Union, Gateway Film Center, and all North High Street has to offer!

Key Features Include:
- Off-Street Parking
- Air Conditioning
- Dishwasher
- Hardwood Flooring
- Spacious Bedrooms
- Lots of Natural Light
- Washer & Dryer Hookups
- Front Porch
- Back Deck & Yard
- Pet Friendly

Professionally managed by Peak Property Group. We are proud to offer friendly professional service, 24/7 maintenance, online rent payment, and online resident portals for easy communications.",$250,$35,$35,$35,Yes,Yes,Yes,No,No,No,No,Chelsie Flores,614-360-2020
65 18th Avenue,https://offcampus.osu.edu/search-housing.aspx?property=18333&pricefrom=0&sort=1&alllandlords=0,0000479D,"$1,700.00 - $1,900.00",08-01-2026,07-30-2027,1 year,No,No,$1900,S&G Properties,Apartment,University District: Central,Above Ground,"Columbus, OH",3,"1 full, 0 half",3,Yes,No,Laundry facilities in the building,Yes,27,Yes,n/a,$700,Yes,,No,n/a,n/a,No,No,Central A/C,Yes,Yes,Yes,No,No,No,"www.65east18th.com

Brand new Granite kitchens.  Great Central campus location.  This secure building is 150 feet behind McDonalds.  We have secure coded entry locks, AC, and large living areas.  2 & 3 bedroom apartments available.  Text or call to show-614-395-2576.",$250,$0,$0,$0,Yes,Yes,Yes,No,No,No,No,,
"P.O. Box 20467Columbus, OH 43220",https://offcampus.osu.edu/search-housing.aspx?property=21804&pricefrom=0&sort=1&alllandlords=0,0000552C,"$1,700.00 - $1,750.00",08-01-2026,07-30-2027,350 days,No,No,$1700,S&G Properties,Apartment,University District: Southeast,Above Ground,"columbus, OH",4,"1 full, 0 half",4,No,No,Laundry facilities in the building,Yes,25,Yes,n/a,n/a,Yes,,No,n/a,n/a,Yes,No,Central A/C,Yes,Yes,Yes,No,No,Yes,New Granite kitchens hard surface flooring.  Nice and clean and super close to campus,$0,$0,$0,$0,No,No,No,No,No,No,No,Phil Crawford,614-395-1993
30 East Lane Avenue Unit 204,https://offcampus.osu.edu/search-housing.aspx?property=17644&pricefrom=0&sort=1&alllandlords=0,000044EC,"$1,700.00",08/16/2026,08/06/2027,356 Days,No,Yes,$1700,Pella Company,Apartment,University District: Northeast,Above Ground,"Columbus, OH",2,"1 full, 0 half",3,No,No,Laundry facilities in the building,Yes,1,Yes,n/a,$100,No,,No,n/a,n/a,No,No,Central A/C,Yes,Yes,Yes,No,No,No,,$ 0,$0,$0,$0,No,No,No,No,Yes,No,No,,
30 East Lane Avenue Unit 304,https://offcampus.osu.edu/search-housing.aspx?property=17653&pricefrom=0&sort=1&alllandlords=0,000044F5,"$1,700.00",08/16/2026,08/06/27,356 Days,No,Yes,$1700,Pella Company,Apartment,University District: Northeast,Above Ground,"Columbus, OH",2,"1 full, 0 half",5,No,No,Laundry facilities in the building,Yes,1,Yes,n/a,$100,No,,No,n/a,n/a,No,No,Central A/C,Yes,Yes,Yes,No,No,No,,$0,$0,$0,$0,No,No,No,No,No,No,No,,
30 East Lane Avenue Unit 106,https://offcampus.osu.edu/search-housing.aspx?property=17638&pricefrom=0&sort=1&alllandlords=0,000044E6,"$1,700.00",8/16/26,8/6/27,356 Days,No,Yes,$1700,Pella Company,Apartment,University District: Northeast,Ground Level,"Columbus, OH",2,"1 full, 0 half",3,No,No,Laundry facilities in the building,Yes,1,Yes,n/a,$100,No,,No,n/a,n/a,No,No,Central A/C,Yes,Yes,Yes,No,No,No,,$0,$0,$0,$0,No,No,No,No,Yes,No,No,,
30 East Lane Avenue Unit 105,https://offcampus.osu.edu/search-housing.aspx?property=17636&pricefrom=0&sort=1&alllandlords=0,000044E4,"$1,700.00",8/16/2026,8/6/2027,356 Days,No,Yes,$1700,Pella Company,Apartment,University District: Northeast,Ground Level,"Columbus, OH",2,"1 full, 0 half",3,No,No,Laundry facilities in the building,Yes,1,Yes,n/a,$100,No,,No,n/a,n/a,No,No,Central A/C,Yes,Yes,Yes,No,No,No,,$0,$0,$0,$0,No,No,No,No,Yes,No,No,,
165 East 11th Avenue Unit B4,https://offcampus.osu.edu/search-housing.aspx?property=13502&pricefrom=0&sort=1&alllandlords=0,000034BE,"$1,700.00",8/20/26,8/5/27,50 weeks,No,Yes,$1700,Buckeye Real Estate,Apartment,University District: Southeast,Above Ground,"Columbus, OH",2,"1 full, 0 half",3,No,No,Laundry facilities in the building,Yes,1,Yes,n/a,n/a,Yes,No,No,n/a,n/a,No,No,Central A/C,Yes,Yes,Yes,No,No,No,,$250,$0,$0,$0,Yes,Yes,Yes,No,Yes,No,No,,
165 East 11th Avenue Unit B2,https://offcampus.osu.edu/search-housing.aspx?property=13500&pricefrom=0&sort=1&alllandlords=0,000034BC,"$1,700.00",8/20/26,8/5/27,12 Months,No,Yes,$1700,Buckeye Real Estate,Apartment,University District: Southeast,Above Ground,"Columbus, OH",2,"1 full, 0 half",3,No,No,Laundry facilities in the building,Yes,1,Yes,n/a,n/a,Yes,No,No,n/a,n/a,No,No,Central A/C,Yes,Yes,Yes,No,No,No,,$250,$0,$0,$0,Yes,Yes,Yes,No,Yes,No,No,,
165 East 11th Avenue Unit-A5,https://offcampus.osu.edu/search-housing.aspx?property=13497&pricefrom=0&sort=1&alllandlords=0,000034B9,"$1,700.00",8/20/26,8/5/27,50 Weeks,No,Yes,$1700,Buckeye Real Estate,Apartment,University District: Southeast,Below Ground,"Columbus, OH",2,"1 full, 0 half",3,No,No,Laundry facilities in the building,Yes,1,Yes,n/a,n/a,Yes,No,No,n/a,n/a,No,No,Central A/C,Yes,Yes,Yes,No,No,No,,$250,$0,$0,$0,Yes,Yes,Yes,No,Yes,No,No,,
165 East 11th Avenue Unit A3,https://offcampus.osu.edu/search-housing.aspx?property=13495&pricefrom=0&sort=1&alllandlords=0,000034B7,"$1,700.00",8/20/26,8/5/27,50 Weeks,No,Yes,$1700,Buckeye Real Estate,Apartment,University District: Southeast,Below Ground,"Columbus, OH",2,"1 full, 0 half",3,No,No,Laundry facilities in the building,Yes,1,Yes,n/a,n/a,Yes,No,No,n/a,n/a,No,No,Central A/C,Yes,Yes,Yes,No,No,No,"Visit this link for Early Rental Options! https://www.buckeyerealestate.com/updates/

Fully remodeled two bedroom flat features dishwasher, micro hood, washer/dryer, central air, and ceiling fans. Off Street parking available.

Unit residents may purchase one reserved permit and one oversold permit

View our Leasing Procedure and a copy of our Lease Agreement at BuckeyeRealEstate.com > Future Residents > FAQs/Documents

Available Matterport tours may be from another, yet similar unit.
https://my.matterport.com/show/?m=HSnx4REDcTk

**information on this flyer subject to change**",$250,$0,$0,$0,Yes,Yes,Yes,No,Yes,No,No,,
165 East 11th Avenue Unit A1,https://offcampus.osu.edu/search-housing.aspx?property=13986&pricefrom=0&sort=1&alllandlords=0,000036A2,"$1,700.00",8/20/26,8/5/27,12 Months,No,Yes,$1700,Buckeye Real Estate,Apartment,University District: Southeast,Above Ground,"Columbus, OH",2,"1 full, 0 half",3,No,No,Laundry facilities in the unit,Yes,1,Yes,n/a,n/a,Yes,No,No,n/a,n/a,No,No,Central A/C,Yes,Yes,Yes,No,No,No,,$250,$0,$0,$0,Yes,Yes,Yes,No,Yes,No,No,,
1712 Summit Street Unit B,https://offcampus.osu.edu/search-housing.aspx?property=8998&pricefrom=0&sort=1&alllandlords=0,00002326,"$1,701.00",08-19-2026,07-31-2027,12 months,No,No,$1701,Hometeam,Apartment,University District: Central,Ground Level,"Columbus, OH",3,"1 full, 0 half",3,No,No,Laundry facilities in the unit,Yes,2,Yes,$Ask us about our pricing,n/a,No,No,No,n/a,n/a,No,No,Central A/C,Yes,Yes,Yes,No,No,Yes,,$0,$0,$0,$0,Yes,Yes,Yes,No,No,No,No,,
1663 North Pearl  Street,https://offcampus.osu.edu/search-housing.aspx?property=15243&pricefrom=0&sort=1&alllandlords=0,00003B8B,"$1,725.00",8/20/2026,7/29/2027,12 months,No,Yes,$1725,Peak Property Group,Apartment,University District: Central,Above Ground,"Columbus, OH",2,"1 full, 0 half",4,No,No,Laundry facilities in the unit,Yes,0,Yes,$95.00,n/a,Yes,No,No,n/a,n/a,No,No,Central A/C,Yes,Yes,Yes,No,No,No,"TO SCHEDULE A SHOWING: www.peakpropertygroup.com

Close-by parking available for an additional charge!",$250,$35,$35,$35,Yes,Yes,Yes,No,No,No,No,,
"PO Box 12788Columbus, OH 43212",https://offcampus.osu.edu/search-housing.aspx?property=21957&pricefrom=0&sort=1&alllandlords=0,000055C5,"$1,750.00",08/20/2026,07/29/2027,12,No,Yes,$1750,Peak Property Group,Apartment,University District: Southwest,Ground Level,"Columbus, OH",5,"2 full, 0 half",10,No,No,Laundry facilities in the unit,Yes,0,Yes,n/a,n/a,No,,No,n/a,n/a,No,No,Central A/C,Yes,Yes,Yes,No,No,No,,$250,$35,$0,$0,Yes,Yes,Yes,No,No,No,No,Chelsie Flores,614-360-2020
"2490 N High StApt-100Columbus, OH 43202",https://offcampus.osu.edu/search-housing.aspx?property=22031&pricefrom=0&sort=1&alllandlords=0,0000560F,"$1,750.00",02-16-2026,07-31-2027,12 months,Yes,Yes,$1750,Verge Developments LLC,Duplex/Town House,University District: Northeast,Above Ground,"columbus, OH",2,"2 full, 0 half",4,No,Yes,Laundry facilities in the unit,Yes,0,Yes,n/a,n/a,Yes,,No,n/a,n/a,No,No,Central A/C,Yes,Yes,Yes,No,Yes,No,on street parking available,$0,$30,$40,$30,Yes,Yes,Yes,Yes,No,No,No,Vic Chen,614-843-7333
"75 S. High StDublin, OH 43017",https://offcampus.osu.edu/search-housing.aspx?property=10205&pricefrom=0&sort=1&alllandlords=0,000027DD,"$1,750.00",8/1/2026,7/15/2027,12 Months,No,Yes,$1750,DPG Properties,Half Double,University District: Northeast,Above Ground,"Columbus, OH",2,"2 full, 0 half",4,No,Yes,Laundry facilities in the unit,Yes,1,Yes,n/a,n/a,Yes,No,No,n/a,n/a,No,Yes,Central A/C,Yes,Yes,Yes,Yes,Yes,Yes,,$500,$50,$50,$50,Yes,Yes,Yes,No,No,No,No,David Galbreath,614-360-8400
1919 Indianola Avenue Unit A,https://offcampus.osu.edu/search-housing.aspx?property=20975&pricefrom=0&sort=1&alllandlords=0,000051EF,"$1,750.00",08-19-2026,07-31-2027,12 months,No,No,$1750,Hometeam,Condominium,University District: Central,Ground Level,"Columbus, OH",2,"1 full, 0 half",2,No,No,Laundry facilities in the unit,Yes,0,No,$Ask us about our pricing,n/a,Yes,,No,n/a,n/a,No,No,Window A/C,Yes,Yes,Yes,No,No,No,,$0,$0,$0,$0,Yes,Yes,Yes,No,No,No,No,,
54  East Thirteenth  Avenue Unit A,https://offcampus.osu.edu/search-housing.aspx?property=18639&pricefrom=0&sort=1&alllandlords=0,000048CF,"$1,755.00",08/14/2026,07/30/2027,11.5 months,No,Yes,$1755,G.A.S. PROPERTIES,Apartment,University District: Central,Above Ground,"Columbus, OH",3,"1 full, 0 half",4,No,No,Laundry facilities in the unit,Yes,1,Yes,n/a,$350,Yes,,No,n/a,n/a,No,No,Central A/C,Yes,Yes,Yes,No,Yes,No,,$250,$25,$25,$25,Yes,Yes,Yes,No,No,No,No,,
1509 North High Street Unit A,https://offcampus.osu.edu/search-housing.aspx?property=17531&pricefrom=0&sort=1&alllandlords=0,0000447B,"$1,760.00",8/20/2026,8/05/2027,12 Months,No,Yes,$1760,Buckeye Real Estate,Apartment,University District: Southwest,Above Ground,"Columbus, OH",2,"2 full, 1 half",3,No,No,Laundry facilities in the unit,Yes,0,No,n/a,n/a,Yes,,No,n/a,n/a,No,No,Central A/C,Yes,Yes,Yes,No,No,No,,$250,$0,$0,$0,Yes,Yes,Yes,No,No,No,No,,
"15 E. Lane AveColumbus, OH 43201",https://offcampus.osu.edu/search-housing.aspx?property=21570&pricefrom=0&sort=1&alllandlords=0,00005442,"$1,770.00",08-19-2026,07-31-2027,12 months,No,Yes,$1770,Wilson Place,Duplex/Town House,University District: Northeast,Above Ground,"Columbus, OH",3,"1 full, 1 half",3,Yes,Yes,Laundry facilities in the unit,Yes,2,Yes,n/a,n/a,Yes,,No,n/a,n/a,No,Yes,Central A/C,Yes,Yes,Yes,No,No,Yes,,$250,$50,$50,$50,Yes,Yes,Yes,No,Yes,No,No,Jackie Storer,614-591-7009
"PO Box 12788Columbus, OH 43212",https://offcampus.osu.edu/search-housing.aspx?property=21864&pricefrom=0&sort=1&alllandlords=0,00005568,"$1,795.00",8/13/2026,7/26/2027,12 months,No,Yes,$1795,Peak Property Group,Duplex/Town House,University District: Southeast,Above Ground,"Columbus, OH",3,"2 full, 0 half",4,No,Yes,Laundry Hookup,Yes,2,Yes,n/a,n/a,Yes,,No,n/a,n/a,No,No,Central A/C,Yes,Yes,Yes,No,Yes,Yes,,$250,$35,$0,$0,Yes,Yes,Yes,No,No,No,No,Chelsie Flores,614-360-2020
177 East 11th Avenue,https://offcampus.osu.edu/search-housing.aspx?property=15387&pricefrom=0&sort=1&alllandlords=0,00003C1B,"$1,795.00",8/13/2026,7/26/2027,12 months,No,Yes,$1795,Peak Property Group,Half Double,University District: Central,Above Ground,"Columbus, OH",3,"1 full, 0 half",4,No,Yes,Laundry facilities in the unit,Yes,0,No,n/a,n/a,Yes,No,No,n/a,n/a,No,No,Central A/C,Yes,Yes,Yes,No,No,Yes,TO SCHEDULE A SHOWING: www.peakpropertygroup.com,$250,$35,$35,$35,Yes,Yes,Yes,No,No,No,No,,
204 Chittenden Avenue,https://offcampus.osu.edu/search-housing.aspx?property=9824&pricefrom=0&sort=1&alllandlords=0,00002660,"$1,800.00",8/4/2026,7/19/2027,12 months,No,Yes,$1800,Peak Property Group,Half Double,University District: Central,Above Ground,"Columbus, OH",4,"1 full, 0 half",5,No,Yes,Laundry facilities in the unit,Yes,0,No,n/a,n/a,Yes,No,No,n/a,n/a,No,No,Central A/C,Yes,Yes,Yes,No,Yes,Yes,,$250,$35,$35,$35,Yes,Yes,Yes,No,No,No,No,,
288 East 13th Avenue,https://offcampus.osu.edu/search-housing.aspx?property=14839&pricefrom=0&sort=1&alllandlords=0,000039F7,"$1,800.00",08/20/2026,07/29/2027,12 Months,No,Yes,$1800,Peak Property Group,Duplex/Town House,University District: Central,Above Ground,"Columbus, OH",4,"2 full, 0 half",5,No,Yes,Laundry facilities in the unit,Yes,2,Yes,n/a,n/a,Yes,No,No,n/a,n/a,No,No,Central A/C,Yes,Yes,Yes,No,No,Yes,TO SCHEDULE A SHOWING: www.peakpropertygroup.com,$250,$35,$35,$35,Yes,Yes,Yes,No,No,No,No,,
111 Chittenden Avenue Unit 111,https://offcampus.osu.edu/search-housing.aspx?property=15399&pricefrom=0&sort=1&alllandlords=0,00003C27,"$1,800.00",08-19-2026,07-31-2027,12 months,No,No,$1800,Hometeam,Duplex/Town House,University District: Southeast,Above Ground,"Columbus, OH",5,"2 full, 0 half",5,No,No,Laundry facilities in the unit,Yes,0,Yes,$Ask us about our pricing,n/a,Yes,No,No,n/a,n/a,No,No,Central A/C,Yes,Yes,Yes,Yes,No,Yes,,$0,$0,$0,$0,Yes,Yes,Yes,No,No,No,No,,
109 Chittenden Avenue Unit 109,https://offcampus.osu.edu/search-housing.aspx?property=12540&pricefrom=0&sort=1&alllandlords=0,000030FC,"$1,800.00",08-19-2026,07-31-2027,12 months,No,No,$1800,Hometeam,Duplex/Town House,University District: Southeast,Above Ground,"Columbus, OH",5,"2 full, 0 half",5,No,No,Laundry facilities in the unit,Yes,0,Yes,$Ask us about our pricing,n/a,Yes,Yes,No,n/a,n/a,No,No,Central A/C,Yes,Yes,Yes,Yes,No,Yes,,$0,$0,$0,$0,Yes,Yes,Yes,No,No,No,No,,
291 East 14th Avenue Unit 291,https://offcampus.osu.edu/search-housing.aspx?property=8979&pricefrom=0&sort=1&alllandlords=0,00002313,"$1,800.00",08-19-2026,07-31-2027,12 months,No,No,$1800,Hometeam,Duplex/Town House,University District: Central,Ground Level,"Columbus, OH",4,"2 full, 0 half",4,No,Yes,Laundry facilities in the unit,Yes,0,Yes,$Ask us about our pricing,n/a,Yes,Yes,No,n/a,n/a,No,No,Central A/C,Yes,Yes,Yes,Yes,Yes,Yes,,$0,$0,$0,$0,Yes,Yes,Yes,No,No,No,No,,
192 East 12th Avenue,https://offcampus.osu.edu/search-housing.aspx?property=11590&pricefrom=0&sort=1&alllandlords=0,00002D46,"$1,800.00 - $3,332.00",08-19-2026,07-31-2027,12 months,No,No,$1800-3332,Hometeam,Duplex/Town House,University District: Central,Ground Level,"Columbus, OH",4,"2 full, 0 half",4,No,No,Laundry Hookup,Yes,0,Yes,$Ask us about our pricing,n/a,Yes,No,No,n/a,n/a,No,No,Central A/C,Yes,Yes,Yes,No,No,Yes,,$0,$0,$0,$0,Yes,Yes,Yes,No,No,No,No,,
"No Local OfficeColumbus, OH 43201",https://offcampus.osu.edu/search-housing.aspx?property=15585&pricefrom=0&sort=1&alllandlords=0,00003CE1,"$1,800.00",08-15-2026,07-25-2027,11.5 Months,No,Yes,$One Month's Rent,"OSU Properties, George Kanellopoulos",Duplex/Town House,University District: Southwest,Above Ground,"Columbus, OH",4,"2 full, 0 half",6,No,No,Laundry facilities in the unit,Yes,2,Yes,n/a,$250,Yes,No,No,n/a,n/a,No,No,Central A/C,Yes,Yes,Yes,No,No,No,,$0,$0,$0,$0,No,No,No,No,Yes,No,No,Alek Kanellopoulos,614-546-9760
"No Local OfficeColumbus, OH 43201",https://offcampus.osu.edu/search-housing.aspx?property=11216&pricefrom=0&sort=1&alllandlords=0,00002BD0,"$1,800.00",08-15-2026,07-25-2027,11.5 Months,No,Yes,$One Month's Rent,"OSU Properties, George Kanellopoulos",Duplex/Town House,University District: Southwest,Ground Level,"Columbus, OH",4,"2 full, 0 half",6,No,No,Laundry facilities in the unit,Yes,2,Yes,n/a,$250,Yes,Yes,No,n/a,n/a,No,No,Central A/C,Yes,Yes,Yes,No,No,No,"For full listing details, including a floor plan and extensive pictures, see our website below:

https://osuproperties.com/propview.asp?cat=fourbed#84-west-9th-fourbed",$0,$0,$0,$0,No,No,No,No,Yes,No,No,Alek Kanellopoulos,614-546-9760
"No Local OfficeColumbus, OH 43201",https://offcampus.osu.edu/search-housing.aspx?property=15584&pricefrom=0&sort=1&alllandlords=0,00003CE0,"$1,800.00",08-15-2026,07-25-2027,11.5 Months,No,Yes,$One Month's Rent,"OSU Properties, George Kanellopoulos",Duplex/Town House,University District: Southwest,Ground Level,"Columbus, OH",4,"2 full, 0 half",6,No,No,Laundry facilities in the unit,Yes,2,Yes,n/a,$250,Yes,No,No,n/a,n/a,No,No,Central A/C,Yes,Yes,Yes,No,No,No,"For full listing details, including a floor plan and extensive pictures, see our website below:

https://osuproperties.com/propview.asp?cat=fourbed#84-west-9th-fourbed",$0,$0,$0,$0,No,No,No,No,Yes,No,No,Alek Kanellopoulos,614-546-9760
"No Local OfficeColumbus, OH 43201",https://offcampus.osu.edu/search-housing.aspx?property=15581&pricefrom=0&sort=1&alllandlords=0,00003CDD,"$1,800.00",08-15-2026,07-25-2027,11.5 Months,No,Yes,$One Month's Rent,"OSU Properties, George Kanellopoulos",Duplex/Town House,University District: Southwest,Ground Level,"Columbus, OH",4,"2 full, 0 half",6,No,No,Laundry facilities in the unit,Yes,2,Yes,n/a,$250,Yes,No,No,n/a,n/a,No,No,Central A/C,Yes,Yes,Yes,No,No,No,"For full listing details, including a floor plan and extensive pictures, see our website below:

https://osuproperties.com/propview.asp?cat=fourbed#78-west-9th-fourbed",$0,$0,$0,$0,No,No,No,No,Yes,No,No,Alek Kanellopoulos,614-546-9760
"No Local OfficeColumbus, OH 43201",https://offcampus.osu.edu/search-housing.aspx?property=15578&pricefrom=0&sort=1&alllandlords=0,00003CDA,"$1,800.00",08-15-2026,07-25-2027,11.5 Months,No,Yes,$One Month's Rent,"OSU Properties, George Kanellopoulos",Duplex/Town House,University District: Southwest,Ground Level,"Columbus, OH",4,"2 full, 0 half",6,No,No,Laundry facilities in the unit,Yes,2,Yes,n/a,$250,Yes,No,No,n/a,n/a,No,No,Central A/C,Yes,Yes,Yes,No,No,No,"For full listing details, including a floor plan and extensive pictures, see our website below:

https://osuproperties.com/propview.asp?cat=fourbed#78-west-9th-fourbed",$0,$0,$0,$0,No,No,No,No,Yes,No,No,Alek Kanellopoulos,614-546-9760
"No Local OfficeColumbus, OH 43201",https://offcampus.osu.edu/search-housing.aspx?property=15632&pricefrom=0&sort=1&alllandlords=0,00003D10,"$1,800.00",08-15-2026,07-25-2027,11.5 Months,No,Yes,$One Month's Rent,"OSU Properties, George Kanellopoulos",Apartment,University District: Central,Above Ground,"Columbus, OH",3,"1 full, 1 half",5,No,No,Laundry facilities in the building,Yes,2,Yes,n/a,$250,No,No,No,n/a,n/a,No,No,Central A/C,Yes,Yes,Yes,No,No,No,"For full listing details, including a floor plan and extensive pictures, see our website below:

https://osuproperties.com/propview.asp?cat=threebed#1927-indianola-threebed",$0,$0,$0,$0,No,No,No,No,Yes,No,No,Alek Kanellopoulos,614-546-9760
"No Local OfficeColumbus, OH 43201",https://offcampus.osu.edu/search-housing.aspx?property=11291&pricefrom=0&sort=1&alllandlords=0,00002C1B,"$1,800.00",08-15-2026,07-25-2027,11.5 Months,No,Yes,$One Month's Rent,"OSU Properties, George Kanellopoulos",Duplex/Town House,University District: Central,Above Ground,"Columbus, OH",3,"1 full, 1 half",5,No,No,Laundry facilities in the building,Yes,2,Yes,n/a,$250,No,No,No,n/a,n/a,No,No,Central A/C,Yes,Yes,Yes,No,No,No,"For full listing details, including a floor plan and extensive pictures, see our website below:

https://osuproperties.com/propview.asp?cat=threebed#1927-indianola-threebed",$0,$0,$0,$0,No,No,No,No,Yes,No,No,Alek Kanellopoulos,614-546-9760
331 East 18th Avenue Unit B,https://offcampus.osu.edu/search-housing.aspx?property=9517&pricefrom=0&sort=1&alllandlords=0,0000252D,"$1,800.00",08-19-2026,07-31-2027,12 months,No,No,$1800,Hometeam,Apartment,University District: Northeast,Ground Level,"Columbus, OH",4,"2 full, 0 half",4,No,No,None,Yes,4,Yes,$Ask us about our pricing,n/a,Yes,No,No,n/a,n/a,No,No,Central A/C,Yes,Yes,Yes,No,No,No,,$0,$0,$0,$0,Yes,Yes,Yes,No,No,No,No,,
71 West 10th Avenue C,https://offcampus.osu.edu/search-housing.aspx?property=17630&pricefrom=0&sort=1&alllandlords=0,000044DE,"$1,800.00",8/9/2026,7/31/2027,12 months,No,Yes,$1800,Pella Company,Duplex/Town House,University District: Southwest,Ground Level,"Columbus, OH",2,"1 full, 1 half",4,No,Yes,Laundry facilities in the unit,Yes,2,Yes,n/a,$100,Yes,,No,n/a,n/a,No,No,Central A/C,No,Yes,Yes,No,No,No,,$0,$0,$0,$0,No,No,No,No,No,No,No,,
27 East Patterson Avenue,https://offcampus.osu.edu/search-housing.aspx?property=10128&pricefrom=0&sort=1&alllandlords=0,00002790,"$1,800.00",08-01-2026,07-30-2027,12 months,No,No,$1800,S&G Properties,Half Double,University District: Northeast,Ground Level,"Columbus, OH",3,"1 full, 0 half",4,No,Yes,Laundry facilities in the unit,Yes,4,No,n/a,n/a,Yes,No,No,n/a,n/a,No,No,Central A/C,Yes,Yes,Yes,No,Yes,Yes,"Huge 3 Bedroom with 4 FREE OFF STREET PARKING SPOTS. Nice back yard and porch. New windows and kitchen with DW.  WD in basement.
Call Text 614-395-2576",$0,$0,$0,$0,No,No,No,No,No,No,No,,
2233 Neil  Avenue Unit F,https://offcampus.osu.edu/search-housing.aspx?property=17338&pricefrom=0&sort=1&alllandlords=0,000043BA,"$1,800.00 - $2,250.00",08-16-2026,08-09-2027,12 Months,No,Yes,$one month's rent,"OSU Apartments & Rentals, Inc.",House,University District: Northwest,Above Ground,"Columbus, OH",4,"1 full, 0 half",4,No,No,Laundry facilities in the unit,Yes,0,No,n/a,n/a,Yes,,No,n/a,n/a,No,Yes,Window A/C,Yes,Yes,Yes,Yes,Yes,Yes,"This is a beautiful house, one block from OSU's north campus.  Nearby amenities include a park, tennis courts, and shopping.  The house also boasts two fireplaces, bay windows, and sun room.  Flooring includes:  wooden floors in the kitchen, marble floors in the bathroom, and carpeting throughout the bedrooms.   

Washer / dryer and dishwasher included. Local area network, satellite dish, high speed internet access, and security system are also available/pre-wired but not included in rent. 

This house also includes a large fenced-in backyard with picnic table.  

Permit parking area; on-street parking available.",$$0,$0,$0,$0,No,No,No,No,No,No,No,,
2541 Neil Avenue,https://offcampus.osu.edu/search-housing.aspx?property=14311&pricefrom=0&sort=1&alllandlords=0,000037E7,"$1,800.00",8/15/2026,7/31/2027,1 year,No,No,$1800,Ohio State Property Management,Duplex/Town House,University District: Northeast,Above Ground,"Columbus, OH",3,"1 full, 0 half",0,No,Yes,Laundry facilities in the unit,Yes,2,Yes,n/a,n/a,Yes,No,No,n/a,n/a,No,No,Central A/C,Yes,Yes,Yes,Yes,No,Yes,,$0,$0,$0,$0,No,No,No,No,No,No,No,,
2113 Indiana Avenue,https://offcampus.osu.edu/search-housing.aspx?property=11774&pricefrom=0&sort=1&alllandlords=0,00002DFE,"$1,800.00",8/15/2026,7/31/2027,1 Year,No,No,$1800,Ohio State Property Management,Half Double,University District: Northeast,Above Ground,"Columbus, OH",3,"1 full, 0 half",3,No,Yes,Laundry facilities in the unit,No,0,No,n/a,n/a,No,No,No,n/a,n/a,No,No,Central A/C,Yes,Yes,Yes,Yes,Yes,Yes,,$0,$0,$0,$0,No,No,No,No,No,No,No,,
2233 Neil Avenue Unit B,https://offcampus.osu.edu/search-housing.aspx?property=20884&pricefrom=0&sort=1&alllandlords=0,00005194,"$1,800.00 - $2,250.00",08-16-2026,08-09-2027,"August 16, 2026 - August 9, 2027",No,No,$one month's rent,"OSU Apartments & Rentals, Inc.",House,University District: Northwest,Above Ground,"Columbus, OH",4,"1 full, 0 half",4,No,No,Laundry facilities in the unit,Yes,0,No,n/a,n/a,Yes,,No,n/a,n/a,No,Yes,Central A/C,Yes,Yes,Yes,Yes,Yes,Yes,"This is a beautiful house, one block from OSU's north campus.  Nearby amenities include a park, tennis courts, and shopping.  The house also boasts two fireplaces, bay windows, and sun room.  Flooring includes:  wooden floors in the kitchen, marble floors in the bathroom, and carpeting throughout the bedrooms.   

Washer / dryer and dishwasher included. Local area network, satellite dish, high speed internet access, and security system are also available/pre-wired but not included in rent. 

This house also includes a large fenced-in backyard with picnic table.  

Permit parking area; on-street parking available.   Please call to schedule your viewing time today!",$0,$0,$0,$0,No,No,No,No,No,No,No,,
25 East Blake Avenue,https://offcampus.osu.edu/search-housing.aspx?property=15179&pricefrom=0&sort=1&alllandlords=0,00003B4B,"$1,825.00",08/04/2026,7/19/2027,12 months,No,Yes,$1825,Peak Property Group,Duplex/Town House,University District: Northwest,Above Ground,"Columbus, OH",3,"1 full, 0 half",4,No,Yes,Laundry facilities in the unit,Yes,1,Yes,n/a,n/a,Yes,No,No,n/a,n/a,No,No,Central A/C,No,Yes,Yes,No,Yes,Yes,TO SCHEDULE A SHOWING: www.peakpropertygroup.com,$250,$35,$35,$35,Yes,Yes,Yes,No,No,No,No,,
1529 North High Street  (Sublet),https://offcampus.osu.edu/search-housing.aspx?property=20512&pricefrom=0&sort=1&alllandlords=0&sublet=true,00005020,"$1,229.95",8/12/2025,7/12/2026,12 month,No,Yes,$Based on Screening,Luxe Belle,Apartment,University District: Southeast,Above Ground,"Columbus, OH",1,"1 full, 0 half",147,Yes,No,Laundry facilities in the unit,Yes,90,Yes,n/a,n/a,No,,Yes,$125,n/a,Yes,No,Central A/C,Yes,Yes,Yes,Yes,No,Yes,"24 Hr. Gym, Courtyard, Clubhouse, & Starbucks Coffee Machine",$500,$35,$35,$35,Yes,Yes,Yes,No,No,No,Yes,,
44 West 9th Avenue Unit- B,https://offcampus.osu.edu/search-housing.aspx?property=17565&pricefrom=0&sort=1&alllandlords=0,0000449D,"$1,830.00",1/13/2026,7/31/2026,through 7/31/2026,Yes,Yes,$1830,Buckeye Real Estate,Apartment,University District: Southwest,Above Ground,"Columbus, OH",2,"2 full, 0 half",3,No,No,Laundry facilities in the unit,Yes,0,Yes,n/a,n/a,Yes,,No,n/a,n/a,No,No,Central A/C,Yes,Yes,Yes,No,No,No,"Visit this link for Early Rental Options! https://www.buckeyerealestate.com/updates/

Buckeye Reconstruction! Fully updated two bedroom flat with stainless steel appliances (range, refrigerator, dishwasher, microhood), washer/dryer, central air, and ceiling fans. Off Street parking available.

This is an oversold lot with limited parking spaces for the building, each unit is eligible to purchase one permit, it does not guarantee a space will be available.

https://my.matterport.com/show/?m=AwthWaLWf9p",$250,$0,$0,$0,Yes,Yes,Yes,No,No,No,No,,
44 West 9th Avenue Unit A,https://offcampus.osu.edu/search-housing.aspx?property=17564&pricefrom=0&sort=1&alllandlords=0,0000449C,"$1,830.00",8/20/26,8/05/27,50 Weeks,No,Yes,$1830,Buckeye Real Estate,Duplex/Town House,University District: Southwest,Ground Level,"Columbus, OH",2,"2 full, 0 half",3,No,No,Laundry facilities in the unit,Yes,0,Yes,n/a,n/a,Yes,,No,n/a,n/a,No,No,Central A/C,Yes,Yes,Yes,No,No,No,"Visit this link for Early Rental Options! https://www.buckeyerealestate.com/updates/

Buckeye Reconstruction! Fully updated two bedroom flat with stainless steel appliances (range, refrigerator, dishwasher, microhood), washer/dryer, central air, and ceiling fans. Off Street parking available.

This is an oversold lot with limited parking spaces for the buliding, each unit is eligible to purchase one permit, it does not guarantee a space will be available.

View our Leasing Procedure and a copy of our Lease Agreement at BuckeyeRealEstate.com > Future Residents > FAQs/Documents

https://my.matterport.com/show/?m=ytKatFUH4uB",$250,$0,$0,$0,Yes,Yes,Yes,No,No,No,No,,
"PO Box 12788Columbus, OH 43212",https://offcampus.osu.edu/search-housing.aspx?property=21960&pricefrom=0&sort=1&alllandlords=0,000055C8,"$1,850.00",08/20/2026,07/29/2027,12 Months,No,Yes,$1850,Peak Property Group,Duplex/Town House,University District: Southeast,Ground Level,"Columbus, OH",3,"1 full, 1 half",6,No,No,Laundry facilities in the unit,Yes,0,No,n/a,n/a,Yes,,No,n/a,n/a,No,No,Central A/C,Yes,Yes,Yes,No,No,Yes,"This 3-bedroom features off-street parking and stainless-steel appliances located near downtown Columbus and the Short North!

Key Features Include:
- Renovated
- Off-Street Parking
- Stainless-Steel Appliances
- Granite Countertops
- Dishwasher
- Updated Bathroom
- Air Conditioning
- Washer & Dryer
- Hardwood Flooring
- Pet Friendly

Professionally managed by Peak Property Group. We are proud to offer friendly professional service, 24/7 maintenance, online rent payment, and online resident portals for easy communications.",$250,$35,$0,$0,Yes,Yes,Yes,No,No,No,No,Chelsie Flores,614-360-2020
227 East 18th Avenue Unit B,https://offcampus.osu.edu/search-housing.aspx?property=21134&pricefrom=0&sort=1&alllandlords=0,0000528E,"$1,850.00",08-19-2026,07-31-2027,12 months,No,No,$1850,Hometeam,House,University District: Central,Ground Level,"Columbus, OH",2,"1 full, 1 half",2,No,No,Laundry facilities in the unit,Yes,1,No,$Ask us about our pricing,n/a,Yes,,No,n/a,n/a,No,No,Central A/C,Yes,Yes,Yes,No,No,No,,$0,$0,$0,$0,Yes,Yes,Yes,No,No,No,No,,
"No Local OfficeColumbus, OH 43201",https://offcampus.osu.edu/search-housing.aspx?property=21802&pricefrom=0&sort=1&alllandlords=0,0000552A,"$1,860.00",08-15-2026,07-25-2027,11.5 Months,No,Yes,$One Month's Rent,"OSU Properties, George Kanellopoulos",Duplex/Town House,University District: Central,Ground Level,"Columbus, OH",3,"1 full, 0 half",5,No,Yes,Laundry facilities in the unit,Yes,2,Yes,n/a,$250,No,,No,n/a,n/a,No,No,Central A/C,Yes,Yes,Yes,No,No,Yes,"For full listing details, including a floor plan and extensive pictures, see our website below:

https://osuproperties.com/propview.asp?cat=threebed#1910-1922-summit-threebed",$0,$0,$0,$0,No,No,No,No,Yes,No,No,Alek Kanellopoulos,614-546-9760
"No Local OfficeColumbus, OH 43201",https://offcampus.osu.edu/search-housing.aspx?property=15628&pricefrom=0&sort=1&alllandlords=0,00003D0C,"$1,860.00",08-15-2026,07-25-2027,11.5 Months,No,Yes,$One Month's Rent,"OSU Properties, George Kanellopoulos",Duplex/Town House,University District: Central,Ground Level,"Columbus, OH",3,"1 full, 0 half",5,No,Yes,Laundry facilities in the unit,Yes,2,Yes,n/a,$250,Yes,No,No,n/a,n/a,No,No,Central A/C,Yes,Yes,Yes,No,No,Yes,"For full listing details, including a floor plan and extensive pictures, see our website below:

https://osuproperties.com/propview.asp?cat=threebed#1910-1922-summit-threebed",$0,$0,$0,$0,No,No,No,No,Yes,No,No,Alek Kanellopoulos,614-546-9760
"15 E. Lane AveColumbus, OH 43201",https://offcampus.osu.edu/search-housing.aspx?property=21925&pricefrom=0&sort=1&alllandlords=0,000055A5,"$1,870.00",08-19-2026,07-31-2027,11.5 Months,No,Yes,$1870,Wilson Place,Duplex/Town House,University District: Northeast,Ground Level,"Columbus, OH",3,"1 full, 1 half",3,No,Yes,Laundry facilities in the unit,Yes,2,Yes,n/a,n/a,Yes,,No,n/a,n/a,No,Yes,Central A/C,Yes,Yes,Yes,No,No,Yes,,$250,$50,$50,$50,Yes,Yes,Yes,No,Yes,No,No,Jackie Storer,614-591-7009
"15 E. Lane AveColumbus, OH 43201",https://offcampus.osu.edu/search-housing.aspx?property=21426&pricefrom=0&sort=1&alllandlords=0,000053B2,"$1,870.00",08-19-2026,07-31-2027,12 months,No,Yes,$1870,Wilson Place,Duplex/Town House,University District: Northeast,Above Ground,"Columbus, OH",3,"1 full, 0 half",3,No,No,Laundry Hookup,Yes,2,Yes,n/a,n/a,Yes,,No,n/a,n/a,No,No,Central A/C,Yes,Yes,Yes,No,No,No,,$250,$50,$50,$50,Yes,Yes,Yes,No,Yes,No,No,Jackie Storer,614-591-7009
"15 E. Lane AveColumbus, OH 43201",https://offcampus.osu.edu/search-housing.aspx?property=21950&pricefrom=0&sort=1&alllandlords=0,000055BE,"$1,870.00",03-02-2026,07/31/2026,12 months,Yes,Yes,$1870,Wilson Place,Duplex/Town House,University District: Northeast,Above Ground,"Columbus, OH",3,"1 full, 0 half",3,No,No,Laundry Hookup,Yes,2,Yes,n/a,n/a,Yes,,No,n/a,n/a,No,No,Central A/C,Yes,Yes,Yes,No,No,No,,$250,$50,$50,$50,Yes,Yes,Yes,No,Yes,No,No,Jackie Storer,614-591-7009
180 West Patterson Avenue Unit B,https://offcampus.osu.edu/search-housing.aspx?property=20778&pricefrom=0&sort=1&alllandlords=0,0000512A,"$1,875.00",08/09/2026,07/31/2027,12 months,No,Yes,$1875,Pella Company,Apartment,University District: Northwest,Above Ground,"Columbus, OH",3,"1 full, 0 half",4,No,No,Laundry facilities in the building,Yes,2,Yes,n/a,$100,Yes,,No,n/a,n/a,No,No,Central A/C,Yes,Yes,Yes,No,No,No,,$0,$0,$0,$0,No,No,No,No,No,No,No,,
188 West Patterson Avenue Unit L,https://offcampus.osu.edu/search-housing.aspx?property=12132&pricefrom=0&sort=1&alllandlords=0,00002F64,"$1,875.00",08/09/2026,07/31/2027,11.5 Month,No,Yes,$1875,Pella Company,Apartment,University District: Northwest,Above Ground,"Columbus, OH",3,"1 full, 0 half",4,No,No,Laundry facilities in the building,Yes,2,Yes,n/a,$100,Yes,No,No,n/a,n/a,No,No,Central A/C,Yes,Yes,Yes,No,No,No,,$0,$0,$0,$0,No,No,No,No,No,No,No,,
69 West 10th Avenue Unit A,https://offcampus.osu.edu/search-housing.aspx?property=13772&pricefrom=0&sort=1&alllandlords=0,000035CC,"$1,875.00",08/20/26,08/05/27,12 Months,No,Yes,$1875,Buckeye Real Estate,Duplex/Town House,University District: Southwest,Ground Level,"Columbus, OH",3,"2 full, 0 half",4,No,No,None,Yes,1,Yes,n/a,n/a,Yes,No,No,n/a,n/a,No,No,Central A/C,Yes,Yes,Yes,No,No,No,Microwave and ceiling fans included!,$$250,$0,$0,$0,Yes,Yes,Yes,No,No,No,No,,
24 East Blake Avenue,https://offcampus.osu.edu/search-housing.aspx?property=18572&pricefrom=0&sort=1&alllandlords=0,0000488C,"$1,895.00",08-13-2026,07-26-2027,12 months,No,Yes,$1895,Peak Property Group,Duplex/Town House,University District: Northeast,Above Ground,"Columbus, OH",3,"1 full, 0 half",4,No,Yes,Laundry facilities in the unit,Yes,0,No,n/a,n/a,Yes,,No,n/a,n/a,No,No,Central A/C,Yes,Yes,Yes,No,Yes,Yes,TO SCHEDULE A SHOWING: 614-360-2020/leasing@peakpropertygroup.com,$250,$35,$35,$35,Yes,Yes,Yes,No,No,No,No,,
131 West 8th Avenue Unit B,https://offcampus.osu.edu/search-housing.aspx?property=19493&pricefrom=0&sort=1&alllandlords=0,00004C25,"$1,895.00",8/13/2026,7/26/2027,12 months,No,Yes,$1895,Peak Property Group,Duplex/Town House,University District: Southwest,Above Ground,"Columbus, OH",4,"1 full, 0 half",5,No,Yes,Laundry facilities in the building,Yes,4,Yes,n/a,n/a,Yes,,No,n/a,n/a,No,No,Central A/C,Yes,Yes,Yes,No,No,No,TO SCHEDULE A SHOWING: www.peakpropertygroup.com,$250,$35,$35,$35,Yes,Yes,Yes,No,No,No,No,,
1651 North Pearl Street,https://offcampus.osu.edu/search-housing.aspx?property=15393&pricefrom=0&sort=1&alllandlords=0,00003C21,"$1,895.00",8/4/2026,7/19/2027,12 months,No,Yes,$1895,Peak Property Group,Apartment,University District: Central,Above Ground,"Columbus, OH",2,"1 full, 0 half",4,No,No,Laundry facilities in the unit,Yes,0,Yes,$95.00,n/a,Yes,No,No,n/a,n/a,No,No,Central A/C,Yes,Yes,Yes,No,No,No,"TO SCHEDULE A SHOWING: 614-360-2020/leasing@peakpropertygroup.com

WEBSITE: www.peakpropertygroup.com

Close-by parking available for an additional charge!",$250,$35,$35,$35,Yes,Yes,Yes,No,No,No,No,,
"75 S. High StDublin, OH 43017",https://offcampus.osu.edu/search-housing.aspx?property=17383&pricefrom=0&sort=1&alllandlords=0,000043E7,"$1,900.00 - $2,100.00",02-15-2026,07/20/2027,1 Year,Yes,Yes,$2100,DPG Properties,Duplex/Town House,University District: Northeast,Above Ground,"Columbus, OH",3,"1 full, 0 half",5,No,Yes,Laundry facilities in the building,Yes,2,Yes,n/a,n/a,Yes,,No,n/a,n/a,No,No,Central A/C,Yes,Yes,Yes,No,Yes,Yes,"AVAILABLE FOR IMMEDIATE MOVE IN & FALL OF 2023! 
Rent $1,600 for 3 tenants
Short term lease through July 20, 2023 or stay through July 20, 2024.

3 Bedroom and 1 full Bathroom on 2nd floor. Bonus rooms on 3rd floor, beautifully finished. Granite kitchen counter tops w/ stainless steel appliances, new windows and doors, insulated walls, new drywall, bathroom with tile floors and surround w/ granite vanity, high efficiency furnace and central air, new duct work, all new electric wiring, new plumbing lines. Washer/Dryer included. Two off-street parking spots in the rear are free.  Private poured concrete patio. Front porch too! You won't be disappointed!!

We have plenty of well maintained homes with 1-6 Bedrooms.  Text 614-360-8400 to schedule a showing! www.dgpproperties.net",$500,$50,$50,$50,Yes,Yes,Yes,No,No,No,No,David Galbreath,614-360-8400
"15 E. Lane AveColumbus, OH 43201",https://offcampus.osu.edu/search-housing.aspx?property=20911&pricefrom=0&sort=1&alllandlords=0,000051AF,"$1,900.00",08-19-2026,07-31-2027,12-month,No,Yes,$1900,Wilson Place,Apartment,University District: Central,Above Ground,"Columbus, OH",2,"1 full, 0 half",2,No,No,Laundry facilities in the building,Yes,20,Yes,$75,n/a,No,,Yes,$105,n/a,No,No,Central A/C,Yes,Yes,Yes,No,No,No,"Discover your perfect Columbus home at Ravine Flats at Iuka! Nestled in the peaceful, picturesque Iuka Ravine just steps from High Street and the Ohio State University District, these beautifully renovated 2 bedroom apartments offer modern finishes like granite countertops, stainless steel appliances, hardwood floors, and spacious layout--all in a serene setting that’s still close to everything you love. Enjoy convenient amenities like free on-site laundry, easy access parking, and close proximity to shops, dining, transit, and campus life. Live where comfort meets campus energy—your new home awaits at Ravine Flats!",$200,$50,$50,$50,Yes,Yes,Yes,No,No,No,No,Jackie Storer,614-591-7009
"P.O. Box 20467Columbus, OH 43220",https://offcampus.osu.edu/search-housing.aspx?property=18704&pricefrom=0&sort=1&alllandlords=0,00004910,"$1,900.00",08-01-2026,07-30-2027,1 year,No,No,$1900,S&G Properties,Apartment,University District: Central,Above Ground,"Columbus, OH",4,"1 full, 0 half",4,No,No,Laundry facilities in the building,Yes,27,Yes,n/a,n/a,Yes,,No,n/a,n/a,No,No,Central A/C,Yes,Yes,Yes,No,No,Yes,"Rent price is for the whole apartment...not per person.
www.100chit.com video, floorplan etc
We have 2, 3, and 4 bedroom apartments available.
TEXT or call 614-395-2576
Super location at Chittenden & Indianola.......
Brand new Granite kitchens.  
Air Conditioning, Secure Coded entry locks.  ON Site Laundry...big rooms, parking, blinds, newer kitchens....",$00,$0,$0,$0,Yes,Yes,Yes,No,No,No,No,Phil Crawford,614-395-1993
1778 Summit Street,https://offcampus.osu.edu/search-housing.aspx?property=9166&pricefrom=0&sort=1&alllandlords=0,000023CE,"$1,900.00",08-01-2026,07-30-2027,12 month,No,Yes,$1900,S&G Properties,Duplex/Town House,University District: Central,Ground Level,"Columbus, OH",3,"1 full, 0 half",3,No,Yes,Laundry facilities in the building,Yes,0,Yes,n/a,$ask,Yes,No,No,n/a,n/a,No,No,Central A/C,Yes,Yes,Yes,No,No,Yes,"Call Text 614-395-2576
Huge 3 person half duplex.  located at 15th and Summit.  new kitchen...very nice condition Great Central area of Ohio State University. Super porch, big bedrooms, new kitchen with DW, new Windows, 4...everything is great in this home.",$0,$0,$0,$0,No,No,No,No,No,No,No,,
52 West Patterson Avenue,https://offcampus.osu.edu/search-housing.aspx?property=10364&pricefrom=0&sort=1&alllandlords=0,0000287C,"$1,900.00",08-01-2026,07-30-2027,12 months,No,No,$1900,S&G Properties,Half Double,University District: Northwest,Ground Level,"Columbus, OH",3,"1 full, 0 half",3,No,Yes,Laundry facilities in the unit,Yes,4,Yes,n/a,n/a,Yes,No,No,n/a,n/a,No,No,Central A/C,No,Yes,Yes,No,Yes,Yes,"New Kit, Dishwasher, washer dryer, new bath, windows, Free parking.",$0,$0,$0,$0,No,No,No,No,No,No,No,,
49 Euclid Avenue,https://offcampus.osu.edu/search-housing.aspx?property=20566&pricefrom=0&sort=1&alllandlords=0,00005056,"$1,925.00",08/01/2026,07/01/2027,12 months,No,Yes,$1925,Peak Property Group,House,University District: Southeast,Above Ground,"Columbus, OH",3,"1 full, 0 half",3,No,Yes,Laundry Hookup,Yes,0,No,n/a,n/a,Yes,,No,n/a,n/a,No,No,Central A/C,Yes,Yes,Yes,No,Yes,Yes,TO SCHEDULE A SHOWING: www.peakpropertygroup.com,$250,$35,$35,$35,Yes,Yes,Yes,No,No,No,No,,
1355 N High St - The Buckeye North High Street,https://offcampus.osu.edu/search-housing.aspx?property=21313&pricefrom=0&sort=1&alllandlords=0,00005341,"$1,929.00",08-20-2026,07-31-2027,12-month,No,Yes,$0,VERVE Columbus,Apartment,University District: Central,Above Ground,"Columbus, OH",1,"1 full, 0 half",1,Yes,No,Laundry facilities in the unit,Yes,132,Yes,n/a,n/a,Yes,,Yes,$160,n/a,Yes,No,Central A/C,Yes,Yes,Yes,Yes,No,No,,$300,$30,$0,$0,Yes,Yes,Yes,Yes,No,No,No,,
1355 N High St - The Woody North High Street,https://offcampus.osu.edu/search-housing.aspx?property=21310&pricefrom=0&sort=1&alllandlords=0,0000533E,"$1,949.00",08-20-2026,07-31-2027,12-month,No,Yes,$0,VERVE Columbus,Apartment,University District: Central,Above Ground,"Columbus, OH",1,"1 full, 0 half",1,Yes,No,Laundry facilities in the unit,Yes,132,Yes,n/a,n/a,Yes,,Yes,$160,n/a,Yes,No,Central A/C,Yes,Yes,Yes,Yes,No,No,,$350,$35,$0,$0,Yes,Yes,Yes,Yes,No,No,No,,
19 West Frankfort Street,https://offcampus.osu.edu/search-housing.aspx?property=21860&pricefrom=0&sort=1&alllandlords=0,00005564,"$1,950.00",01-01-2027,01-01-2028,12 Months,No,Yes,$1950,BLOCK O PROPERTIES,Duplex/Town House,Outside University District: German Village,Ground Level,"Columbus, OH",3,"2 full, 0 half",3,No,Yes,Laundry facilities in the unit,Yes,1,Yes,n/a,n/a,Yes,,No,n/a,n/a,No,No,Central A/C,Yes,Yes,Yes,No,Yes,No,,$250-350,$45,$0,$0,Yes,Yes,Yes,No,No,No,No,,
2137 Waldeck Road,https://offcampus.osu.edu/search-housing.aspx?property=15012&pricefrom=0&sort=1&alllandlords=0,00003AA4,"$1,950.00 - $2,000.00",08/11/2025,07/11/2026,"August 11, 2025-July 11, 2026",No,Yes,$1950,"Locations, Ltd",House,University District: Northwest,Ground Level,"Columbus, OH",3,"1 full, 0 half",3,No,Yes,Laundry Hookup,Yes,2,Yes,n/a,$300,Yes,No,No,n/a,n/a,No,No,None,Yes,Yes,Yes,No,No,Yes,,$0,$0,$0,$0,No,No,No,No,No,No,No,,
1355 N High St - The Thompson North High Street,https://offcampus.osu.edu/search-housing.aspx?property=21311&pricefrom=0&sort=1&alllandlords=0,0000533F,"$1,969.00",08-20-2026,07-31-2027,12-month,No,Yes,$0,VERVE Columbus,Apartment,University District: Central,Above Ground,"Columbus, OH",1,"1 full, 0 half",1,Yes,No,Laundry facilities in the unit,Yes,132,Yes,n/a,n/a,Yes,,Yes,$160,n/a,Yes,No,Central A/C,Yes,Yes,Yes,Yes,No,No,,$300,$30,$0,$0,Yes,Yes,Yes,Yes,No,No,No,,
1355 N High St - The Grey Townhome North High Street,https://offcampus.osu.edu/search-housing.aspx?property=21312&pricefrom=0&sort=1&alllandlords=0,00005340,"$1,969.00",08-20-2026,07-31-2027,12-month,No,Yes,$0,VERVE Columbus,Apartment,University District: Central,Above Ground,"Columbus, OH",1,"1 full, 0 half",1,Yes,No,Laundry facilities in the unit,Yes,132,Yes,n/a,n/a,Yes,,Yes,$160,n/a,Yes,No,Central A/C,Yes,Yes,Yes,Yes,No,No,,$300,$30,$0,$0,Yes,Yes,Yes,Yes,No,No,No,,
1433 Neil Avenue,https://offcampus.osu.edu/search-housing.aspx?property=11386&pricefrom=0&sort=1&alllandlords=0,00002C7A,"$1,990.00",7/20,7/15,One year lease,No,Yes,$1 months rent,JB Properties,Apartment,University District: Southwest,Above Ground,"columbus, OH",4,"2 full, 0 half",5,No,No,Laundry facilities in the unit,No,0,No,n/a,n/a,No,No,No,n/a,n/a,No,No,Central A/C,Yes,Yes,Yes,No,No,Yes,,$0,$0,$0,$0,No,No,No,No,No,No,No,,
53 West 8th Avenue Unit A,https://offcampus.osu.edu/search-housing.aspx?property=20980&pricefrom=0&sort=1&alllandlords=0,000051F4,"$2,000.00 - $2,300.00",08-19-2026,07-31-2027,12 months,No,No,$2000-2300,Hometeam,Apartment,University District: Southeast,Ground Level,"Columbus, OH",4,"2 full, 0 half",4,No,No,Laundry facilities in the unit,Yes,0,No,$Ask us about our pricing,n/a,Yes,,No,n/a,n/a,No,No,Central A/C,Yes,Yes,Yes,No,No,No,,$0,$0,$0,$0,Yes,Yes,Yes,No,No,No,No,,
43  West 8th Avenue Unit A,https://offcampus.osu.edu/search-housing.aspx?property=20979&pricefrom=0&sort=1&alllandlords=0,000051F3,"$2,000.00",08-19-2026,07-31-2027,12 months,No,No,$2000,Hometeam,Apartment,University District: Southeast,Ground Level,"Columbus, OH",4,"2 full, 0 half",4,No,No,Laundry facilities in the unit,Yes,0,No,$Ask us about our pricing,n/a,Yes,,No,n/a,n/a,No,No,Central A/C,Yes,Yes,Yes,No,No,No,,$0,$0,$0,$0,Yes,Yes,Yes,No,No,No,No,,
"No Local OfficeColumbus, OH 43201",https://offcampus.osu.edu/search-housing.aspx?property=15626&pricefrom=0&sort=1&alllandlords=0,00003D0A,"$2,000.00",08-15-2026,07-25-2027,11.5 Months,No,Yes,$One Month's Rent,"OSU Properties, George Kanellopoulos",Apartment,University District: Central,Above Ground,"Columbus, OH",4,"2 full, 0 half",6,No,No,Laundry facilities in the unit,Yes,4,Yes,n/a,$250,Yes,No,No,n/a,n/a,No,No,Central A/C,Yes,Yes,Yes,No,No,No,"For full listing details, including a floor plan and extensive pictures, see our website below:

https://osuproperties.com/propview.asp?cat=fourbed#300-east-16th-fourbed",$0,$0,$0,$0,No,No,No,No,Yes,No,No,Alek Kanellopoulos,614-546-9760
"No Local OfficeColumbus, OH 43201",https://offcampus.osu.edu/search-housing.aspx?property=15625&pricefrom=0&sort=1&alllandlords=0,00003D09,"$2,000.00",08-15-2026,07-25-2027,11.5 Months,No,Yes,$One Month's Rent,"OSU Properties, George Kanellopoulos",Apartment,University District: Central,Ground Level,"Columbus, OH",4,"2 full, 0 half",6,No,No,Laundry facilities in the unit,Yes,4,Yes,n/a,$250,Yes,No,No,n/a,n/a,No,No,Central A/C,Yes,Yes,Yes,No,No,No,"For full listing details, including a floor plan and extensive pictures, see our website below:

https://osuproperties.com/propview.asp?cat=fourbed#300-east-16th-fourbed",$0,$0,$0,$0,No,No,No,No,Yes,No,No,Alek Kanellopoulos,614-546-9760
"1816 N. High StreetColumbus, OH 43201",https://offcampus.osu.edu/search-housing.aspx?property=21949&pricefrom=0&sort=1&alllandlords=0,000055BD,"$2,000.00",08/16/2026,08/06/2027,356 days,No,Yes,$2000,Pella Company,Apartment,University District: Northwest,Above Ground,"COLUMBUS, OH",2,"2 full, 0 half",3,No,No,Laundry facilities in the unit,Yes,2,Yes,n/a,n/a,Yes,,Yes,n/a,n/a,No,No,Central A/C,Yes,Yes,Yes,No,No,No,,$0,$0,$0,$0,No,No,No,No,No,No,No,George Ypsilantis,614-291-2002
100 West Oakland Avenue Unit 2A,https://offcampus.osu.edu/search-housing.aspx?property=16501&pricefrom=0&sort=1&alllandlords=0,00004075,"$2,000.00",08/16/2026,08/06/2027,356 Days,No,Yes,$2000,Pella Company,Apartment,University District: Northwest,Above Ground,"Columbus, OH",2,"2 full, 0 half",2,No,No,Laundry facilities in the unit,Yes,1,Yes,n/a,n/a,Yes,,Yes,n/a,n/a,No,No,Central A/C,Yes,Yes,Yes,No,No,No,,$0,$0,$0,$0,No,No,No,No,No,No,No,,
100 West Oakland Avenue Unit 1I,https://offcampus.osu.edu/search-housing.aspx?property=16500&pricefrom=0&sort=1&alllandlords=0,00004074,"$2,000.00",08/16/2026,08/06/2027,356 Days,No,Yes,$2000,Pella Company,Apartment,University District: Northwest,Ground Level,"Columbus, OH",2,"2 full, 0 half",2,No,No,Laundry facilities in the unit,Yes,1,Yes,n/a,n/a,Yes,,Yes,n/a,n/a,No,No,Central A/C,Yes,Yes,Yes,No,No,No,,$0,$0,$0,$0,No,No,No,No,No,No,No,,
"15 E. Lane AveColumbus, OH 43201",https://offcampus.osu.edu/search-housing.aspx?property=21866&pricefrom=0&sort=1&alllandlords=0&sublet=true,0000556A,"$2,930.00",5/15/2026,7/31/2026,6.5 Months,No,Yes,$500,Wilson Place,Apartment,University District: Northeast,Above Ground,"Columbus, OH",2,"2 full, 0 half",2,Yes,No,Laundry facilities in the unit,No,0,No,n/a,n/a,No,,No,n/a,n/a,Yes,No,Central A/C,Yes,Yes,Yes,Yes,No,No,"Building Amenities:
·       24/7 access-controlled security & video surveillance
·       Study lounges & community lounge with rooftop terrace
·       Fitness center
·       Parking garage
·       On-site management & maintenance
·       Package receiving
·       High-speed internet
 
Perfect for students wanting convenience, safety, and modern amenities.",$200,$50,$50,$50,Yes,Yes,Yes,No,No,No,Yes,Jackie Storer,614-591-7009
1477 Indianola Avenue,https://offcampus.osu.edu/search-housing.aspx?property=15665&pricefrom=0&sort=1&alllandlords=0,00003D31,"$2,000.00",8/1/2026,7/15/2027,12 Month,No,Yes,$2000,DPG Properties,Duplex/Town House,University District: Southeast,Above Ground,"Columbus, OH",4,"1 full, 2 half",4,No,Yes,Laundry facilities in the unit,Yes,2,Yes,n/a,n/a,Yes,No,No,n/a,n/a,No,No,Central A/C,Yes,Yes,Yes,Yes,Yes,Yes,,$500,$50,$50,$50,Yes,Yes,Yes,No,No,No,No,,
1475 Indianola Avenue,https://offcampus.osu.edu/search-housing.aspx?property=10169&pricefrom=0&sort=1&alllandlords=0,000027B9,"$2,000.00",8/1/2026,7/15/2027,12 months,Yes,Yes,$2000,DPG Properties,Duplex/Town House,University District: Southeast,Above Ground,"Columbus, OH",4,"1 full, 2 half",4,No,Yes,Laundry facilities in the unit,Yes,1,Yes,n/a,n/a,Yes,No,No,n/a,n/a,No,No,Central A/C,Yes,Yes,Yes,No,Yes,Yes,,$500,$50,$50,$50,Yes,Yes,Yes,No,No,No,No,,
"75 S. High StDublin, OH 43017",https://offcampus.osu.edu/search-housing.aspx?property=15664&pricefrom=0&sort=1&alllandlords=0,00003D30,"$2,000.00",8/18/2026,7/15/2027,12 Month,No,Yes,$2000,DPG Properties,Duplex/Town House,University District: Southeast,Above Ground,"Columbus, OH",4,"1 full, 2 half",4,No,Yes,Laundry facilities in the unit,Yes,2,Yes,n/a,n/a,Yes,No,No,n/a,n/a,No,No,Central A/C,Yes,Yes,Yes,Yes,No,Yes,"One block from High St., walking distance to campus, bookstore, restaurants & across the street from park. Off & On street parking.  Less than 5 blocks to the Ohio Union.",$500,$50,$50,$50,Yes,Yes,Yes,No,No,No,No,David Galbreath,614-360-8400
1474 Indianola Avenue,https://offcampus.osu.edu/search-housing.aspx?property=10168&pricefrom=0&sort=1&alllandlords=0,000027B8,"$2,000.00",8/1/2026,7/15/2027,12 Month,No,Yes,$2000,DPG Properties,Duplex/Town House,University District: Southeast,Above Ground,"Columbus, OH",4,"1 full, 2 half",4,No,Yes,Laundry facilities in the unit,Yes,2,Yes,n/a,n/a,Yes,No,No,n/a,n/a,No,No,Central A/C,Yes,Yes,Yes,Yes,No,Yes,,$500,$50,$50,$50,Yes,Yes,Yes,No,No,No,No,,
64 West Patterson Avenue,https://offcampus.osu.edu/search-housing.aspx?property=10366&pricefrom=0&sort=1&alllandlords=0,0000287E,"$2,000.00",08-01-2026,07-30-2027,12 months,No,No,$2000,S&G Properties,Half Double,University District: Northwest,Ground Level,"Columbus, OH",3,"1 full, 0 half",3,No,Yes,Laundry facilities in the unit,Yes,4,Yes,n/a,n/a,Yes,No,No,n/a,n/a,No,No,Central A/C,Yes,Yes,Yes,No,Yes,Yes,"mini blinds. hardwood. carpeting. new kitchen. new windows. dishwasher, washer dryer. tons of parking.",$0,$0,$0,$0,No,No,No,No,No,No,No,,
1755 North Fourth Street,https://offcampus.osu.edu/search-housing.aspx?property=17848&pricefrom=0&sort=1&alllandlords=0,000045B8,"$2,000.00",08-15-2026,07-31-2027,1 year,No,Yes,$2000,"SoGate Properties, LLC",Half Double,University District: Central,Above Ground,"Columbus, OH",4,"2 full, 0 half",4,No,Yes,Laundry facilities in the unit,Yes,2,Yes,n/a,n/a,Yes,,No,n/a,n/a,No,No,Central A/C,Yes,Yes,Yes,No,Yes,Yes,,$100,$0,$0,$0,Yes,No,Yes,No,No,No,No,,
1635 Summit Street Unit 1635,https://offcampus.osu.edu/search-housing.aspx?property=11048&pricefrom=0&sort=1&alllandlords=0,00002B28,"$2,001.00",08-19-2026,07-31-2027,12 months,No,No,$2001,Hometeam,Duplex/Town House,University District: Southeast,Ground Level,"Columbus, OH",4,"2 full, 0 half",4,No,No,Laundry facilities in the unit,Yes,4,Yes,$Ask us about our pricing,n/a,Yes,No,No,n/a,n/a,No,No,Central A/C,Yes,Yes,Yes,No,No,Yes,,$0,$0,$0,$0,Yes,Yes,Yes,No,No,No,No,,
25 West 10th Avenue Unit 25A,https://offcampus.osu.edu/search-housing.aspx?property=15515&pricefrom=0&sort=1&alllandlords=0,00003C9B,"$2,001.00",08-19-2026,07-31-2027,12 months,No,No,$2001,Hometeam,Apartment,University District: Southwest,Ground Level,"Columbus, OH",3,"1 full, 0 half",3,No,Yes,Laundry facilities in the unit,Yes,0,No,$Ask us about our pricing,n/a,Yes,No,No,n/a,n/a,No,No,Central A/C,Yes,Yes,Yes,No,No,Yes,,$0,$0,$0,$0,Yes,Yes,Yes,No,No,No,No,,
1596 Highland Street Unit C,https://offcampus.osu.edu/search-housing.aspx?property=14935&pricefrom=0&sort=1&alllandlords=0,00003A57,"$2,010.00",1/13/2026,7/31/2026,through 7/31/2026,No,Yes,$2010,Buckeye Real Estate,Apartment,University District: Southwest,Above Ground,"Columbus , OH",3,"2 full, 0 half",4,No,No,None,Yes,0,Yes,n/a,n/a,No,No,No,n/a,n/a,No,No,Central A/C,Yes,Yes,Yes,No,No,No,"Spacious three bedroom, two bath flats with completely updated kitchens and baths! Fully equipped kitchens include dishwasher and microhood. Marble shower surrounds and sink tops in the 2 full baths! Unit features central air, and off street parking located on southwest campus (corner of 10th and Highland)!",$250,$0,$0,$0,Yes,Yes,Yes,No,Yes,No,No,,
"No Local OfficeColumbus, OH 43201",https://offcampus.osu.edu/search-housing.aspx?property=15636&pricefrom=0&sort=1&alllandlords=0,00003D14,"$2,025.00",08-15-2026,07-25-2027,11.5 Months,No,Yes,$One Month's Rent,"OSU Properties, George Kanellopoulos",Duplex/Town House,University District: Northeast,Ground Level,"Columbus, OH",3,"1 full, 0 half",5,No,Yes,Laundry facilities in the unit,Yes,3,Yes,n/a,$250,Yes,No,No,n/a,n/a,No,No,Central A/C,Yes,Yes,Yes,No,No,Yes,"For full listing details, including a floor plan and extensive pictures, see our website below:

https://osuproperties.com/propview.asp?cat=threebed#2112-2120-Indianola",$0,$0,$0,$0,No,No,No,No,Yes,No,No,Alek Kanellopoulos,614-546-9760
"No Local OfficeColumbus, OH 43201",https://offcampus.osu.edu/search-housing.aspx?property=15634&pricefrom=0&sort=1&alllandlords=0,00003D12,"$2,025.00",08-15-2026,07-25-2027,11.5 Months,No,Yes,$One Month's Rent,"OSU Properties, George Kanellopoulos",Duplex/Town House,University District: Northeast,Ground Level,"Columbus, OH",3,"1 full, 0 half",5,No,Yes,Laundry facilities in the unit,Yes,3,Yes,n/a,$250,Yes,No,No,n/a,n/a,No,No,Central A/C,Yes,Yes,Yes,No,No,Yes,"For full listing details, including a floor plan and extensive pictures, see our website below:

https://osuproperties.com/propview.asp?cat=threebed#2112-2120-Indianola",$0,$0,$0,$0,No,No,No,No,Yes,No,No,Alek Kanellopoulos,614-546-9760
"4493 Mobile Dr.Columbus, OH 43220",https://offcampus.osu.edu/search-housing.aspx?property=22014&pricefrom=0&sort=1&alllandlords=0&sublet=true,000055FE,"$2,029.00",2/1/2026,8/21/2026,7 months,No,Yes,$0,N/A,Apartment,Outside University District: Grandview,Above Ground,"Columbus, OH",2,"2 full, 0 half",2,Yes,No,Laundry facilities in the unit,Yes,500,Yes,$880 Yard St,$421,Yes,,Yes,n/a,n/a,Yes,No,Central A/C,Yes,Yes,Yes,Yes,Yes,Yes,"Pool, hot tub, gym, free parking, 24/7 security, walking distance to Giant Eagle, LA Fitness, and other restaurants and bars in the apartment community.",$0,$0,$0,$0,Yes,Yes,Yes,Yes,No,No,No,Lin Ding,817-528-3553
"No Local OfficeColumbus, OH 43201",https://offcampus.osu.edu/search-housing.aspx?property=21544&pricefrom=0&sort=1&alllandlords=0,00005428,"$2,070.00",08-15-2026,07-25-2027,11.5 Months,No,Yes,$One Month's Rent,"OSU Properties, George Kanellopoulos",Apartment,University District: Central,Below Ground,"Columbus, OH",3,"1 full, 0 half",3,No,No,Laundry facilities in the building,Yes,3,Yes,n/a,$250,Yes,,No,n/a,n/a,No,No,Central A/C,Yes,Yes,Yes,No,No,No,"For full listing details, including a floor plan and extensive pictures, see our website below:

https://osuproperties.com/propview.asp?cat=threebed#69-east-14th",$0,$0,$0,$0,No,No,No,No,Yes,No,No,Alek Kanellopoulos,614-546-9760
1518 Worthington Street Unit A,https://offcampus.osu.edu/search-housing.aspx?property=19491&pricefrom=0&sort=1&alllandlords=0,00004C23,"$2,095.00",8/13/2026,7/26/2027,12 months,No,Yes,$2095,Peak Property Group,Duplex/Town House,University District: Southwest,Above Ground,"Columbus, OH",3,"1 full, 0 half",4,No,Yes,Laundry facilities in the unit,Yes,0,No,n/a,n/a,Yes,,No,n/a,n/a,No,No,Central A/C,Yes,Yes,Yes,No,No,Yes,TO SCHEDULE A SHOWING: www.peakpropertygroup.com,$250,$35,$35,$35,Yes,Yes,Yes,No,No,No,No,,
45 McMillen Avenue,https://offcampus.osu.edu/search-housing.aspx?property=15923&pricefrom=0&sort=1&alllandlords=0,00003E33,"$2,095.00",8/13/2026,7/26/2027,12 months,No,Yes,$2095,Peak Property Group,House,University District: Southeast,Ground Level,"Columbus , OH",3,"1 full, 0 half",3,No,Yes,Laundry facilities in the building,Yes,0,No,n/a,n/a,Yes,,No,n/a,n/a,No,No,Central A/C,No,Yes,Yes,No,Yes,Yes,TO SCHEDULE A SHOWING: www.peakpropertygroup.com,$250,$35,$0,$0,Yes,Yes,Yes,No,No,No,No,,
293 East 15th Avenue,https://offcampus.osu.edu/search-housing.aspx?property=21083&pricefrom=0&sort=1&alllandlords=0,0000525B,"$2,100.00",08-19-2026,07-31-2027,12 months,No,No,$2100,Hometeam,Apartment,University District: Central,Ground Level,"Columbus, OH",4,"2 full, 0 half",4,No,No,None,Yes,0,Yes,$Ask us about our pricing,n/a,No,,Yes,n/a,n/a,No,No,None,Yes,Yes,Yes,No,No,No,,$0,$0,$0,$0,Yes,Yes,Yes,No,No,No,No,,
"No Local OfficeColumbus, OH 43201",https://offcampus.osu.edu/search-housing.aspx?property=18868&pricefrom=0&sort=1&alllandlords=0,000049B4,"$2,100.00",08-15-2026,07-25-2027,11.5 Months,No,Yes,$One Month's Rent,"OSU Properties, George Kanellopoulos",Duplex/Town House,University District: Northwest,Ground Level,"Columbus, OH",3,"1 full, 0 half",5,No,Yes,Laundry facilities in the unit,Yes,2,Yes,n/a,$250,Yes,,No,n/a,n/a,No,No,Central A/C,Yes,Yes,Yes,No,No,No,"For full listing details, including a floor plan and extensive pictures, see our website below:

https://osuproperties.com/propview.asp?cat=threebed#105-west-northwood-threebed",$0,$0,$0,$0,No,No,No,No,Yes,No,No,Alek Kanellopoulos,614-546-9760
108 West Patterson Avenue,https://offcampus.osu.edu/search-housing.aspx?property=17603&pricefrom=0&sort=1&alllandlords=0,000044C3,"$2,100.00",08/01/2026,07/25/2027,12 Months,No,No,$2000.00,"Anthony & Kimberly Properties, LLC",Half Double,University District: Northwest,Above Ground,"Columbus, OH",3,"1 full, 0 half",4,No,Yes,Laundry facilities in the unit,Yes,3,Yes,n/a,n/a,Yes,,No,n/a,n/a,No,Yes,Central A/C,Yes,Yes,Yes,No,Yes,Yes,,$0,$0,$0,$0,No,No,No,No,Yes,No,No,,
38 West Maynard Avenue,https://offcampus.osu.edu/search-housing.aspx?property=12123&pricefrom=0&sort=1&alllandlords=0,00002F5B,"$2,100.00",8/10/26,7/30/27,1 year,No,No,$1875,"Campus Rentals, LLC",Half Double,University District: Northwest,Ground Level,"Columbus, OH",3,"1 full, 0 half",3,No,Yes,Laundry facilities in the unit,Yes,3,Yes,n/a,n/a,Yes,No,No,n/a,n/a,No,No,Central A/C,Yes,Yes,Yes,Yes,Yes,No,,$0,$0,$0,$0,No,No,No,No,No,No,No,,
40 West Maynard Avenue,https://offcampus.osu.edu/search-housing.aspx?property=12124&pricefrom=0&sort=1&alllandlords=0,00002F5C,"$2,100.00",8/10/26,7/30/27,1 year,No,No,$2100,"Campus Rentals, LLC",Half Double,University District: Northwest,Ground Level,"Columbus, OH",3,"1 full, 0 half",3,No,Yes,Laundry facilities in the unit,Yes,4,Yes,n/a,n/a,Yes,No,No,n/a,n/a,No,No,Central A/C,No,Yes,Yes,Yes,Yes,No,,$0,$0,$0,$0,No,No,No,No,No,No,No,,
1694 North High  Street Unit B,https://offcampus.osu.edu/search-housing.aspx?property=13677&pricefrom=0&sort=1&alllandlords=0,0000356D,"$2,100.00",8/20/2026,8/05/2027,12 Months,No,Yes,$2100,Buckeye Real Estate,Apartment,University District: Southeast,Above Ground,"Columbus, OH",2,"1 full, 0 half",3,No,No,Laundry facilities in the unit,Yes,0,No,n/a,n/a,Yes,No,No,n/a,n/a,No,No,Central A/C,Yes,Yes,Yes,Yes,No,Yes,Recently remodeled with ceiling fans!,$250,$0,$0,$0,Yes,Yes,Yes,No,Yes,No,No,,
429 East 17th Avenue,https://offcampus.osu.edu/search-housing.aspx?property=12438&pricefrom=0&sort=1&alllandlords=0,00003096,"$2,100.00",08/01/2023,07/20/2024,12 months,No,No,$2100.00,"Dwine Properties, LLC",House,University District: Central,Above Ground,"Columbus, OH",4,"2 full, 0 half",4,No,Yes,Laundry Hookup,Yes,4,Yes,n/a,n/a,Yes,No,No,n/a,n/a,No,No,Central A/C,Yes,Yes,Yes,No,Yes,Yes,"Microwave, 2 Full Baths, (4) Parking spots are off-street parking and directly behind house (part of the lot for house)",$0,$0,$0,$0,No,No,No,No,Yes,No,No,,
129 East 11th Avenue Unit 129,https://offcampus.osu.edu/search-housing.aspx?property=13507&pricefrom=0&sort=1&alllandlords=0,000034C3,"$2,157.00 - $2,400.00",08-19-2026,07-31-2027,12 months,No,No,$2157-2400,Hometeam,Duplex/Town House,University District: Southeast,Above Ground,"Columbus, OH",3,"2 full, 1 half",3,No,Yes,Laundry facilities in the unit,Yes,0,Yes,$Ask us about our pricing,n/a,Yes,No,No,n/a,n/a,No,No,Central A/C,Yes,Yes,Yes,Yes,No,Yes,,$0,$0,$0,$0,Yes,Yes,Yes,No,No,No,No,,
900 Nettle Drive 2 bedroom,https://offcampus.osu.edu/search-housing.aspx?property=15197&pricefrom=0&sort=1&alllandlords=0,00003B5D,"$2,160.00 - $2,180.00",08-10-2026,7/25/2027,12 month,No,Yes,$Waived,Edwards Student Housing Management Company,Apartment,University District: Northwest,Above Ground,"Columbus, OH",2,"2 full, 0 half",3,Yes,No,Laundry facilities in the unit,Yes,160,Yes,n/a,$265.00,No,No,Yes,$125.00,n/a,No,No,Central A/C,Yes,Yes,Yes,Yes,No,No,"WiFi cafe with flat screen TV's, cafe, and conference/study room. Grad student/professional community.

Specials: Waived administrative fee!",$300.00,$40,$40,$40,Yes,Yes,Yes,No,No,No,No,,
1694 North High Street Unit E,https://offcampus.osu.edu/search-housing.aspx?property=13680&pricefrom=0&sort=1&alllandlords=0,00003570,"$2,160.00",8/20/2026,8/05/2027,12 Months,No,Yes,$2160,Buckeye Real Estate,Apartment,University District: Southeast,Above Ground,"Columbus, OH",2,"2 full, 0 half",3,No,No,Laundry facilities in the unit,Yes,0,No,n/a,n/a,Yes,No,No,n/a,n/a,No,No,Central A/C,Yes,Yes,Yes,Yes,No,Yes,Recently remodeled with ceiling fans!,$250,$0,$0,$0,Yes,Yes,Yes,No,Yes,No,No,,
"No Local OfficeColumbus, OH 43201",https://offcampus.osu.edu/search-housing.aspx?property=21680&pricefrom=0&sort=1&alllandlords=0,000054B0,"$2,190.00",08-15-2026,07-25-2027,11.5 Months,No,Yes,$One Month's Rent,"OSU Properties, George Kanellopoulos",Apartment,University District: Central,Below Ground,"Columbus, OH",3,"1 full, 0 half",5,No,No,Laundry facilities in the building,Yes,3,Yes,n/a,$250,Yes,,No,n/a,n/a,No,No,Central A/C,Yes,Yes,Yes,No,No,No,"ALL UTILITIES INCLUDED with Rent Amount

For full listing details, including a floor plan and extensive pictures, see our website below:

https://osuproperties.com/propview.asp?cat=threebed#75-east-14th",$0,$0,$0,$0,No,No,No,No,Yes,Yes,Yes,Alek Kanellopoulos,614-546-9760
"PO Box 12788Columbus, OH 43212",https://offcampus.osu.edu/search-housing.aspx?property=21817&pricefrom=0&sort=1&alllandlords=0,00005539,"$2,195.00",02-20-2026,01-31-2027,12 mo,Yes,Yes,$99.00,Peak Property Group,Duplex/Town House,Outside University District: Victorian Village,Above Ground,"Columbus, OH",3,"1 full, 0 half",4,No,Yes,Laundry Hookup,Yes,0,No,n/a,n/a,Yes,,No,n/a,n/a,No,Yes,Central A/C,Yes,Yes,Yes,No,Yes,Yes,,$250,$35,$35,$35,Yes,Yes,Yes,No,No,No,No,Chelsie Flores,614-360-2020
61 McMillen Avenue,https://offcampus.osu.edu/search-housing.aspx?property=17615&pricefrom=0&sort=1&alllandlords=0,000044CF,"$2,195.00",08/01/2026,07/01/2027,12 months,No,Yes,$2195,Peak Property Group,House,University District: Southwest,Above Ground,"Columbus, OH",4,"2 full, 0 half",4,No,No,Laundry facilities in the unit,Yes,2,Yes,n/a,n/a,Yes,,No,n/a,n/a,No,No,Central A/C,Yes,Yes,Yes,No,Yes,Yes,WEBSITE: www.peakpropertygroup.com,$250,$35,$35,$35,Yes,Yes,Yes,No,No,No,No,,
22 Chittenden Avenue,https://offcampus.osu.edu/search-housing.aspx?property=15375&pricefrom=0&sort=1&alllandlords=0,00003C0F,"$2,195.00",8/13/2026,07/01/2027,12 months,No,Yes,$2195,Peak Property Group,Apartment,University District: Central,Above Ground,"Columbus, OH",3,"1 full, 0 half",4,No,No,Laundry facilities in the unit,Yes,0,Yes,$95.00,n/a,Yes,No,No,n/a,n/a,No,No,Central A/C,Yes,Yes,Yes,No,No,Yes,"TO SCHEDULE A SHOWING: 614-360-2020 or peakpropertygroup.com
Close-by parking available for an additional charge!",$250,$35,$35,$35,Yes,Yes,Yes,No,No,No,No,,
16 Chittenden Avenue  (Sublet),https://offcampus.osu.edu/search-housing.aspx?property=14593&pricefrom=0&sort=1&alllandlords=0&sublet=true,00003901,"$2,090.00",7/22/2026,7/21/2026,12 months,No,Yes,$2195,Peak Property Group,Apartment,University District: Central,Above Ground,"Columbus, OH",3,"1 full, 0 half",4,No,No,Laundry facilities in the unit,Yes,0,No,n/a,n/a,Yes,No,No,n/a,n/a,No,No,Central A/C,Yes,Yes,Yes,No,No,Yes,TO SCHEDULE A SHOWING: www.peakpropertygroup.com,$250,$35,$35,$35,Yes,Yes,Yes,No,No,No,No,,
2045 Waldeck Avenue Unit 2045,https://offcampus.osu.edu/search-housing.aspx?property=6889&pricefrom=0&sort=1&alllandlords=0,00001AE9,"$2,196.00",08-19-2026,07-31-2027,12 months,No,No,$2196,Hometeam,Duplex/Town House,University District: Northeast,Ground Level,"Columbus, OH",3,"1 full, 0 half",3,No,Yes,Laundry facilities in the unit,Yes,1,Yes,$Ask us about our pricing,n/a,Yes,Yes,No,n/a,n/a,No,No,Central A/C,Yes,Yes,Yes,No,No,Yes,,$0,$0,$0,$0,Yes,Yes,Yes,No,No,No,No,,
109 McMillen Avenue,https://offcampus.osu.edu/search-housing.aspx?property=7497&pricefrom=0&sort=1&alllandlords=0,00001D49,"$2,199.00",08-19-2026,07-31-2027,12 month,No,No,$2199,Hometeam,House,University District: Southwest,Ground Level,"Columbus, OH",3,"1 full, 0 half",3,No,No,Laundry facilities in the unit,Yes,0,Yes,$Ask us about our pricing,n/a,Yes,No,No,n/a,n/a,No,No,Central A/C,Yes,Yes,Yes,No,No,No,,$0,$0,$0,$0,Yes,Yes,Yes,No,No,No,No,,
"2490 N High StApt-100Columbus, OH 43202",https://offcampus.osu.edu/search-housing.aspx?property=22023&pricefrom=0&sort=1&alllandlords=0,00005607,"$2,200.00",02-11-2026,07-31-2026,6 months,Yes,Yes,$2200,Verge Developments LLC,Apartment,University District: Northeast,Above Ground,"Columbus, OH",2,"2 full, 0 half",5,Yes,No,Laundry facilities in the unit,Yes,1,Yes,$100,n/a,Yes,,No,n/a,n/a,Yes,No,Central A/C,Yes,Yes,Yes,Yes,No,Yes,"a brand new, modern, luxury 2b2b furnished unit (sleep up to 5 people with sofa bed converted), and only 10 minutes walking distance to the OSU campus. Please see the following amenities: 1) 2 queen beds with Casper Select 12"" Memory Foam Mattress; 2), 65 Smart TV, high speed internet access + high definition tv channels; 3), all utilities included, trash Shute and 1 covered parking space; 4), All-Clad copper core cookware set, utensils, Knife set, silverware and 16-Piece Bone China Dinnerware; 5), Keurig K-Cafe Serve Coffee Latte & Cappuccino Maker; 6), Stainless Steel Applications; 7), Roof top; 8), Elevator; 9), private balcony; 10), short term lease available;",$0,$40,$40,$30,Yes,Yes,Yes,Yes,No,No,No,Vic Chen,614-843-7333
95 Chittenden Avenue Unit A,https://offcampus.osu.edu/search-housing.aspx?property=15404&pricefrom=0&sort=1&alllandlords=0,00003C2C,"$2,200.00",08-19-2026,07-31-2027,12 months,No,No,$2200,Hometeam,Duplex/Town House,University District: Southeast,Ground Level,"Columbus, OH",4,"2 full, 0 half",4,No,Yes,Laundry facilities in the unit,Yes,0,Yes,$Ask us about our pricing,n/a,Yes,No,No,n/a,n/a,No,No,Central A/C,Yes,Yes,Yes,No,No,No,,$0,$0,$0,$0,Yes,Yes,Yes,No,No,No,No,,
50 Euclid Avenue Unit 50,https://offcampus.osu.edu/search-housing.aspx?property=12572&pricefrom=0&sort=1&alllandlords=0,0000311C,"$2,200.00",08-19-2026,07-31-2027,12 months,No,No,$2200,Hometeam,Half Double,University District: Southeast,Above Ground,"Columbus, OH",4,"1 full, 1 half",4,No,Yes,Laundry Hookup,Yes,0,Yes,$Ask us about our pricing,n/a,Yes,No,No,n/a,n/a,No,No,Central A/C,Yes,Yes,Yes,No,Yes,Yes,,$0,$0,$0,$0,Yes,Yes,Yes,No,No,No,No,,
1516 Summit Street Unit 1516,https://offcampus.osu.edu/search-housing.aspx?property=20973&pricefrom=0&sort=1&alllandlords=0,000051ED,"$2,200.00",08-19-2026,07-31-2027,12 months,No,No,$2200,Hometeam,Duplex/Town House,University District: Southeast,Ground Level,"Columbus, OH",5,"3 full, 0 half",5,No,No,Laundry facilities in the unit,Yes,0,No,$Ask us about our pricing,n/a,Yes,,No,n/a,n/a,No,No,Window A/C,Yes,Yes,Yes,No,No,No,,$0,$0,$0,$0,Yes,Yes,Yes,No,No,No,No,,
52 Euclid Avenue Unit 52,https://offcampus.osu.edu/search-housing.aspx?property=12574&pricefrom=0&sort=1&alllandlords=0,0000311E,"$2,200.00",08-19-2026,07-31-2027,12 months,No,No,$2200,Hometeam,Half Double,University District: Southeast,Above Ground,"Columbus, OH",5,"1 full, 1 half",5,No,Yes,Laundry Hookup,Yes,0,Yes,$Ask us about our pricing,n/a,No,No,No,n/a,n/a,No,No,Central A/C,Yes,Yes,Yes,No,Yes,Yes,,$0,$0,$0,$0,Yes,Yes,Yes,No,No,No,No,,
65 East Norwich Road,https://offcampus.osu.edu/search-housing.aspx?property=14995&pricefrom=0&sort=1&alllandlords=0,00003A93,"$2,200.00",August 23 2021,July 30 2022,"August 23, 2021- July 30, 2022",No,Yes,$2200,"Locations, Ltd",House,University District: Southeast,Ground Level,"Columbus, OH",4,"1 full, 1 half",4,No,Yes,Laundry Hookup,Yes,3,Yes,n/a,$380,Yes,No,No,n/a,n/a,No,No,None,No,Yes,Yes,No,Yes,Yes,,$0,$0,$0,$0,No,No,No,No,No,No,No,,
"No Local OfficeColumbus, OH 43201",https://offcampus.osu.edu/search-housing.aspx?property=21792&pricefrom=0&sort=1&alllandlords=0&sublet=true,00005520,"$2,205.00",8/15/2026,7/25/2027,11.5 Months,No,Yes,$One Month's Rent,"OSU Properties, George Kanellopoulos",Apartment,University District: Central,Above Ground,"Columbus, OH",3,"1 full, 0 half",5,No,No,Laundry facilities in the building,Yes,3,Yes,n/a,$250,Yes,,No,n/a,n/a,No,No,Central A/C,Yes,Yes,Yes,No,No,No,"For full listing details, including a floor plan and extensive pictures, see our website below:

https://osuproperties.com/propview.asp?cat=threebed#75-east-14th",$0,$0,$0,$0,No,No,No,No,Yes,No,No,Alek Kanellopoulos,614-546-9760
2233 Neil  Avenue Unit A,https://offcampus.osu.edu/search-housing.aspx?property=20883&pricefrom=0&sort=1&alllandlords=0,00005193,"$2,250.00",08-16-2026,08-09-2027,"August 16, 2026 - August 9, 2027",No,No,$one month's rent,"OSU Apartments & Rentals, Inc.",House,University District: Northwest,Above Ground,"Columbus, OH",5,"1 full, 0 half",5,No,No,Laundry facilities in the unit,Yes,0,No,n/a,n/a,Yes,,No,n/a,n/a,No,Yes,Central A/C,Yes,Yes,Yes,Yes,Yes,Yes,"This is a beautiful house, one block from OSU's north campus.  Nearby amenities include a park, tennis courts, and shopping.  The house also boasts two fireplaces, bay windows, and sun room.  Flooring includes:  wooden floors in the kitchen, marble floors in the bathroom, and carpeting throughout the bedrooms.   

Washer / dryer and dishwasher included. Local area network, satellite dish, high speed internet access, and security system are also available/pre-wired but not included in rent. 

This house also includes a large fenced-in backyard with picnic table.  

Permit parking area; on-street parking available.   Please call to reserve your viewing time today!",$0,$0,$0,$0,No,No,No,No,No,No,No,,
2233 Neil  Avenue,https://offcampus.osu.edu/search-housing.aspx?property=17304&pricefrom=0&sort=1&alllandlords=0,00004398,"$2,250.00","August 16, 2026","August 9, 2027",August 2026 - August 2027,No,Yes,$one month's rent,"OSU Apartments & Rentals, Inc.",House,University District: Northwest,Above Ground,"Columbus, OH",5,"1 full, 0 half",5,No,No,Laundry facilities in the building,Yes,0,No,n/a,n/a,Yes,,No,n/a,n/a,No,Yes,Window A/C,Yes,Yes,Yes,Yes,Yes,Yes,"This is a beautiful house, one block from OSU's north campus.  Nearby amenities include a park, tennis courts, and shopping.  The house also boasts two fireplaces, bay windows, and sun room.  Flooring includes:  wooden floors in the kitchen, marble floors in the bathroom, and carpeting throughout the bedrooms.   

Washer / dryer and dishwasher included. Local area network, satellite dish, high speed internet access, and security system are also available/pre-wired but not included in rent. 

This house also includes a large fenced-in backyard with picnic table.  

Permit parking area; on-street parking available.",$$0,$0,$0,$0,No,No,No,No,No,No,No,,
86 West Northwood Avenue,https://offcampus.osu.edu/search-housing.aspx?property=20339&pricefrom=0&sort=1&alllandlords=0,00004F73,"$2,280.00",08-15-2026,07-31-2027,350 Days,No,No,$1500,84 W Northwood LLC,Duplex/Town House,University District: Northwest,Above Ground,"Columbus, OH",3,"1 full, 0 half",3,No,No,Laundry facilities in the building,Yes,3,Yes,$included,$included,Yes,,No,n/a,n/a,No,No,Central A/C,Yes,Yes,Yes,No,Yes,Yes,This apartment is in a two-unit building two blocks north of campus on a quiet street.  The unit is the upper level and has character including decorative fireplaces in two of the bedrooms.  This has been under the same ownership and management for over 40 years.  Get the attention and care you deserve.,$0,$0,$0,$0,No,No,No,No,Yes,No,Yes,,
"PO Box 12788Columbus, OH 43212",https://offcampus.osu.edu/search-housing.aspx?property=21994&pricefrom=0&sort=1&alllandlords=0,000055EA,"$2,300.00",08-04-2026,07-12-2027,12 months,No,Yes,$2300,Peak Property Group,Apartment,University District: Central,Above Ground,"Columbus, OH",5,"2 full, 0 half",5,No,No,Laundry facilities in the unit,Yes,0,Yes,$95.00,n/a,Yes,,No,n/a,n/a,No,No,Central A/C,Yes,Yes,Yes,No,No,Yes,"TO SCHEDULE A SHOWING: 614-360-2020 peakpropertygroup.com 

Close-by parking available for an additional charge!",$250,$35,$35,$35,Yes,Yes,Yes,No,No,No,No,Chelsie Flores,614-360-2020
196 West 8th Avenue,https://offcampus.osu.edu/search-housing.aspx?property=12301&pricefrom=0&sort=1&alllandlords=0,0000300D,"$2,300.00",08/20/2026,07/29/2027,12 months,No,Yes,$2300,Peak Property Group,House,University District: Southwest,Above Ground,"Columbus, OH",5,"3 full, 0 half",6,No,Yes,Laundry facilities in the unit,Yes,5,Yes,n/a,n/a,Yes,No,No,n/a,n/a,No,Yes,Central A/C,Yes,Yes,Yes,No,Yes,Yes,TO SCHEDULE A SHOWING: www.peakpropertygroup.com,$250,$35,$35,$35,Yes,Yes,Yes,No,No,No,No,,
2193  Summit Street,https://offcampus.osu.edu/search-housing.aspx?property=17382&pricefrom=0&sort=1&alllandlords=0,000043E6,"$2,300.00",12/1/2025,7/20/2026,1 year,Yes,Yes,$2300,DPG Properties,Duplex/Town House,University District: Northeast,Above Ground,"Columbus, OH",4,"1 full, 0 half",5,No,Yes,Laundry facilities in the building,Yes,2,Yes,n/a,n/a,Yes,,No,n/a,n/a,No,No,Central A/C,Yes,Yes,Yes,No,Yes,Yes,"AVAILABLE FOR IMMEDIATE MOVE IN & FALL OF 2026! 

Rent $2,100 for 3 tenants.

Short term lease through July 20, 2026 or stay through July 20, 2027.

4 Bedroom and 1 full Bathroom on 2nd floor. Bonus rooms on 3rd floor, beautifully finished. Granite kitchen counter tops w/ stainless steel appliances, new windows and doors, insulated walls, new drywall, bathroom with tile floors and surround w/ granite vanity, high efficiency furnace and central air, new duct work, all new electric wiring, new plumbing lines. Washer/Dryer included. Two off-street parking spots in the rear are free.  Private poured concrete patio. Front porch too! You won't be disappointed!!

If this home isn't perfect we have plenty of well maintained homes with 1-6 Bedrooms.  Text 614-360-8400 to schedule a showing! www.dgpproperties.net",$500,$50,$50,$50,Yes,Yes,Yes,No,No,No,No,,
80 East Euclid Avenue Unit 80,https://offcampus.osu.edu/search-housing.aspx?property=12946&pricefrom=0&sort=1&alllandlords=0,00003292,"$2,300.00",08-19-2026,07-31-2027,12 months,No,No,$2300,Hometeam,Half Double,University District: Southeast,Ground Level,"Columbus, OH",5,"3 full, 0 half",5,No,Yes,Laundry facilities in the unit,Yes,0,Yes,$Ask us about our pricing,n/a,Yes,No,No,n/a,n/a,No,No,Central A/C,Yes,Yes,Yes,No,Yes,Yes,,$0,$0,$0,$0,Yes,Yes,Yes,No,No,No,No,,
57 McMillen Avenue,https://offcampus.osu.edu/search-housing.aspx?property=15924&pricefrom=0&sort=1&alllandlords=0,00003E34,"$2,335.00",8/13/2026,7/26/2027,12 months,No,Yes,$2335,Peak Property Group,House,University District: Southwest,Ground Level,"Columbus, OH",3,"1 full, 0 half",4,No,No,Laundry facilities in the unit,Yes,1,Yes,n/a,n/a,Yes,,No,n/a,n/a,No,No,Central A/C,Yes,Yes,Yes,No,Yes,Yes,TO SCHEDULE A SHOWING: www.peakpropertygroup.com,$250,$35,$35,$35,Yes,Yes,Yes,No,No,No,No,,
139 West Norwich Avenue,https://offcampus.osu.edu/search-housing.aspx?property=7740&pricefrom=0&sort=1&alllandlords=0,00001E3C,"$2,340.00",8/17/2026,7/31/2027,11.5 Month Lease,No,Yes,$2340,"Kohr Royer Griffith, Inc.",House,University District: Northwest,Ground Level,"Columbus, OH",3,"1 full, 0 half",3,No,Yes,Laundry facilities in the unit,Yes,2,Yes,n/a,n/a,Yes,No,No,n/a,n/a,No,No,Central A/C,Yes,Yes,Yes,No,Yes,Yes,,$0,$0,$0,$0,No,No,No,No,No,No,No,,
136 East Norwich Road,https://offcampus.osu.edu/search-housing.aspx?property=14996&pricefrom=0&sort=1&alllandlords=0,00003A94,"$2,340.00",August 23 2021,July 30 2022,"August 23, 2021- July 30, 2022",No,Yes,$2340.00,"Locations, Ltd",House,University District: Southeast,Ground Level,"Columbus, OH",4,"1 full, 1 half",4,No,Yes,Laundry Hookup,Yes,1,Yes,n/a,$380,Yes,No,No,n/a,n/a,No,No,Central A/C,Yes,Yes,Yes,No,Yes,Yes,,$0,$0,$0,$0,No,No,No,No,No,No,No,,
404 King Avenue,https://offcampus.osu.edu/search-housing.aspx?property=12178&pricefrom=0&sort=1&alllandlords=0,00002F92,"$2,360.00",08-14-2026,07-30-2027,350 Days,No,Yes,$2360,G.A.S. PROPERTIES,Duplex/Town House,University District: Southwest,Above Ground,"Columbus, OH",4,"2 full, 0 half",5,No,Yes,Laundry facilities in the unit,Yes,4,Yes,n/a,$350,Yes,No,No,n/a,n/a,No,Yes,Central A/C,No,Yes,Yes,No,Yes,No,"-Off street parking
-Security Lighting
-Smoke detectors
-Fire extinguisher
-Garbage Disposal",$250,$35,$35,$25,Yes,Yes,Yes,No,No,No,No,,
250 Chittenden Avenue Unit 4 F,https://offcampus.osu.edu/search-housing.aspx?property=20483&pricefrom=0&sort=1&alllandlords=0,00005003,"$2,375.00",08-13-2026,07/26/2027,12 months,No,Yes,$99,Peak Property Group,Apartment,University District: Central,Above Ground,"Columbus, OH",4,"2 full, 0 half",5,No,No,Laundry facilities in the unit,Yes,4,Yes,$$95/spot; $150/stall,n/a,Yes,,No,n/a,n/a,No,No,Central A/C,Yes,Yes,Yes,No,No,No,TO SCHEDULE A SHOWING: 614-360-2020/peakpropertygroup.com,$250,$35,$35,$35,Yes,Yes,Yes,No,No,No,No,,
1643 North Pearl  Street,https://offcampus.osu.edu/search-housing.aspx?property=14596&pricefrom=0&sort=1&alllandlords=0,00003904,"$2,395.00",8/20/2026,7/29/2027,12 months,No,Yes,$2395,Peak Property Group,Apartment,University District: Central,Above Ground,"Columbus, OH",4,"2 full, 0 half",5,No,No,Laundry facilities in the unit,Yes,0,Yes,$95.00,n/a,Yes,No,No,n/a,n/a,No,No,Central A/C,Yes,Yes,Yes,No,No,No,"TO SCHEDULE A SHOWING: www.peakpropertygroup.com

Close-by parking available for an additional charge!",$250,$35,$35,$35,Yes,Yes,Yes,No,No,No,No,,
315 East 17th  Avenue,https://offcampus.osu.edu/search-housing.aspx?property=14472&pricefrom=0&sort=1&alllandlords=0,00003888,"$2,395.00",8/20/2026,7/29/2027,12 months,No,Yes,$2395,Peak Property Group,Half Double,University District: Central,Above Ground,"Columbus, OH",5,"2 full, 0 half",6,No,Yes,Laundry facilities in the unit,Yes,4,Yes,n/a,n/a,Yes,No,No,n/a,n/a,No,No,Central A/C,Yes,Yes,Yes,No,No,Yes,TO SCHEDULE A SHOWING: www.peakpropertygroup.com,$250,$35,$35,$35,Yes,Yes,Yes,No,No,No,No,,
2280 Indianola Avenue,https://offcampus.osu.edu/search-housing.aspx?property=12870&pricefrom=0&sort=1&alllandlords=0,00003246,"$2,400.00",02/15/2026,7/15/2027,12 months,Yes,No,$2400,DPG Properties,House,University District: Northeast,Above Ground,"Columbus, OH",4,"1 full, 0 half",4,No,Yes,Laundry facilities in the unit,Yes,0,No,n/a,n/a,Yes,No,No,n/a,n/a,No,Yes,Central A/C,Yes,Yes,Yes,No,Yes,Yes,,$500,$50,$50,$50,Yes,Yes,Yes,No,No,No,No,,
1712 Summit Street Unit A,https://offcampus.osu.edu/search-housing.aspx?property=8997&pricefrom=0&sort=1&alllandlords=0,00002325,"$2,400.00",08-19-2026,07-31-2027,12 months,No,No,$2400,Hometeam,Apartment,University District: Central,Ground Level,"Columbus, OH",4,"2 full, 0 half",4,No,No,Laundry facilities in the unit,Yes,2,Yes,$Ask us about our pricing,n/a,No,No,No,n/a,n/a,No,No,Central A/C,Yes,Yes,Yes,No,No,Yes,,$0,$0,$0,$0,Yes,Yes,Yes,No,No,No,No,,
"No Local OfficeColumbus, OH 43201",https://offcampus.osu.edu/search-housing.aspx?property=22022&pricefrom=0&sort=1&alllandlords=0,00005606,"$2,400.00",08-15-2026,07-25-2027,11.5 Months,No,Yes,$One Month's Rent,"OSU Properties, George Kanellopoulos",Duplex/Town House,University District: Northwest,Ground Level,"Columbus, OH",4,"1 full, 1 half",6,No,Yes,Laundry facilities in the unit,Yes,4,Yes,n/a,$250,Yes,,No,n/a,n/a,No,No,Central A/C,Yes,Yes,Yes,No,No,Yes,"For full listing details, including a floor plan and extensive pictures, see our website below:

https://osuproperties.com/propview.asp?cat=fourbed#44-46-west-maynard",$0,$0,$0,$0,No,No,No,No,Yes,No,No,Alek Kanellopoulos,614-546-9760
"75 S. High StDublin, OH 43017",https://offcampus.osu.edu/search-housing.aspx?property=17924&pricefrom=0&sort=1&alllandlords=0,00004604,"$2,400.00",08/1/2026,7/15/2027,1 Year,No,Yes,$2400,DPG Properties,Duplex/Town House,University District: Southeast,Above Ground,"Columbus, OH",4,"1 full, 1 half",5,No,Yes,Laundry facilities in the unit,Yes,2,Yes,n/a,n/a,Yes,,No,n/a,n/a,No,No,Central A/C,Yes,Yes,Yes,No,Yes,Yes,,$500,$50,$50,$50,Yes,Yes,Yes,No,No,No,No,David Galbreath,614-360-8400
"75 S. High StDublin, OH 43017",https://offcampus.osu.edu/search-housing.aspx?property=19489&pricefrom=0&sort=1&alllandlords=0,00004C21,"$2,400.00",08-01-2026,07/15/2027,1 year,Yes,Yes,$2400,DPG Properties,Duplex/Town House,University District: Southeast,Above Ground,"Columbus, OH",4,"1 full, 1 half",5,No,Yes,Laundry facilities in the unit,Yes,1,Yes,n/a,n/a,Yes,,No,n/a,n/a,No,No,Central A/C,Yes,Yes,Yes,No,Yes,Yes,,$500,$50,$50,$50,Yes,Yes,Yes,No,No,No,No,David Galbreath,614-360-8400
78 West 10th Avenue Unit A,https://offcampus.osu.edu/search-housing.aspx?property=11154&pricefrom=0&sort=1&alllandlords=0,00002B92,"$2,400.00",8/9/2026,7/31/2027,356 Days,No,Yes,$2400,Pella Company,Apartment,University District: Southwest,Ground Level,"Columbus, OH",3,"1 full, 0 half",4,No,No,None,Yes,2,Yes,n/a,$100,Yes,No,No,n/a,n/a,No,No,Central A/C,Yes,Yes,Yes,No,No,No,,$0,$0,$0,$0,No,No,No,No,No,No,No,,
"2490 N High StApt-100Columbus, OH 43202",https://offcampus.osu.edu/search-housing.aspx?property=22033&pricefrom=0&sort=1&alllandlords=0,00005611,"$2,450.00",07-01-2026,07-31-2027,12 months,Yes,Yes,$2450,Verge Developments LLC,Duplex/Town House,University District: Northeast,Above Ground,"Columbus, OH",2,"3 full, 0 half",5,Yes,No,Laundry facilities in the unit,Yes,2,Yes,n/a,n/a,Yes,,Yes,n/a,n/a,No,No,Central A/C,Yes,Yes,Yes,No,No,Yes,"Key Amenities:
Multiple full bathrooms (one for each bedroom plus an additional guest bath).
Open-concept living spaces with contemporary design elements.
Proximity to University District retail, dining, and nightlife. 
2 cars garage",$0,$30,$40,$30,Yes,Yes,Yes,Yes,No,No,No,Vic Chen,614-843-7333
"75 S. High StDublin, OH 43017",https://offcampus.osu.edu/search-housing.aspx?property=12667&pricefrom=0&sort=1&alllandlords=0,0000317B,"$2,450.00",1/1/2026,7/15/2027,1 year,No,Yes,$2450,DPG Properties,House,University District: Northeast,Above Ground,"Columbus, OH",4,"1 full, 0 half",6,No,Yes,Laundry facilities in the unit,No,0,No,n/a,n/a,No,No,No,n/a,n/a,No,Yes,Central A/C,Yes,Yes,Yes,No,Yes,Yes,,$500,$50,$50,$50,No,No,No,No,No,No,No,David Galbreath,614-360-8400
250 Chittenden Avenue Unit-4 TH,https://offcampus.osu.edu/search-housing.aspx?property=20562&pricefrom=0&sort=1&alllandlords=0,00005052,"$2,475.00",08/01/2026,07/01/2027,12 months,No,Yes,$99,Peak Property Group,Duplex/Town House,University District: Central,Above Ground,"Columbus, OH",4,"2 full, 1 half",5,No,No,Laundry facilities in the unit,Yes,3,Yes,$$95/spot; $150/stall,n/a,Yes,,Yes,n/a,n/a,No,No,Central A/C,Yes,Yes,Yes,No,No,No,TO SCHEDULE A SHOWING: 614-360-2020/leasing@peakpropertygroup.com,$250,$35,$35,$35,Yes,Yes,Yes,No,No,No,No,,
"1206 N. 4th StreetColumbus, OH 43201",https://offcampus.osu.edu/search-housing.aspx?property=22048&pricefrom=0&sort=1&alllandlords=0,00005620,"$2,476.00 - $30,000.00",06-07-2026,Any,6-18 Months,No,No,$$99 or Full Month Rent,Grant Commons Apartments,Duplex/Town House,University District: Southeast,Above Ground,"Columbus, OH",4,"3 full, 0 half",4,No,No,Laundry facilities in the unit,Yes,4,Yes,n/a,n/a,Yes,,No,n/a,n/a,No,No,Central A/C,Yes,Yes,Yes,No,No,No,,$300,$50,$50,$50,Yes,Yes,Yes,No,No,No,No,Irelynn Coy,380-800-6934
"1299 Neil AveColumbus, OH 43201",https://offcampus.osu.edu/search-housing.aspx?property=21052&pricefrom=0&sort=1&alllandlords=0,0000523C,"$2,480.00",07-10-2026,08-10-2027,12 months+,No,No,$One month rent,BRE LLC,House,University District: Central,Above Ground,"Columbus, OH",5,"1 full, 1 half",6,No,Yes,Laundry facilities in the building,Yes,5,Yes,n/a,n/a,Yes,,No,n/a,n/a,No,No,Central A/C,Yes,Yes,Yes,No,Yes,Yes,,$0,$0,$0,$0,No,No,No,No,No,No,No,Susan Zhang,614-285-8088
"1546 Neil AveColumbus, OH 43201",https://offcampus.osu.edu/search-housing.aspx?property=9407&pricefrom=0&sort=1&alllandlords=0,000024BF,"$2,495.00",08/10/2026,07/31/2027,12 months,No,No,$$2495,Apollo's Rentals,Duplex/Town House,University District: Northeast,Ground Level,"Columbus, OH",5,"2 full, 0 half",5,No,Yes,Laundry facilities in the building,Yes,2,Yes,n/a,n/a,Yes,No,Yes,n/a,n/a,No,No,Central A/C,Yes,Yes,Yes,No,Yes,No,"Huge house! New hardwood floors, new windows, new carpet, washer and dryer, dishwasher, central air, and off street parking. 2 bathrooms.",$0,$0,$0,$0,No,No,No,No,No,No,No,Ilias Makkas,614-339-9259
190 West 9th  Avenue A-D,https://offcampus.osu.edu/search-housing.aspx?property=20321&pricefrom=0&sort=1&alllandlords=0,00004F61,"$2,495.00",08-17-2026,08-03-2027,12 Months,No,Yes,$2000,"CBus Best Rentals, Jennifer McLaughlin",Apartment,University District: Southwest,Above Ground,"Columbus, OH",4,"2 full, 0 half",4,No,No,Laundry facilities in the unit,Yes,2,Yes,n/a,$185,Yes,,No,n/a,n/a,No,No,Central A/C,Yes,Yes,Yes,No,No,Yes,,$0,$0,$0,$0,No,No,No,No,Yes,No,No,,
248 East 16th Avenue Unit 248,https://offcampus.osu.edu/search-housing.aspx?property=20983&pricefrom=0&sort=1&alllandlords=0,000051F7,"$2,499.00 - $2,601.00",08-19-2026,07-31-2027,12 months,No,No,$2499-2601,Hometeam,Duplex/Town House,University District: Central,Ground Level,"Columbus, OH",3,"2 full, 0 half",3,No,No,Laundry facilities in the unit,Yes,0,No,$Ask us about our pricing,n/a,Yes,,No,n/a,n/a,No,No,Window A/C,Yes,Yes,Yes,No,No,No,,$0,$0,$0,$0,Yes,Yes,Yes,No,No,No,No,,
253 East 16th Avenue Unit 253,https://offcampus.osu.edu/search-housing.aspx?property=21105&pricefrom=0&sort=1&alllandlords=0,00005271,"$2,499.00 - $2,601.00",08-19-2026,07-31-2027,12 months,No,No,$2499-2601,Hometeam,Duplex/Town House,University District: Central,Ground Level,"Columbus, OH",3,"2 full, 0 half",3,No,No,Laundry facilities in the unit,Yes,0,No,$Ask us about our pricing,n/a,Yes,,No,n/a,n/a,No,No,Window A/C,Yes,Yes,Yes,No,No,No,,$0,$0,$0,$0,Yes,Yes,Yes,No,No,No,No,,
1638 North 4th Street,https://offcampus.osu.edu/search-housing.aspx?property=14535&pricefrom=0&sort=1&alllandlords=0,000038C7,"$2,500.00",8/20/2026,7/29/2027,12 Months,No,Yes,$2500,Peak Property Group,House,University District: Central,Above Ground,"Columbus, OH",6,"2 full, 0 half",6,No,Yes,Laundry facilities in the unit,Yes,2,Yes,n/a,n/a,Yes,No,No,n/a,n/a,No,No,Central A/C,Yes,Yes,Yes,No,Yes,Yes,,$250,$35,$35,$35,Yes,Yes,Yes,No,No,No,No,,
100 East 10 Avenue,https://offcampus.osu.edu/search-housing.aspx?property=20548&pricefrom=0&sort=1&alllandlords=0,00005044,"$2,500.00",1/13/2026,7/31/2026,through 7/31/2026,Yes,Yes,$2500,Buckeye Real Estate,Duplex/Town House,University District: Southeast,Above Ground,"Columbus, OH",2,"3 full, 0 half",4,No,No,Laundry facilities in the building,Yes,2,Yes,n/a,n/a,Yes,,Yes,n/a,n/a,No,Yes,Central A/C,Yes,Yes,Yes,No,Yes,Yes,"Brand New Build 2021! Remodeled two/three bedroom townhouse with stainless steel appliances (range, refrigerator, dishwasher, microhood), granite countertops, washer/dryer, central air, and ceiling fans. Unique units feature ATTACHED GARAGE (fits two standard sized vehicles) on the main floor of unit!

Parking information: 2 car garage with two openers included with rent, there is no additional off street parking

View our Leasing Procedure and a copy of our Lease Agreement at BuckeyeRealEstate.com > Future Residents > FAQs/Documents

Available Matterport tour may be from a different, yet similar, unit at the property:
https://my.matterport.com/show/?m=HQ7jUtAtCY8",$250,$0,$0,$0,Yes,Yes,Yes,No,No,No,No,,
2394 Summit St Street,https://offcampus.osu.edu/search-housing.aspx?property=14801&pricefrom=0&sort=1&alllandlords=0,000039D1,"$2,500.00",08/01/2026,7/15/2027,1 year,No,Yes,$2500,DPG Properties,House,University District: Northeast,Above Ground,"Columbus, OH",5,"1 full, 0 half",5,No,Yes,Laundry facilities in the building,Yes,4,Yes,n/a,n/a,Yes,No,No,n/a,n/a,No,Yes,Central A/C,Yes,Yes,Yes,No,Yes,Yes,,$500,$50,$50,$50,Yes,Yes,Yes,No,No,No,No,,
48 West Patterson Avenue,https://offcampus.osu.edu/search-housing.aspx?property=10127&pricefrom=0&sort=1&alllandlords=0,0000278F,"$2,500.00",08-01-2026,07-30-2027,12 mo,No,No,$2500,S&G Properties,Half Double,University District: Northwest,Above Ground,"Columbus, OH",4,"1 full, 0 half",4,No,Yes,Laundry facilities in the unit,Yes,4,Yes,n/a,n/a,Yes,No,No,n/a,n/a,No,No,Central A/C,Yes,Yes,Yes,No,Yes,Yes,"Call Text 614-395-2576
Gigantic remodeled half double.  this is very nice with new kitchen, bath, windows and TONS of free parking.
Full Basement with Laundry",$0,$0,$0,$0,No,No,No,No,No,No,No,,
375 East Sixteenth Avenue,https://offcampus.osu.edu/search-housing.aspx?property=16210&pricefrom=0&sort=1&alllandlords=0,00003F52,"$2,500.00",08-15-2026,07-31-2027,1 year,No,Yes,$2500,"SoGate Properties, LLC",Duplex/Town House,University District: Central,Above Ground,"Columbus, OH",5,"2 full, 0 half",5,No,Yes,Laundry facilities in the unit,Yes,2,Yes,n/a,n/a,Yes,,No,n/a,n/a,No,No,Central A/C,Yes,Yes,Yes,No,Yes,Yes,"Nice unit with hardwood floors, replacement windows, new furnace and AC and nice finishes include 2"" blinds in all windows.  Has a washer/dryer on first floor.  Good off-street parking.",$100,$0,$0,$0,Yes,No,Yes,No,No,No,No,,
"PO Box 12788Columbus, OH 43212",https://offcampus.osu.edu/search-housing.aspx?property=21882&pricefrom=0&sort=1&alllandlords=0,0000557A,"$2,565.00",8/4/2026,7/19/2027,12 months,No,Yes,$2565,Peak Property Group,House,University District: Northeast,Ground Level,"Columbus, OH",5,"2 full, 0 half",6,No,No,Laundry facilities in the unit,Yes,3,Yes,n/a,n/a,Yes,,No,n/a,n/a,No,No,Central A/C,Yes,Yes,Yes,No,Yes,Yes,,$250,$35,$35,$35,Yes,Yes,Yes,No,No,No,No,Chelsie Flores,614-360-2020
373 East 13th Avenue,https://offcampus.osu.edu/search-housing.aspx?property=20744&pricefrom=0&sort=1&alllandlords=0,00005108,"$2,565.00",08/01/2026,07/01/2027,12 months,No,Yes,$2565,Peak Property Group,Duplex/Town House,University District: Southwest,Above Ground,"Columbus, OH",5,"2 full, 0 half",5,No,Yes,Laundry facilities in the unit,Yes,2,Yes,n/a,n/a,Yes,,No,n/a,n/a,No,No,Central A/C,Yes,Yes,Yes,No,No,Yes,TO SCHEDULE A SHOWING: www.peakpropertygroup.com,$250,$35,$35,$35,Yes,Yes,Yes,No,No,No,No,,
"75 S. High StDublin, OH 43017",https://offcampus.osu.edu/search-housing.aspx?property=12295&pricefrom=0&sort=1&alllandlords=0,00003007,"$2,575.00",08/1/2026,7/15/2027,12 months,No,Yes,$2575,DPG Properties,House,University District: Northeast,Above Ground,"Columbus, OH",5,"1 full, 0 half",5,No,Yes,Laundry facilities in the unit,Yes,2,Yes,n/a,n/a,Yes,No,No,n/a,n/a,No,No,Central A/C,Yes,Yes,Yes,No,Yes,Yes,,$500,$50,$50,$50,Yes,Yes,Yes,No,No,No,No,David Galbreath,614-360-8400
250 Chittenden Avenue Unit- 3 TH,https://offcampus.osu.edu/search-housing.aspx?property=20561&pricefrom=0&sort=1&alllandlords=0,00005051,"$2,595.00",08/01/2026,07/01/2027,12 months,No,Yes,$99,Peak Property Group,Duplex/Town House,University District: Central,Above Ground,"Columbus, OH",3,"2 full, 1 half",4,No,No,Laundry facilities in the unit,Yes,3,Yes,$$95/spot; $150/stall,n/a,Yes,,Yes,n/a,n/a,No,No,Central A/C,Yes,Yes,Yes,No,No,No,TO SCHEDULE A SHOWING: 614-360-2020/leasing@peakpropertygroup.com,$250,$35,$35,$35,Yes,Yes,Yes,No,No,No,No,,
113 East Oakland Avenue,https://offcampus.osu.edu/search-housing.aspx?property=14890&pricefrom=0&sort=1&alllandlords=0,00003A2A,"$2,650.00",8/01/2026,7/15/2027,1 Year,No,Yes,$2650,DPG Properties,House,University District: Northwest,Above Ground,"Columbus, OH",4,"1 full, 1 half",6,No,Yes,Laundry facilities in the unit,Yes,0,Yes,n/a,n/a,Yes,No,No,n/a,n/a,No,Yes,Central A/C,No,Yes,Yes,No,Yes,Yes,,$$500,$50,$50,$50,Yes,Yes,Yes,No,No,No,No,,
212 West Norwich Avenue Unit 212,https://offcampus.osu.edu/search-housing.aspx?property=12550&pricefrom=0&sort=1&alllandlords=0,00003106,"$2,700.00",08-19-2026,07-31-2027,12 months,No,No,$2700,Hometeam,Duplex/Town House,University District: Northwest,Above Ground,"Columbus, OH",6,"2 full, 0 half",6,No,No,Laundry facilities in the building,Yes,4,Yes,$Ask us about our pricing,n/a,No,No,No,n/a,n/a,No,No,Central A/C,Yes,Yes,Yes,No,No,Yes,,$0,$0,$0,$0,Yes,Yes,Yes,No,No,No,No,,
"75 S. High StDublin, OH 43017",https://offcampus.osu.edu/search-housing.aspx?property=13391&pricefrom=0&sort=1&alllandlords=0,0000344F,"$2,700.00",8/1/2026,7/15/2027,1 year,No,Yes,$2700,DPG Properties,House,University District: Northeast,Above Ground,"Columbus, OH",5,"2 full, 0 half",5,No,Yes,Laundry facilities in the unit,Yes,5,Yes,n/a,n/a,Yes,No,No,n/a,n/a,No,Yes,Central A/C,Yes,Yes,Yes,No,Yes,Yes,We have plenty of well maintained homes with 1-6 Bedrooms.  Text 614-360-8400 to schedule a showing! www.dgpproperties.net,$500,$50,$50,$50,Yes,Yes,Yes,No,No,No,No,David Galbreath,614-360-8400
114 East Norwich Avenue Unit-C,https://offcampus.osu.edu/search-housing.aspx?property=16865&pricefrom=0&sort=1&alllandlords=0,000041E1,"$2,700.00",08/09/2026,07/31/2027,12 months,No,Yes,$2700,Pella Company,Duplex/Town House,University District: Northeast,Above Ground,"Columbus, OH",4,"1 full, 1 half",5,No,No,Laundry facilities in the unit,Yes,2,Yes,n/a,$100,Yes,,No,n/a,n/a,No,No,Central A/C,Yes,Yes,Yes,No,No,No,,$0,$0,$0,$0,No,No,No,No,No,No,No,,
366 East 13th Avenue,https://offcampus.osu.edu/search-housing.aspx?property=14614&pricefrom=0&sort=1&alllandlords=0,00003916,"$2,800.00",8/01/26,7/15/27,11 1/2  month lease,No,No,$2800,Schubert Properties,House,University District: Northeast,Above Ground,"Columbus, OH",4,"1 full, 3 half",5,No,Yes,Laundry facilities in the unit,Yes,8,Yes,n/a,n/a,Yes,No,No,n/a,n/a,No,No,Central A/C,Yes,Yes,Yes,No,Yes,Yes,,$200,$50,$50,$50,Yes,Yes,Yes,No,No,No,No,,
372 East 13th Avenue,https://offcampus.osu.edu/search-housing.aspx?property=11476&pricefrom=0&sort=1&alllandlords=0,00002CD4,"$2,800.00",08/01/2026,7/15/2027,11 1/2  month lease,No,No,$2800,Schubert Properties,House,University District: Central,Ground Level,"Columbus, OH",4,"2 full, 0 half",5,No,Yes,Laundry facilities in the unit,Yes,8,Yes,n/a,n/a,Yes,No,No,n/a,n/a,No,No,Central A/C,Yes,Yes,Yes,Yes,Yes,Yes,free washer/dryer,$200.00,$50,$50,$50,Yes,Yes,Yes,No,No,No,No,,
249 West Norwich Avenue,https://offcampus.osu.edu/search-housing.aspx?property=15222&pricefrom=0&sort=1&alllandlords=0,00003B76,"$2,800.00",08/09/2026,07/31/2027,356 days,No,Yes,$2800,Pella Company,Duplex/Town House,University District: Northwest,Ground Level,"Columbus, OH",4,"2 full, 0 half",5,No,No,Laundry facilities in the building,Yes,2,Yes,n/a,n/a,Yes,No,No,n/a,n/a,No,No,Central A/C,Yes,Yes,Yes,No,No,No,,$0,$0,$0,$0,No,No,No,No,No,No,No,,
"15 E. Lane AveColumbus, OH 43201",https://offcampus.osu.edu/search-housing.aspx?property=22016&pricefrom=0&sort=1&alllandlords=0&sublet=true,00005600,"$2,700.00",5/1/2026,7/30/2026,11.5 months,No,Yes,$500,Wilson Place,Apartment,University District: Northeast,Above Ground,"Columbus, OH",2,"2 full, 0 half",2,No,No,Laundry facilities in the unit,Yes,1,No,n/a,n/a,No,,Yes,$$125-300,n/a,Yes,No,Central A/C,Yes,Yes,Yes,Yes,No,No,,$0,$250,$50,$50,Yes,Yes,Yes,No,No,No,No,Jackie Storer,614-591-7009
"15 E. Lane AveColumbus, OH 43201",https://offcampus.osu.edu/search-housing.aspx?property=20865&pricefrom=0&sort=1&alllandlords=0&sublet=true,00005181,"$1,300.00",8/17/2025,7/31/2026,11.5 months,No,Yes,$2900,Wilson Place,Apartment,University District: Northeast,Above Ground,"Columbus, OH",2,"2 full, 0 half",2,Yes,No,Laundry facilities in the unit,Yes,1,No,n/a,n/a,No,,Yes,$125-300,n/a,Yes,No,Central A/C,Yes,Yes,Yes,Yes,No,No,,$250,$50,$50,$50,Yes,Yes,Yes,No,No,No,No,Jackie Storer,614-591-7009
"15 E. Lane AveColumbus, OH 43201",https://offcampus.osu.edu/search-housing.aspx?property=20865&pricefrom=0&sort=1&alllandlords=0,00005181,"$2,900.00",08-19-2026,07-31-2027,11.5 months,No,Yes,$2900,Wilson Place,Apartment,University District: Northeast,Above Ground,"Columbus, OH",2,"2 full, 0 half",2,Yes,No,Laundry facilities in the unit,Yes,1,No,n/a,n/a,No,,Yes,$125-300,n/a,Yes,No,Central A/C,Yes,Yes,Yes,Yes,No,No,,$250,$50,$50,$50,Yes,Yes,Yes,No,No,No,No,Jackie Storer,614-591-7009
230 East 15th Avenue Unit C,https://offcampus.osu.edu/search-housing.aspx?property=16787&pricefrom=0&sort=1&alllandlords=0,00004193,"$2,900.00",08/09/2026,07/31/2027,11.5 Months,No,Yes,$2900,Pella Company,Apartment,University District: Central,Above Ground,"Columbus, OH",4,"2 full, 0 half",5,No,No,Laundry facilities in the unit,Yes,2,Yes,n/a,$100,Yes,,No,n/a,n/a,No,No,Central A/C,Yes,Yes,Yes,No,No,No,,$ 0,$0,$0,$0,No,No,No,No,No,No,No,,
50 West Northwood  Avenue Unit C,https://offcampus.osu.edu/search-housing.aspx?property=15221&pricefrom=0&sort=1&alllandlords=0,00003B75,"$2,900.00",8/9/2026,7/31/2027,356 Days,No,Yes,$2900,Pella Company,Apartment,University District: Northwest,Ground Level,"Columbus, OH",4,"1 full, 1 half",5,No,No,Laundry facilities in the unit,Yes,2,Yes,n/a,$100,Yes,No,No,n/a,n/a,No,No,Central A/C,Yes,Yes,Yes,No,No,No,,$0,$0,$0,$0,No,No,No,No,No,No,No,,
50 West Northwood Avenue Unit A,https://offcampus.osu.edu/search-housing.aspx?property=11140&pricefrom=0&sort=1&alllandlords=0,00002B84,"$2,900.00",08/09/2026,07/31/2027,356 Days,No,Yes,$2900,Pella Company,Apartment,University District: Northwest,Ground Level,"Columbus, OH",4,"1 full, 1 half",5,No,No,Laundry facilities in the unit,Yes,2,Yes,n/a,$100,Yes,No,No,n/a,n/a,No,No,Central A/C,Yes,Yes,Yes,No,No,No,,$0,$0,$0,$0,No,No,No,No,No,No,No,,
58 West Patterson Avenue,https://offcampus.osu.edu/search-housing.aspx?property=10371&pricefrom=0&sort=1&alllandlords=0,00002883,"$2,900.00",08-01-2026,07-30-2027,12 month,No,Yes,$2900,S&G Properties,Half Double,University District: Northwest,Ground Level,"Columbus, OH",4,"1 full, 0 half",5,No,Yes,Laundry facilities in the unit,Yes,4,Yes,n/a,n/a,Yes,No,No,n/a,n/a,No,No,Central A/C,Yes,Yes,Yes,No,Yes,Yes,new kitchen. new bath. new windows. mini blinds. 2 bathrooms. Some hardwood floors.  Huge apartment.  New windows.  Great porch and neighborhood.,$0,$0,$0,$0,No,No,No,No,No,No,No,,
"No Local OfficeColumbus, OH 43201",https://offcampus.osu.edu/search-housing.aspx?property=18865&pricefrom=0&sort=1&alllandlords=0,000049B1,"$2,950.00",08-15-2026,07-25-2027,11.5 Months,No,Yes,$One Month's Rent,"OSU Properties, George Kanellopoulos",House,University District: Northwest,Ground Level,"Columbus, OH",5,"2 full, 1 half",7,No,Yes,Laundry facilities in the unit,Yes,9,Yes,n/a,n/a,Yes,,Yes,n/a,n/a,No,No,Central A/C,Yes,Yes,Yes,No,Yes,Yes,"For full listing details, including a floor plan and extensive pictures, see our website below:

https://osuproperties.com/propview.asp?cat=fivebed#171-west-patterson",$0,$0,$0,$0,No,No,No,No,Yes,No,No,Alek Kanellopoulos,614-546-9760
"75 S. High StDublin, OH 43017",https://offcampus.osu.edu/search-housing.aspx?property=8300&pricefrom=0&sort=1&alllandlords=0,0000206C,"$3,000.00",08/01/2026,7/25/2027,12 months,No,Yes,$3000,DPG Properties,House,University District: Central,Above Ground,"Columbus, OH",6,"2 full, 0 half",12,No,Yes,Laundry facilities in the building,Yes,6,Yes,n/a,n/a,Yes,No,No,n/a,n/a,No,Yes,Central A/C,Yes,Yes,Yes,No,Yes,Yes,"Washer, dryer, central air conditioning, newer windows, rear parking lot",$500,$50,$50,$0,Yes,Yes,Yes,No,No,No,No,David Galbreath,614-360-8400
94 East 18th Avenue Unit A,https://offcampus.osu.edu/search-housing.aspx?property=15476&pricefrom=0&sort=1&alllandlords=0,00003C74,"$3,000.00",08-19-2026,07-31-2027,12 months,No,No,$3000,Hometeam,Duplex/Town House,University District: Central,Above Ground,"Columbus, OH",4,"2 full, 0 half",4,No,No,Laundry facilities in the unit,Yes,2,Yes,$Ask us about our pricing,n/a,Yes,No,No,n/a,n/a,No,No,Central A/C,Yes,Yes,Yes,No,No,No,,$0,$0,$0,$0,Yes,Yes,Yes,No,No,No,No,,
149 West 10th Avenue Unit 149,https://offcampus.osu.edu/search-housing.aspx?property=6874&pricefrom=0&sort=1&alllandlords=0,00001ADA,"$3,000.00",08-19-2026,07-31-2027,12 months,No,No,$3000,Hometeam,Duplex/Town House,University District: Southwest,Ground Level,"Columbus, OH",8,"2 full, 0 half",8,No,Yes,Laundry facilities in the unit,Yes,0,No,$Ask us about our pricing,n/a,Yes,Yes,No,n/a,n/a,No,No,Central A/C,Yes,Yes,Yes,No,No,Yes,"Hardwood flooring
Washer/dryer in unit",$0,$0,$0,$0,Yes,Yes,Yes,No,No,No,No,,
"15 E. Lane AveColumbus, OH 43201",https://offcampus.osu.edu/search-housing.aspx?property=20866&pricefrom=0&sort=1&alllandlords=0,00005182,"$3,000.00",08-19-2026,07-31-2027,11.5 months,No,Yes,$3000,Wilson Place,Apartment,University District: Northeast,Above Ground,"Columbus, OH",2,"2 full, 0 half",2,Yes,No,Laundry facilities in the unit,Yes,1,No,n/a,n/a,No,,Yes,$125-300,n/a,Yes,No,Central A/C,Yes,Yes,Yes,Yes,No,No,,$250,$50,$50,$50,Yes,Yes,Yes,No,No,No,No,Jackie Storer,614-591-7009
2111 Indiana Avenue,https://offcampus.osu.edu/search-housing.aspx?property=11773&pricefrom=0&sort=1&alllandlords=0,00002DFD,"$3,125.00",8/15/2026,7/31/2027,1 Year,No,No,$3125,Ohio State Property Management,Half Double,University District: Northeast,Above Ground,"Columbus, OH",5,"2 full, 0 half",5,No,Yes,Laundry facilities in the unit,No,0,No,n/a,n/a,No,No,No,n/a,n/a,No,No,Central A/C,Yes,Yes,Yes,Yes,Yes,Yes,,$0,$0,$0,$0,No,No,No,No,No,No,No,,
1760 North Fourth Street,https://offcampus.osu.edu/search-housing.aspx?property=11771&pricefrom=0&sort=1&alllandlords=0,00002DFB,"$3,125.00",08-15-2026,07-31-2027,1 Year,No,No,$3125,Ohio State Property Management,House,University District: Central,Above Ground,"Columbus, OH",6,"2 full, 0 half",6,No,Yes,Laundry facilities in the unit,Yes,6,Yes,n/a,n/a,Yes,No,No,n/a,n/a,No,No,Central A/C,Yes,Yes,Yes,Yes,Yes,Yes,,$0,$0,$0,$0,No,No,No,No,No,No,No,,
95 East Patterson Avenue,https://offcampus.osu.edu/search-housing.aspx?property=20336&pricefrom=0&sort=1&alllandlords=0,00004F70,"$3,125.00",08-15,07-31,1 year,No,No,$3125,Ohio State Property Management,Half Double,University District: Northeast,Above Ground,"Columbus, OH",5,"2 full, 0 half",5,No,Yes,Laundry facilities in the unit,Yes,4,Yes,n/a,n/a,Yes,,No,n/a,n/a,No,No,Central A/C,Yes,Yes,Yes,Yes,Yes,Yes,,$NA,$0,$0,$0,No,No,No,No,No,No,No,,
"162 Detroit AvenueP O Box 10038Columbus, OH 43201",https://offcampus.osu.edu/search-housing.aspx?property=21819&pricefrom=0&sort=1&alllandlords=0,0000553B,"$3,250.00",05-01-2026,04-30-2027,Flexible,No,No,$3250,Andrew Klein,House,Outside University District: Italian Village,Above Ground,"Columbus, OH",2,"2 full, 1 half",2,No,No,Laundry facilities in the unit,Yes,3,Yes,n/a,n/a,Yes,,No,n/a,n/a,No,No,Central A/C,Yes,Yes,Yes,No,Yes,Yes,,$350,$0,$0,$0,Yes,Yes,Yes,Yes,Yes,No,No,Andrew Klein,614-299-6139
"765 Parsons AvenueColumbus, OH 43206",https://offcampus.osu.edu/search-housing.aspx?property=19780&pricefrom=0&sort=1&alllandlords=0,00004D44,"$3,300.00",08-06-2026,7/31/2027,12 Months,No,No,"$3,300",Trusted Companies,Duplex/Town House,University District: Southeast,Above Ground,"Columbus, OH",6,"2 full, 0 half",6,No,Yes,Laundry facilities in the unit,Yes,4,Yes,n/a,n/a,Yes,,No,n/a,n/a,No,No,Central A/C,Yes,Yes,Yes,No,Yes,No,"*Walkthroughs Now* LARGE 6 Bedroom 2 bath unit available for the 2026 school year! PERFECT LOCATION for south campus college student or those looking to live VERY close to downtown and the short north.

Address is 1515 Summit St. It's a large 6 bedroom house with 3 stories. The entire ground floor is open shared space with high loft ceilings. 
The 2nd and 3rd stories are large bedrooms, 3 of which have skylights.
- 6 bed, 2 bath
- First 2 floors have central Air (AC) and central heating.
- 3 bedrooms on the 3rd floor come with window AC units and brand new in-wall heaters for individual climate control
- Pets allowed (pet fee will be assessed)
- Large backyard for gatherings, cookouts, etc.
- Washer, dryer, and dishwasher included
- Easy access to campus/Ohio Union, the short north and highways (71 and 670)
- 4 dedicated parking spots in back and there's always free open parking out front
- 2 big communal rooms on main floor
- Huge kitchen with 2 refrigerators and a breakfast bar
- Walking distance to many bars and restaurants


Email me to set up a showing! reece@trusted-co.com",$0,$25,$25,$25,Yes,Yes,Yes,Yes,No,No,No,Reece Iovine,614-656-3572
"No Local OfficeColumbus, OH 43201",https://offcampus.osu.edu/search-housing.aspx?property=9482&pricefrom=0&sort=1&alllandlords=0,0000250A,"$3,300.00",08-15-2026,07-25-2027,11.5 Months,No,Yes,$One Month's Rent,"OSU Properties, George Kanellopoulos",Duplex/Town House,University District: Central,Ground Level,"Columbus, OH",6,"2 full, 1 half",9,No,Yes,Laundry facilities in the unit,Yes,5,Yes,n/a,$250,Yes,No,No,n/a,n/a,No,No,Central A/C,Yes,Yes,Yes,No,No,Yes,"ALL UTILITIES INCLUDED with Monthly Rent

For full listing details, including a floor plan and extensive pictures, see our website below:

https://osuproperties.com/propview.asp?cat=sixbed#1843-1847-north-4th-sixbed",$0,$0,$0,$0,No,No,No,No,Yes,Yes,Yes,Alek Kanellopoulos,614-546-9760
"No Local OfficeColumbus, OH 43201",https://offcampus.osu.edu/search-housing.aspx?property=9534&pricefrom=0&sort=1&alllandlords=0,0000253E,"$3,300.00",08-15-2026,07-25-2027,11.5 Months,No,Yes,$One Month's Rent,"OSU Properties, George Kanellopoulos",Duplex/Town House,University District: Central,Ground Level,"Columbus, OH",6,"2 full, 1 half",9,No,Yes,Laundry facilities in the unit,Yes,5,Yes,n/a,$250,Yes,No,No,n/a,n/a,No,No,Central A/C,Yes,Yes,Yes,No,No,Yes,"ALL UTILITIES INCLUDED with Monthly Rent

For full listing details, including a floor plan and extensive pictures, see our website below:

https://osuproperties.com/propview.asp?cat=sixbed#1843-1847-north-4th-sixbed",$0,$0,$0,$0,No,No,No,No,Yes,Yes,Yes,Alek Kanellopoulos,614-546-9760
251 East 16th Avenue Unit 251,https://offcampus.osu.edu/search-housing.aspx?property=20982&pricefrom=0&sort=1&alllandlords=0,000051F6,"$3,300.00",08-19-2026,07-31-2027,12 months,No,No,$3300,Hometeam,Duplex/Town House,University District: Central,Ground Level,"Columbus, OH",4,"3 full, 0 half",4,No,No,Laundry facilities in the unit,Yes,0,No,$Ask us about our pricing,n/a,Yes,,No,n/a,n/a,No,No,Window A/C,Yes,Yes,Yes,No,No,No,,$0,$0,$0,$0,Yes,Yes,Yes,No,No,No,No,,
405 East 15th Avenue,https://offcampus.osu.edu/search-housing.aspx?property=12951&pricefrom=0&sort=1&alllandlords=0,00003297,"$3,304.00",08-19-2026,07-31-2027,12 months,No,No,$3304,Hometeam,House,University District: Central,Ground Level,"Columbus, OH",8,"2 full, 0 half",8,No,Yes,Laundry Hookup,Yes,0,Yes,$Ask us about our pricing,n/a,Yes,No,No,n/a,n/a,No,No,Central A/C,Yes,Yes,Yes,No,Yes,Yes,,$0,$0,$0,$0,Yes,Yes,Yes,No,No,No,No,,
151 East Chittenden Avenue Unit 151,https://offcampus.osu.edu/search-housing.aspx?property=11589&pricefrom=0&sort=1&alllandlords=0,00002D45,"$3,360.00",08-19-2026,07-31-2027,12 months,No,No,$3360,Hometeam,Duplex/Town House,University District: Southeast,Ground Level,"Columbus, OH",7,"3 full, 0 half",7,No,Yes,Laundry Hookup,Yes,0,No,$Ask us about our pricing,n/a,Yes,No,No,n/a,n/a,No,No,Central A/C,Yes,Yes,Yes,No,Yes,No,,$0,$0,$0,$0,Yes,Yes,Yes,No,No,No,No,,
"2244 Neil AvenueColumbus, OH 43201",https://offcampus.osu.edu/search-housing.aspx?property=21588&pricefrom=0&sort=1&alllandlords=0,00005454,"$3,500.00",08-15-2026,7/31/2027,11.5 months,No,Yes,$3500,"Kohr Royer Griffith, Inc.",House,University District: Northeast,Ground Level,"Columbus, OH",6,"2 full, 0 half",7,No,Yes,Laundry facilities in the building,Yes,4,Yes,n/a,n/a,Yes,,No,n/a,n/a,No,No,Central A/C,No,Yes,Yes,No,No,Yes,,$0,$0,$0,$0,No,No,No,No,No,No,No,Pat Steane,614-291-8000
"PO Box 12788Columbus, OH 43212",https://offcampus.osu.edu/search-housing.aspx?property=21990&pricefrom=0&sort=1&alllandlords=0,000055E6,"$3,545.00",2/10/2026,07-20-2026,7 Months,Yes,No,$3545,Peak Property Group,House,University District: Southwest,Ground Level,"Columbus, OH",7,"2 full, 0 half",7,No,Yes,Laundry facilities in the unit,Yes,0,Yes,n/a,n/a,No,,No,n/a,n/a,No,No,Central A/C,Yes,Yes,Yes,No,Yes,Yes,,$250,$35,$35,$35,Yes,Yes,Yes,No,No,No,No,Chelsie Flores,614-360-2020
202 West 8th Avenue,https://offcampus.osu.edu/search-housing.aspx?property=18944&pricefrom=0&sort=1&alllandlords=0,00004A00,"$3,545.00",08/04/2026,07/19/2027,12 months,No,Yes,$3545,Peak Property Group,House,University District: Southwest,Above Ground,"Columbus, OH",7,"2 full, 0 half",8,No,Yes,Laundry facilities in the unit,Yes,5,Yes,n/a,n/a,Yes,,No,n/a,n/a,No,No,Central A/C,Yes,Yes,Yes,No,No,No,TO SCHEDULE A SHOWING: www.peakpropertygroup.com,$250,$35,$35,$35,Yes,Yes,Yes,No,No,No,No,,
"No Local OfficeColumbus, OH 43201",https://offcampus.osu.edu/search-housing.aspx?property=7122&pricefrom=0&sort=1&alllandlords=0,00001BD2,"$3,600.00",08-15-2026,07-25-2027,11.5 Months,No,Yes,$One Month's Rent,"OSU Properties, George Kanellopoulos",Half Double,University District: Central,Above Ground,"Columbus, OH",6,"2 full, 1 half",8,No,Yes,Laundry facilities in the unit,Yes,5,Yes,n/a,$250,Yes,No,No,n/a,n/a,No,No,Central A/C,Yes,Yes,Yes,No,Yes,Yes,"For full listing details, including a floor plan and extensive pictures, see our website below:

https://osuproperties.com/propview.asp?cat=sixbed#284-286-east-14th",$0,$0,$0,$0,No,No,No,No,Yes,No,No,Alek Kanellopoulos,614-546-9760
"No Local OfficeColumbus, OH 43201",https://offcampus.osu.edu/search-housing.aspx?property=9530&pricefrom=0&sort=1&alllandlords=0,0000253A,"$3,600.00",08-15-2026,07-25-2027,11.5 Months,No,Yes,$One Month's Rent,"OSU Properties, George Kanellopoulos",Duplex/Town House,University District: Southeast,Ground Level,"Columbus, OH",6,"2 full, 0 half",9,No,Yes,Laundry facilities in the unit,Yes,4,Yes,n/a,$250,Yes,No,No,n/a,n/a,No,No,Central A/C,Yes,Yes,Yes,No,No,Yes,"For full listing details, including a floor plan and extensive pictures, see our website below:

https://osuproperties.com/propview.asp?cat=sevenbed#113-115-chittenden-sevenbed",$0,$0,$0,$0,No,No,No,No,Yes,No,No,Alek Kanellopoulos,614-546-9760
"15 E. Lane AveColumbus, OH 43201",https://offcampus.osu.edu/search-housing.aspx?property=20870&pricefrom=0&sort=1&alllandlords=0,00005186,"$3,600.00 - $4,200.00",08-19-2026,07-31-2027,11.5 months,No,Yes,$750-4200,Wilson Place,Apartment,University District: Northeast,Above Ground,"Columbus, OH",3,"3 full, 0 half",3,Yes,No,Laundry facilities in the unit,Yes,1,No,n/a,n/a,No,,Yes,$125-300,n/a,Yes,No,Central A/C,Yes,Yes,Yes,Yes,No,No,,$250,$50,$50,$50,Yes,Yes,Yes,No,No,No,No,Jackie Storer,614-591-7009
227 East Northwood Avenue,https://offcampus.osu.edu/search-housing.aspx?property=14552&pricefrom=0&sort=1&alllandlords=0,000038D8,"$3,895.00",8/13/2026,7/26/2027,12 months,No,Yes,$3895,Peak Property Group,House,University District: Northeast,Above Ground,"Columbus, OH",6,"2 full, 0 half",7,No,Yes,Laundry facilities in the building,Yes,0,No,n/a,n/a,Yes,No,No,n/a,n/a,No,No,Central A/C,Yes,Yes,Yes,No,Yes,Yes,TO SCHEDULE A SHOWING: www.peakpropertygroup.com,$250,$35,$35,$35,Yes,Yes,Yes,No,No,No,No,,
288 East 16th Avenue Unit 288,https://offcampus.osu.edu/search-housing.aspx?property=11047&pricefrom=0&sort=1&alllandlords=0,00002B27,"$3,900.00",08-19-2026,07-31-2027,12 months,No,No,$3900,Hometeam,Half Double,University District: Central,Ground Level,"Columbus, OH",6,"2 full, 0 half",6,No,Yes,Laundry Hookup,No,6,No,$Ask us about our pricing,n/a,No,No,No,n/a,n/a,No,No,Central A/C,No,No,No,No,No,Yes,,$0,$0,$0,$0,Yes,Yes,Yes,No,No,No,No,,
"15 E. Lane AveColumbus, OH 43201",https://offcampus.osu.edu/search-housing.aspx?property=21289&pricefrom=0&sort=1&alllandlords=0,00005329,"$3,900.00",08-19-2026,07-31-2027,11.5 months,No,Yes,$750-3000,Wilson Place,Apartment,University District: Northeast,Above Ground,"Columbus, OH",3,"2 full, 0 half",3,Yes,No,Laundry facilities in the unit,Yes,1,No,n/a,n/a,No,,Yes,$125-300,n/a,Yes,No,Central A/C,Yes,Yes,Yes,Yes,No,No,,$250,$50,$50,$50,Yes,Yes,Yes,No,No,No,No,Jackie Storer,614-591-7009
"15 E. Lane AveColumbus, OH 43201",https://offcampus.osu.edu/search-housing.aspx?property=21361&pricefrom=0&sort=1&alllandlords=0,00005371,"$3,900.00",08-19-2026,07-31-2027,11.5 months,No,Yes,$750-3900,Wilson Place,Apartment,University District: Northeast,Above Ground,"Columbus, OH",3,"2 full, 0 half",3,Yes,No,Laundry facilities in the unit,Yes,1,No,n/a,n/a,No,,Yes,$125-300,n/a,Yes,No,Central A/C,Yes,Yes,Yes,Yes,No,No,,$250,$50,$50,$50,Yes,Yes,Yes,No,No,No,No,Jackie Storer,614-591-7009
2062 North Fourth Street,https://offcampus.osu.edu/search-housing.aspx?property=10626&pricefrom=0&sort=1&alllandlords=0,00002982,"$3,900.00",8/1/26,7/15/27,11 1/2  month lease,No,No,"$3,900",Schubert Properties,House,University District: Northeast,Above Ground,"Columbus, OH",6,"3 full, 0 half",7,No,Yes,Laundry facilities in the unit,Yes,8,No,n/a,n/a,Yes,No,No,n/a,n/a,No,No,Central A/C,Yes,Yes,Yes,No,Yes,Yes,,$200,$50,$50,$50,Yes,Yes,Yes,No,No,No,No,,
"545 Metro Place South Suite 100Dublin, OH 43017",https://offcampus.osu.edu/search-housing.aspx?property=22012&pricefrom=0&sort=1&alllandlords=0,000055FC,"$3,975.00",08-15-2026,07-31-2027,1 year,Yes,Yes,$3975,Murlin Realty,Duplex/Town House,University District: Central,Above Ground,"Columbus , OH",5,"3 full, 0 half",6,No,Yes,Laundry facilities in the building,Yes,10,Yes,n/a,n/a,Yes,,No,n/a,n/a,No,No,Central A/C,Yes,Yes,Yes,No,Yes,Yes,"Both sides of this large brick double just hitting the market for the fall.  Both 168 and 170 sides are available
Renting for 26/27 school year
Prime central campus location, first block from high st.  walkable to OSU campus
Recently remodeled
Three stories plus basement.  Lots of space for entertaining and gameday festivities
Parking and laundry included.",$0,$0,$0,$0,No,No,No,Yes,No,No,No,Evan Murlin,614-937-4120
284 East 13th Avenue,https://offcampus.osu.edu/search-housing.aspx?property=8417&pricefrom=0&sort=1&alllandlords=0,000020E1,"$4,020.00",08-19-2026,07-31-2027,12 months,No,No,$4020,Hometeam,House,University District: Central,Ground Level,"Columbus, OH",6,"3 full, 0 half",6,No,Yes,Laundry Hookup,Yes,6,Yes,$Ask us about our pricing,n/a,Yes,Yes,No,n/a,n/a,No,No,Central A/C,Yes,Yes,Yes,No,No,Yes,,$0,$0,$0,$0,Yes,Yes,Yes,No,No,No,No,,
299 East 17th Avenue Unit 299,https://offcampus.osu.edu/search-housing.aspx?property=10348&pricefrom=0&sort=1&alllandlords=0,0000286C,"$4,020.00",08-19-2026,07-31-2027,12 months,No,No,$4020,Hometeam,Half Double,University District: Central,Ground Level,"Columbus, OH",7,"4 full, 0 half",7,No,No,None,No,4,No,$Ask us about our pricing,n/a,No,No,No,n/a,n/a,No,No,Central A/C,Yes,Yes,Yes,No,No,No,,$0,$0,$0,$0,Yes,Yes,Yes,No,No,No,No,,
"No Local OfficeColumbus, OH 43201",https://offcampus.osu.edu/search-housing.aspx?property=18866&pricefrom=0&sort=1&alllandlords=0,000049B2,"$4,200.00",08-15-2026,07-25-2027,11.5 Months,No,Yes,$One Month's Rent,"OSU Properties, George Kanellopoulos",House,University District: Northwest,Ground Level,"Columbus, OH",7,"2 full, 0 half",9,No,Yes,Laundry facilities in the unit,Yes,7,Yes,n/a,n/a,Yes,,No,n/a,n/a,No,No,Central A/C,Yes,Yes,Yes,No,Yes,Yes,"For full listing details, including a floor plan and extensive pictures, see our website below:

https://osuproperties.com/propview.asp?cat=sevenbed#183-west-patterson",$0,$0,$0,$0,No,No,No,No,Yes,No,No,Alek Kanellopoulos,614-546-9760
"15 E. Lane AveColumbus, OH 43201",https://offcampus.osu.edu/search-housing.aspx?property=20863&pricefrom=0&sort=1&alllandlords=0,0000517F,"$4,200.00",08-19-2026,07-31-2027,11.5 months,No,Yes,$750-4200,Wilson Place,Apartment,University District: Northeast,Above Ground,"Columbus, OH",3,"3 full, 0 half",3,Yes,No,Laundry facilities in the unit,Yes,1,No,n/a,n/a,No,,Yes,$125-300,n/a,Yes,No,Central A/C,Yes,Yes,Yes,Yes,No,No,,$250,$50,$50,$50,Yes,Yes,Yes,No,No,No,No,Jackie Storer,614-591-7009
"15 E. Lane AveColumbus, OH 43201",https://offcampus.osu.edu/search-housing.aspx?property=20864&pricefrom=0&sort=1&alllandlords=0,00005180,"$4,200.00",08-19-2026,07-31-2027,12 months,No,No,$750-4200,Wilson Place,Apartment,University District: Central,Above Ground,"Columbus, OH",3,"3 full, 0 half",3,Yes,No,Laundry facilities in the unit,Yes,1,No,n/a,n/a,No,,Yes,$125-300,n/a,Yes,No,Central A/C,Yes,Yes,Yes,Yes,No,No,,$250,$50,$50,$50,Yes,Yes,Yes,No,No,No,No,Jackie Storer,614-591-7009
34 East 12th Street,https://offcampus.osu.edu/search-housing.aspx?property=15079&pricefrom=0&sort=1&alllandlords=0,00003AE7,"$4,200.00",8-24-2025,7-26-2026,12 Months,No,Yes,$4200,"Locations, Ltd",House,University District: Southeast,Ground Level,"Columbus, OH",6,"2 full, 1 half",6,No,Yes,Laundry Hookup,Yes,6,Yes,n/a,$475,Yes,No,No,n/a,n/a,No,No,None,Yes,Yes,Yes,No,Yes,No,https://www.osulive.com/listings/detail/008f49b8-ea91-41ab-a436-7bed0227b733,$0,$0,$0,$0,No,No,No,No,No,No,No,,
"No Local OfficeColumbus, OH 43201",https://offcampus.osu.edu/search-housing.aspx?property=9529&pricefrom=0&sort=1&alllandlords=0,00002539,"$4,320.00",08-15-2026,07-25-2027,11.5 Months,No,Yes,$One Month's Rent,"OSU Properties, George Kanellopoulos",House,University District: Northeast,Ground Level,"Columbus, OH",6,"2 full, 0 half",8,No,Yes,Laundry facilities in the unit,Yes,6,Yes,n/a,n/a,Yes,Yes,No,n/a,n/a,No,No,Central A/C,Yes,Yes,Yes,No,Yes,Yes,"For full listing details, including a floor plan and extensive pictures, see our website below:

https://osuproperties.com/propview.asp?cat=sixbed#190-east-northwood",$0,$0,$0,$0,No,No,No,No,Yes,No,No,Alek Kanellopoulos,614-546-9760
"No Local OfficeColumbus, OH 43201",https://offcampus.osu.edu/search-housing.aspx?property=22021&pricefrom=0&sort=1&alllandlords=0,00005605,"$4,320.00",08-15-2026,07-25-2027,11.5 Months,No,Yes,$One Month's Rent,"OSU Properties, George Kanellopoulos",House,University District: Northeast,Ground Level,"Columbus, OH",6,"2 full, 0 half",8,No,Yes,Laundry facilities in the unit,Yes,1,Yes,n/a,n/a,Yes,,Yes,n/a,n/a,No,No,Central A/C,Yes,Yes,Yes,No,Yes,Yes,"For full listing details, including a floor plan and extensive pictures, see our website below:

https://osuproperties.com/propview.asp?cat=sixbed#157-east-oakland",$0,$0,$0,$0,No,No,No,No,Yes,No,No,Alek Kanellopoulos,614-546-9760
39 West 9th Avenue Unit 41,https://offcampus.osu.edu/search-housing.aspx?property=9794&pricefrom=0&sort=1&alllandlords=0,00002642,"$4,500.00",08-19-2026,07-31-2027,12 months,No,No,$4500,Hometeam,Half Double,University District: Southwest,Ground Level,"Columbus, OH",6,"3 full, 0 half",6,No,Yes,Laundry Hookup,Yes,0,Yes,$Ask us about our pricing,n/a,Yes,No,No,n/a,n/a,No,No,None,Yes,Yes,Yes,No,No,Yes,,$0,$0,$0,$0,Yes,Yes,Yes,No,No,No,No,,
156 East 12th Avenue,https://offcampus.osu.edu/search-housing.aspx?property=12553&pricefrom=0&sort=1&alllandlords=0,00003109,"$4,800.00",08-19-2026,07-31-2027,12 months,No,No,$4800,Hometeam,House,University District: Central,Above Ground,"Columbus, OH",8,"3 full, 0 half",6,No,No,Laundry facilities in the unit,Yes,0,Yes,$Ask us about our pricing,n/a,Yes,Yes,No,n/a,n/a,No,Yes,Central A/C,Yes,Yes,Yes,No,No,Yes,,$0,$0,$0,$0,Yes,Yes,Yes,No,No,No,No,,
"500 East Starr AveColumbus, OH 43201",https://offcampus.osu.edu/search-housing.aspx?property=20988&pricefrom=0&sort=1&alllandlords=0,000051FC,"$5,300.00",08-01-2026,07-15-2027,11 1/2 months,No,No,"$5,300",Schubert Properties,House,University District: Central,Above Ground,"Columbus, OH",7,"1 full, 2 half",7,No,Yes,Laundry facilities in the building,Yes,8,Yes,n/a,n/a,Yes,,No,n/a,n/a,No,No,Central A/C,Yes,Yes,Yes,No,Yes,Yes,,$200,$50,$50,$50,Yes,Yes,Yes,No,No,No,No,Tayler Khol,614-324-9104
220 East 15th Avenue,https://offcampus.osu.edu/search-housing.aspx?property=11044&pricefrom=0&sort=1&alllandlords=0,00002B24,"$5,400.00",08-18-2027,07-31-2029,24 months,No,Yes,$$5400,"Wright Legacy Rentals, LLC",House,University District: Central,Above Ground,"Columbus, OH",8,"4 full, 0 half",8,No,Yes,Laundry facilities in the building,Yes,10,Yes,$65 per spot per month,n/a,Yes,No,No,n/a,n/a,No,No,Central A/C,Yes,Yes,Yes,Yes,Yes,Yes,UNIQUE OPPORTUNITY!  EVERYTHING NEWER and UP-TO-DATE.  This Unit rarely comes available.  Huge building with many surprise features.  Right in the heart of Fraternity/Sorority Row.,$0,$0,$0,$0,No,No,No,No,No,No,No,,
